static const unsigned char _tmp_smoother2_inverse_lut_10000_bin[] = {
  0x00, 0x00, 0x00, 0x00, 0xaa, 0x5c, 0xa9, 0x3a, 0xaa, 0x5c, 0x29, 0x3b,
  0xfd, 0x0a, 0x7e, 0x3b, 0xaa, 0x5c, 0xa9, 0x3b, 0xd4, 0xb3, 0xd3, 0x3b,
  0xfd, 0x0a, 0xfe, 0x3b, 0x14, 0x31, 0x14, 0x3c, 0xaa, 0x5c, 0x29, 0x3c,
  0x3f, 0x88, 0x3e, 0x3c, 0xd4, 0xb3, 0x53, 0x3c, 0x69, 0xdf, 0x68, 0x3c,
  0xfd, 0x0a, 0x7e, 0x3c, 0x4a, 0x9b, 0x89, 0x3c, 0x14, 0x31, 0x94, 0x3c,
  0xdf, 0xc6, 0x9e, 0x3c, 0xaa, 0x5c, 0xa9, 0x3c, 0x74, 0xf2, 0xb3, 0x3c,
  0x3f, 0x88, 0xbe, 0x3c, 0x09, 0x1e, 0xc9, 0x3c, 0xd4, 0xb3, 0xd3, 0x3c,
  0x9e, 0x49, 0xde, 0x3c, 0x69, 0xdf, 0xe8, 0x3c, 0x34, 0x75, 0xf3, 0x3c,
  0xfd, 0x0a, 0xfe, 0x3c, 0x64, 0x50, 0x04, 0x3d, 0x4a, 0x9b, 0x09, 0x3d,
  0x2f, 0xe6, 0x0e, 0x3d, 0x14, 0x31, 0x14, 0x3d, 0xfa, 0x7b, 0x19, 0x3d,
  0xdf, 0xc6, 0x1e, 0x3d, 0xc4, 0x11, 0x24, 0x3d, 0xe4, 0x46, 0x29, 0x3d,
  0x4a, 0x5e, 0x2e, 0x3d, 0xd7, 0x5e, 0x33, 0x3d, 0x9c, 0x49, 0x38, 0x3d,
  0x91, 0x1f, 0x3d, 0x3d, 0x9f, 0xe1, 0x41, 0x3d, 0xa0, 0x90, 0x46, 0x3d,
  0x5c, 0x2d, 0x4b, 0x3d, 0x90, 0xb8, 0x4f, 0x3d, 0xec, 0x32, 0x54, 0x3d,
  0x14, 0x9d, 0x58, 0x3d, 0xa7, 0xf7, 0x5c, 0x3d, 0x35, 0x43, 0x61, 0x3d,
  0x47, 0x80, 0x65, 0x3d, 0x5f, 0xaf, 0x69, 0x3d, 0xf7, 0xd0, 0x6d, 0x3d,
  0x83, 0xe5, 0x71, 0x3d, 0x71, 0xed, 0x75, 0x3d, 0x29, 0xe9, 0x79, 0x3d,
  0x0c, 0xd9, 0x7d, 0x3d, 0xbd, 0xde, 0x80, 0x3d, 0x64, 0xcb, 0x82, 0x3d,
  0xa7, 0xb2, 0x84, 0x3d, 0xad, 0x94, 0x86, 0x3d, 0x9e, 0x71, 0x88, 0x3d,
  0x9e, 0x49, 0x8a, 0x3d, 0xcf, 0x1c, 0x8c, 0x3d, 0x53, 0xeb, 0x8d, 0x3d,
  0x4a, 0xb5, 0x8f, 0x3d, 0xd2, 0x7a, 0x91, 0x3d, 0x0a, 0x3c, 0x93, 0x3d,
  0x0d, 0xf9, 0x94, 0x3d, 0xf5, 0xb1, 0x96, 0x3d, 0xde, 0x66, 0x98, 0x3d,
  0xdf, 0x17, 0x9a, 0x3d, 0x10, 0xc5, 0x9b, 0x3d, 0x8a, 0x6e, 0x9d, 0x3d,
  0x60, 0x14, 0x9f, 0x3d, 0xaa, 0xb6, 0xa0, 0x3d, 0x7b, 0x55, 0xa2, 0x3d,
  0xe7, 0xf0, 0xa3, 0x3d, 0x01, 0x89, 0xa5, 0x3d, 0xdb, 0x1d, 0xa7, 0x3d,
  0x88, 0xaf, 0xa8, 0x3d, 0x18, 0x3e, 0xaa, 0x3d, 0x9c, 0xc9, 0xab, 0x3d,
  0x24, 0x52, 0xad, 0x3d, 0xbf, 0xd7, 0xae, 0x3d, 0x7c, 0x5a, 0xb0, 0x3d,
  0x6a, 0xda, 0xb1, 0x3d, 0x97, 0x57, 0xb3, 0x3d, 0x0f, 0xd2, 0xb4, 0x3d,
  0xe1, 0x49, 0xb6, 0x3d, 0x19, 0xbf, 0xb7, 0x3d, 0xc4, 0x31, 0xb9, 0x3d,
  0xee, 0xa1, 0xba, 0x3d, 0xa1, 0x0f, 0xbc, 0x3d, 0xeb, 0x7a, 0xbd, 0x3d,
  0xd4, 0xe3, 0xbe, 0x3d, 0x69, 0x4a, 0xc0, 0x3d, 0xb3, 0xae, 0xc1, 0x3d,
  0xbc, 0x10, 0xc3, 0x3d, 0x8f, 0x70, 0xc4, 0x3d, 0x34, 0xce, 0xc5, 0x3d,
  0xb5, 0x29, 0xc7, 0x3d, 0x1c, 0x83, 0xc8, 0x3d, 0x71, 0xda, 0xc9, 0x3d,
  0xbb, 0x2f, 0xcb, 0x3d, 0x05, 0x83, 0xcc, 0x3d, 0x55, 0xd4, 0xcd, 0x3d,
  0xb4, 0x23, 0xcf, 0x3d, 0x2a, 0x71, 0xd0, 0x3d, 0xbd, 0xbc, 0xd1, 0x3d,
  0x76, 0x06, 0xd3, 0x3d, 0x5b, 0x4e, 0xd4, 0x3d, 0x73, 0x94, 0xd5, 0x3d,
  0xc5, 0xd8, 0xd6, 0x3d, 0x58, 0x1b, 0xd8, 0x3d, 0x32, 0x5c, 0xd9, 0x3d,
  0x5a, 0x9b, 0xda, 0x3d, 0xd6, 0xd8, 0xdb, 0x3d, 0xab, 0x14, 0xdd, 0x3d,
  0xe0, 0x4e, 0xde, 0x3d, 0x7b, 0x87, 0xdf, 0x3d, 0x80, 0xbe, 0xe0, 0x3d,
  0xf7, 0xf3, 0xe1, 0x3d, 0xe3, 0x27, 0xe3, 0x3d, 0x4b, 0x5a, 0xe4, 0x3d,
  0x33, 0x8b, 0xe5, 0x3d, 0x9f, 0xba, 0xe6, 0x3d, 0x97, 0xe8, 0xe7, 0x3d,
  0x1e, 0x15, 0xe9, 0x3d, 0x39, 0x40, 0xea, 0x3d, 0xed, 0x69, 0xeb, 0x3d,
  0x3e, 0x92, 0xec, 0x3d, 0x30, 0xb9, 0xed, 0x3d, 0xc9, 0xde, 0xee, 0x3d,
  0x0c, 0x03, 0xf0, 0x3d, 0xfd, 0x25, 0xf1, 0x3d, 0xa1, 0x47, 0xf2, 0x3d,
  0xfb, 0x67, 0xf3, 0x3d, 0x0f, 0x87, 0xf4, 0x3d, 0xe2, 0xa4, 0xf5, 0x3d,
  0x77, 0xc1, 0xf6, 0x3d, 0xd2, 0xdc, 0xf7, 0x3d, 0xf7, 0xf6, 0xf8, 0x3d,
  0xe9, 0x0f, 0xfa, 0x3d, 0xab, 0x27, 0xfb, 0x3d, 0x42, 0x3e, 0xfc, 0x3d,
  0xb0, 0x53, 0xfd, 0x3d, 0xf8, 0x67, 0xfe, 0x3d, 0x1f, 0x7b, 0xff, 0x3d,
  0x94, 0x46, 0x00, 0x3e, 0x0a, 0xcf, 0x00, 0x3e, 0xf3, 0x56, 0x01, 0x3e,
  0x53, 0xde, 0x01, 0x3e, 0x29, 0x65, 0x02, 0x3e, 0x77, 0xeb, 0x02, 0x3e,
  0x3f, 0x71, 0x03, 0x3e, 0x81, 0xf6, 0x03, 0x3e, 0x41, 0x7b, 0x04, 0x3e,
  0x7e, 0xff, 0x04, 0x3e, 0x3a, 0x83, 0x05, 0x3e, 0x77, 0x06, 0x06, 0x3e,
  0x36, 0x89, 0x06, 0x3e, 0x77, 0x0b, 0x07, 0x3e, 0x3e, 0x8d, 0x07, 0x3e,
  0x89, 0x0e, 0x08, 0x3e, 0x5c, 0x8f, 0x08, 0x3e, 0xb6, 0x0f, 0x09, 0x3e,
  0x9a, 0x8f, 0x09, 0x3e, 0x07, 0x0f, 0x0a, 0x3e, 0x01, 0x8e, 0x0a, 0x3e,
  0x86, 0x0c, 0x0b, 0x3e, 0x9a, 0x8a, 0x0b, 0x3e, 0x3c, 0x08, 0x0c, 0x3e,
  0x6e, 0x85, 0x0c, 0x3e, 0x32, 0x02, 0x0d, 0x3e, 0x87, 0x7e, 0x0d, 0x3e,
  0x6f, 0xfa, 0x0d, 0x3e, 0xeb, 0x75, 0x0e, 0x3e, 0xfc, 0xf0, 0x0e, 0x3e,
  0xa3, 0x6b, 0x0f, 0x3e, 0xe1, 0xe5, 0x0f, 0x3e, 0xb6, 0x5f, 0x10, 0x3e,
  0x25, 0xd9, 0x10, 0x3e, 0x2d, 0x52, 0x11, 0x3e, 0xd0, 0xca, 0x11, 0x3e,
  0x0e, 0x43, 0x12, 0x3e, 0xe9, 0xba, 0x12, 0x3e, 0x61, 0x32, 0x13, 0x3e,
  0x77, 0xa9, 0x13, 0x3e, 0x2d, 0x20, 0x14, 0x3e, 0x81, 0x96, 0x14, 0x3e,
  0x77, 0x0c, 0x15, 0x3e, 0x0e, 0x82, 0x15, 0x3e, 0x48, 0xf7, 0x15, 0x3e,
  0x24, 0x6c, 0x16, 0x3e, 0xa4, 0xe0, 0x16, 0x3e, 0xc9, 0x54, 0x17, 0x3e,
  0x92, 0xc8, 0x17, 0x3e, 0x03, 0x3c, 0x18, 0x3e, 0x19, 0xaf, 0x18, 0x3e,
  0xd8, 0x21, 0x19, 0x3e, 0x3f, 0x94, 0x19, 0x3e, 0x4f, 0x06, 0x1a, 0x3e,
  0x08, 0x78, 0x1a, 0x3e, 0x6c, 0xe9, 0x1a, 0x3e, 0x7a, 0x5a, 0x1b, 0x3e,
  0x35, 0xcb, 0x1b, 0x3e, 0x9c, 0x3b, 0x1c, 0x3e, 0xaf, 0xab, 0x1c, 0x3e,
  0x71, 0x1b, 0x1d, 0x3e, 0xe0, 0x8a, 0x1d, 0x3e, 0x00, 0xfa, 0x1d, 0x3e,
  0xce, 0x68, 0x1e, 0x3e, 0x4c, 0xd7, 0x1e, 0x3e, 0x7b, 0x45, 0x1f, 0x3e,
  0x5c, 0xb3, 0x1f, 0x3e, 0xef, 0x20, 0x20, 0x3e, 0x34, 0x8e, 0x20, 0x3e,
  0x2c, 0xfb, 0x20, 0x3e, 0xd9, 0x67, 0x21, 0x3e, 0x39, 0xd4, 0x21, 0x3e,
  0x4d, 0x40, 0x22, 0x3e, 0x18, 0xac, 0x22, 0x3e, 0x98, 0x17, 0x23, 0x3e,
  0xd0, 0x82, 0x23, 0x3e, 0xbd, 0xed, 0x23, 0x3e, 0x63, 0x58, 0x24, 0x3e,
  0xc0, 0xc2, 0x24, 0x3e, 0xd6, 0x2c, 0x25, 0x3e, 0xa5, 0x96, 0x25, 0x3e,
  0x2e, 0x00, 0x26, 0x3e, 0x70, 0x69, 0x26, 0x3e, 0x6e, 0xd2, 0x26, 0x3e,
  0x26, 0x3b, 0x27, 0x3e, 0x99, 0xa3, 0x27, 0x3e, 0xc9, 0x0b, 0x28, 0x3e,
  0xb5, 0x73, 0x28, 0x3e, 0x5e, 0xdb, 0x28, 0x3e, 0xc4, 0x42, 0x29, 0x3e,
  0xe9, 0xa9, 0x29, 0x3e, 0xcb, 0x10, 0x2a, 0x3e, 0x6c, 0x77, 0x2a, 0x3e,
  0xcc, 0xdd, 0x2a, 0x3e, 0xec, 0x43, 0x2b, 0x3e, 0xcc, 0xa9, 0x2b, 0x3e,
  0x6c, 0x0f, 0x2c, 0x3e, 0xcd, 0x74, 0x2c, 0x3e, 0xef, 0xd9, 0x2c, 0x3e,
  0xd4, 0x3e, 0x2d, 0x3e, 0x79, 0xa3, 0x2d, 0x3e, 0xe2, 0x07, 0x2e, 0x3e,
  0x0d, 0x6c, 0x2e, 0x3e, 0xfc, 0xcf, 0x2e, 0x3e, 0xaf, 0x33, 0x2f, 0x3e,
  0x25, 0x97, 0x2f, 0x3e, 0x60, 0xfa, 0x2f, 0x3e, 0x60, 0x5d, 0x30, 0x3e,
  0x24, 0xc0, 0x30, 0x3e, 0xae, 0x22, 0x31, 0x3e, 0xff, 0x84, 0x31, 0x3e,
  0x15, 0xe7, 0x31, 0x3e, 0xf2, 0x48, 0x32, 0x3e, 0x96, 0xaa, 0x32, 0x3e,
  0x02, 0x0c, 0x33, 0x3e, 0x35, 0x6d, 0x33, 0x3e, 0x30, 0xce, 0x33, 0x3e,
  0xf3, 0x2e, 0x34, 0x3e, 0x80, 0x8f, 0x34, 0x3e, 0xd5, 0xef, 0x34, 0x3e,
  0xf3, 0x4f, 0x35, 0x3e, 0xdc, 0xaf, 0x35, 0x3e, 0x8e, 0x0f, 0x36, 0x3e,
  0x0a, 0x6f, 0x36, 0x3e, 0x51, 0xce, 0x36, 0x3e, 0x64, 0x2d, 0x37, 0x3e,
  0x41, 0x8c, 0x37, 0x3e, 0xea, 0xea, 0x37, 0x3e, 0x5f, 0x49, 0x38, 0x3e,
  0xa1, 0xa7, 0x38, 0x3e, 0xae, 0x05, 0x39, 0x3e, 0x89, 0x63, 0x39, 0x3e,
  0x30, 0xc1, 0x39, 0x3e, 0xa5, 0x1e, 0x3a, 0x3e, 0xe8, 0x7b, 0x3a, 0x3e,
  0xf8, 0xd8, 0x3a, 0x3e, 0xd7, 0x35, 0x3b, 0x3e, 0x84, 0x92, 0x3b, 0x3e,
  0x01, 0xef, 0x3b, 0x3e, 0x4c, 0x4b, 0x3c, 0x3e, 0x66, 0xa7, 0x3c, 0x3e,
  0x50, 0x03, 0x3d, 0x3e, 0x0b, 0x5f, 0x3d, 0x3e, 0x94, 0xba, 0x3d, 0x3e,
  0xef, 0x15, 0x3e, 0x3e, 0x1a, 0x71, 0x3e, 0x3e, 0x17, 0xcc, 0x3e, 0x3e,
  0xe4, 0x26, 0x3f, 0x3e, 0x83, 0x81, 0x3f, 0x3e, 0xf4, 0xdb, 0x3f, 0x3e,
  0x36, 0x36, 0x40, 0x3e, 0x4b, 0x90, 0x40, 0x3e, 0x32, 0xea, 0x40, 0x3e,
  0xec, 0x43, 0x41, 0x3e, 0x79, 0x9d, 0x41, 0x3e, 0xd9, 0xf6, 0x41, 0x3e,
  0x0c, 0x50, 0x42, 0x3e, 0x13, 0xa9, 0x42, 0x3e, 0xee, 0x01, 0x43, 0x3e,
  0x9d, 0x5a, 0x43, 0x3e, 0x20, 0xb3, 0x43, 0x3e, 0x78, 0x0b, 0x44, 0x3e,
  0xa5, 0x63, 0x44, 0x3e, 0xa6, 0xbb, 0x44, 0x3e, 0x7d, 0x13, 0x45, 0x3e,
  0x2a, 0x6b, 0x45, 0x3e, 0xac, 0xc2, 0x45, 0x3e, 0x03, 0x1a, 0x46, 0x3e,
  0x32, 0x71, 0x46, 0x3e, 0x36, 0xc8, 0x46, 0x3e, 0x11, 0x1f, 0x47, 0x3e,
  0xc3, 0x75, 0x47, 0x3e, 0x4b, 0xcc, 0x47, 0x3e, 0xab, 0x22, 0x48, 0x3e,
  0xe1, 0x78, 0x48, 0x3e, 0xf0, 0xce, 0x48, 0x3e, 0xd7, 0x24, 0x49, 0x3e,
  0x95, 0x7a, 0x49, 0x3e, 0x2b, 0xd0, 0x49, 0x3e, 0x9a, 0x25, 0x4a, 0x3e,
  0xe1, 0x7a, 0x4a, 0x3e, 0x01, 0xd0, 0x4a, 0x3e, 0xfa, 0x24, 0x4b, 0x3e,
  0xcc, 0x79, 0x4b, 0x3e, 0x78, 0xce, 0x4b, 0x3e, 0xfc, 0x22, 0x4c, 0x3e,
  0x5b, 0x77, 0x4c, 0x3e, 0x93, 0xcb, 0x4c, 0x3e, 0xa5, 0x1f, 0x4d, 0x3e,
  0x92, 0x73, 0x4d, 0x3e, 0x59, 0xc7, 0x4d, 0x3e, 0xfb, 0x1a, 0x4e, 0x3e,
  0x77, 0x6e, 0x4e, 0x3e, 0xcf, 0xc1, 0x4e, 0x3e, 0x01, 0x15, 0x4f, 0x3e,
  0x0e, 0x68, 0x4f, 0x3e, 0xf7, 0xba, 0x4f, 0x3e, 0xbd, 0x0d, 0x50, 0x3e,
  0x5d, 0x60, 0x50, 0x3e, 0xd9, 0xb2, 0x50, 0x3e, 0x31, 0x05, 0x51, 0x3e,
  0x66, 0x57, 0x51, 0x3e, 0x78, 0xa9, 0x51, 0x3e, 0x66, 0xfb, 0x51, 0x3e,
  0x30, 0x4d, 0x52, 0x3e, 0xd8, 0x9e, 0x52, 0x3e, 0x5d, 0xf0, 0x52, 0x3e,
  0xbf, 0x41, 0x53, 0x3e, 0xfe, 0x92, 0x53, 0x3e, 0x1b, 0xe4, 0x53, 0x3e,
  0x15, 0x35, 0x54, 0x3e, 0xee, 0x85, 0x54, 0x3e, 0xa4, 0xd6, 0x54, 0x3e,
  0x39, 0x27, 0x55, 0x3e, 0xac, 0x77, 0x55, 0x3e, 0xfe, 0xc7, 0x55, 0x3e,
  0x2e, 0x18, 0x56, 0x3e, 0x3c, 0x68, 0x56, 0x3e, 0x2a, 0xb8, 0x56, 0x3e,
  0xf7, 0x07, 0x57, 0x3e, 0xa3, 0x57, 0x57, 0x3e, 0x2e, 0xa7, 0x57, 0x3e,
  0x99, 0xf6, 0x57, 0x3e, 0xe3, 0x45, 0x58, 0x3e, 0x0e, 0x95, 0x58, 0x3e,
  0x18, 0xe4, 0x58, 0x3e, 0x02, 0x33, 0x59, 0x3e, 0xcc, 0x81, 0x59, 0x3e,
  0x77, 0xd0, 0x59, 0x3e, 0x02, 0x1f, 0x5a, 0x3e, 0x6e, 0x6d, 0x5a, 0x3e,
  0xba, 0xbb, 0x5a, 0x3e, 0xe8, 0x09, 0x5b, 0x3e, 0xf6, 0x57, 0x5b, 0x3e,
  0xe5, 0xa5, 0x5b, 0x3e, 0xb5, 0xf3, 0x5b, 0x3e, 0x67, 0x41, 0x5c, 0x3e,
  0xfb, 0x8e, 0x5c, 0x3e, 0x70, 0xdc, 0x5c, 0x3e, 0xc6, 0x29, 0x5d, 0x3e,
  0xff, 0x76, 0x5d, 0x3e, 0x1a, 0xc4, 0x5d, 0x3e, 0x16, 0x11, 0x5e, 0x3e,
  0xf5, 0x5d, 0x5e, 0x3e, 0xb6, 0xaa, 0x5e, 0x3e, 0x5b, 0xf7, 0x5e, 0x3e,
  0xe1, 0x43, 0x5f, 0x3e, 0x4a, 0x90, 0x5f, 0x3e, 0x96, 0xdc, 0x5f, 0x3e,
  0xc4, 0x28, 0x60, 0x3e, 0xd7, 0x74, 0x60, 0x3e, 0xcc, 0xc0, 0x60, 0x3e,
  0xa4, 0x0c, 0x61, 0x3e, 0x60, 0x58, 0x61, 0x3e, 0x00, 0xa4, 0x61, 0x3e,
  0x83, 0xef, 0x61, 0x3e, 0xea, 0x3a, 0x62, 0x3e, 0x34, 0x86, 0x62, 0x3e,
  0x63, 0xd1, 0x62, 0x3e, 0x76, 0x1c, 0x63, 0x3e, 0x6d, 0x67, 0x63, 0x3e,
  0x48, 0xb2, 0x63, 0x3e, 0x08, 0xfd, 0x63, 0x3e, 0xac, 0x47, 0x64, 0x3e,
  0x35, 0x92, 0x64, 0x3e, 0xa2, 0xdc, 0x64, 0x3e, 0xf5, 0x26, 0x65, 0x3e,
  0x2d, 0x71, 0x65, 0x3e, 0x49, 0xbb, 0x65, 0x3e, 0x4a, 0x05, 0x66, 0x3e,
  0x31, 0x4f, 0x66, 0x3e, 0xfe, 0x98, 0x66, 0x3e, 0xaf, 0xe2, 0x66, 0x3e,
  0x47, 0x2c, 0x67, 0x3e, 0xc3, 0x75, 0x67, 0x3e, 0x26, 0xbf, 0x67, 0x3e,
  0x6f, 0x08, 0x68, 0x3e, 0x9d, 0x51, 0x68, 0x3e, 0xb2, 0x9a, 0x68, 0x3e,
  0xac, 0xe3, 0x68, 0x3e, 0x8e, 0x2c, 0x69, 0x3e, 0x55, 0x75, 0x69, 0x3e,
  0x03, 0xbe, 0x69, 0x3e, 0x97, 0x06, 0x6a, 0x3e, 0x12, 0x4f, 0x6a, 0x3e,
  0x74, 0x97, 0x6a, 0x3e, 0xbc, 0xdf, 0x6a, 0x3e, 0xeb, 0x27, 0x6b, 0x3e,
  0x02, 0x70, 0x6b, 0x3e, 0x00, 0xb8, 0x6b, 0x3e, 0xe4, 0xff, 0x6b, 0x3e,
  0xb0, 0x47, 0x6c, 0x3e, 0x63, 0x8f, 0x6c, 0x3e, 0xff, 0xd6, 0x6c, 0x3e,
  0x81, 0x1e, 0x6d, 0x3e, 0xeb, 0x65, 0x6d, 0x3e, 0x3c, 0xad, 0x6d, 0x3e,
  0x76, 0xf4, 0x6d, 0x3e, 0x98, 0x3b, 0x6e, 0x3e, 0xa1, 0x82, 0x6e, 0x3e,
  0x92, 0xc9, 0x6e, 0x3e, 0x6c, 0x10, 0x6f, 0x3e, 0x2e, 0x57, 0x6f, 0x3e,
  0xd8, 0x9d, 0x6f, 0x3e, 0x6b, 0xe4, 0x6f, 0x3e, 0xe6, 0x2a, 0x70, 0x3e,
  0x4a, 0x71, 0x70, 0x3e, 0x96, 0xb7, 0x70, 0x3e, 0xcb, 0xfd, 0x70, 0x3e,
  0xe9, 0x43, 0x71, 0x3e, 0xf0, 0x89, 0x71, 0x3e, 0xdf, 0xcf, 0x71, 0x3e,
  0xb8, 0x15, 0x72, 0x3e, 0x7a, 0x5b, 0x72, 0x3e, 0x25, 0xa1, 0x72, 0x3e,
  0xba, 0xe6, 0x72, 0x3e, 0x38, 0x2c, 0x73, 0x3e, 0x9f, 0x71, 0x73, 0x3e,
  0xf0, 0xb6, 0x73, 0x3e, 0x2b, 0xfc, 0x73, 0x3e, 0x4f, 0x41, 0x74, 0x3e,
  0x5c, 0x86, 0x74, 0x3e, 0x54, 0xcb, 0x74, 0x3e, 0x36, 0x10, 0x75, 0x3e,
  0x02, 0x55, 0x75, 0x3e, 0xb7, 0x99, 0x75, 0x3e, 0x57, 0xde, 0x75, 0x3e,
  0xe1, 0x22, 0x76, 0x3e, 0x56, 0x67, 0x76, 0x3e, 0xb4, 0xab, 0x76, 0x3e,
  0xfd, 0xef, 0x76, 0x3e, 0x31, 0x34, 0x77, 0x3e, 0x4f, 0x78, 0x77, 0x3e,
  0x58, 0xbc, 0x77, 0x3e, 0x4b, 0x00, 0x78, 0x3e, 0x2a, 0x44, 0x78, 0x3e,
  0xf3, 0x87, 0x78, 0x3e, 0xa7, 0xcb, 0x78, 0x3e, 0x46, 0x0f, 0x79, 0x3e,
  0xd0, 0x52, 0x79, 0x3e, 0x45, 0x96, 0x79, 0x3e, 0xa6, 0xd9, 0x79, 0x3e,
  0xf2, 0x1c, 0x7a, 0x3e, 0x29, 0x60, 0x7a, 0x3e, 0x4b, 0xa3, 0x7a, 0x3e,
  0x5a, 0xe6, 0x7a, 0x3e, 0x53, 0x29, 0x7b, 0x3e, 0x38, 0x6c, 0x7b, 0x3e,
  0x09, 0xaf, 0x7b, 0x3e, 0xc5, 0xf1, 0x7b, 0x3e, 0x6e, 0x34, 0x7c, 0x3e,
  0x02, 0x77, 0x7c, 0x3e, 0x82, 0xb9, 0x7c, 0x3e, 0xee, 0xfb, 0x7c, 0x3e,
  0x46, 0x3e, 0x7d, 0x3e, 0x8a, 0x80, 0x7d, 0x3e, 0xbb, 0xc2, 0x7d, 0x3e,
  0xd7, 0x04, 0x7e, 0x3e, 0xe1, 0x46, 0x7e, 0x3e, 0xd6, 0x88, 0x7e, 0x3e,
  0xb7, 0xca, 0x7e, 0x3e, 0x86, 0x0c, 0x7f, 0x3e, 0x40, 0x4e, 0x7f, 0x3e,
  0xe8, 0x8f, 0x7f, 0x3e, 0x7c, 0xd1, 0x7f, 0x3e, 0x7e, 0x09, 0x80, 0x3e,
  0x35, 0x2a, 0x80, 0x3e, 0xe3, 0x4a, 0x80, 0x3e, 0x86, 0x6b, 0x80, 0x3e,
  0x20, 0x8c, 0x80, 0x3e, 0xb1, 0xac, 0x80, 0x3e, 0x38, 0xcd, 0x80, 0x3e,
  0xb6, 0xed, 0x80, 0x3e, 0x2b, 0x0e, 0x81, 0x3e, 0x96, 0x2e, 0x81, 0x3e,
  0xf7, 0x4e, 0x81, 0x3e, 0x50, 0x6f, 0x81, 0x3e, 0x9f, 0x8f, 0x81, 0x3e,
  0xe5, 0xaf, 0x81, 0x3e, 0x21, 0xd0, 0x81, 0x3e, 0x55, 0xf0, 0x81, 0x3e,
  0x7f, 0x10, 0x82, 0x3e, 0xa0, 0x30, 0x82, 0x3e, 0xb8, 0x50, 0x82, 0x3e,
  0xc7, 0x70, 0x82, 0x3e, 0xcd, 0x90, 0x82, 0x3e, 0xca, 0xb0, 0x82, 0x3e,
  0xbd, 0xd0, 0x82, 0x3e, 0xa8, 0xf0, 0x82, 0x3e, 0x8a, 0x10, 0x83, 0x3e,
  0x63, 0x30, 0x83, 0x3e, 0x33, 0x50, 0x83, 0x3e, 0xfa, 0x6f, 0x83, 0x3e,
  0xb9, 0x8f, 0x83, 0x3e, 0x6e, 0xaf, 0x83, 0x3e, 0x1b, 0xcf, 0x83, 0x3e,
  0xbf, 0xee, 0x83, 0x3e, 0x5a, 0x0e, 0x84, 0x3e, 0xec, 0x2d, 0x84, 0x3e,
  0x76, 0x4d, 0x84, 0x3e, 0xf7, 0x6c, 0x84, 0x3e, 0x70, 0x8c, 0x84, 0x3e,
  0xe0, 0xab, 0x84, 0x3e, 0x47, 0xcb, 0x84, 0x3e, 0xa5, 0xea, 0x84, 0x3e,
  0xfb, 0x09, 0x85, 0x3e, 0x49, 0x29, 0x85, 0x3e, 0x8e, 0x48, 0x85, 0x3e,
  0xcb, 0x67, 0x85, 0x3e, 0xff, 0x86, 0x85, 0x3e, 0x2b, 0xa6, 0x85, 0x3e,
  0x4e, 0xc5, 0x85, 0x3e, 0x69, 0xe4, 0x85, 0x3e, 0x7c, 0x03, 0x86, 0x3e,
  0x86, 0x22, 0x86, 0x3e, 0x88, 0x41, 0x86, 0x3e, 0x82, 0x60, 0x86, 0x3e,
  0x73, 0x7f, 0x86, 0x3e, 0x5d, 0x9e, 0x86, 0x3e, 0x3e, 0xbd, 0x86, 0x3e,
  0x17, 0xdc, 0x86, 0x3e, 0xe7, 0xfa, 0x86, 0x3e, 0xb0, 0x19, 0x87, 0x3e,
  0x70, 0x38, 0x87, 0x3e, 0x29, 0x57, 0x87, 0x3e, 0xd9, 0x75, 0x87, 0x3e,
  0x81, 0x94, 0x87, 0x3e, 0x21, 0xb3, 0x87, 0x3e, 0xba, 0xd1, 0x87, 0x3e,
  0x4a, 0xf0, 0x87, 0x3e, 0xd2, 0x0e, 0x88, 0x3e, 0x52, 0x2d, 0x88, 0x3e,
  0xcb, 0x4b, 0x88, 0x3e, 0x3b, 0x6a, 0x88, 0x3e, 0xa4, 0x88, 0x88, 0x3e,
  0x04, 0xa7, 0x88, 0x3e, 0x5e, 0xc5, 0x88, 0x3e, 0xaf, 0xe3, 0x88, 0x3e,
  0xf8, 0x01, 0x89, 0x3e, 0x39, 0x20, 0x89, 0x3e, 0x73, 0x3e, 0x89, 0x3e,
  0xa6, 0x5c, 0x89, 0x3e, 0xd0, 0x7a, 0x89, 0x3e, 0xf3, 0x98, 0x89, 0x3e,
  0x0d, 0xb7, 0x89, 0x3e, 0x21, 0xd5, 0x89, 0x3e, 0x2d, 0xf3, 0x89, 0x3e,
  0x31, 0x11, 0x8a, 0x3e, 0x2d, 0x2f, 0x8a, 0x3e, 0x23, 0x4d, 0x8a, 0x3e,
  0x10, 0x6b, 0x8a, 0x3e, 0xf6, 0x88, 0x8a, 0x3e, 0xd5, 0xa6, 0x8a, 0x3e,
  0xab, 0xc4, 0x8a, 0x3e, 0x7b, 0xe2, 0x8a, 0x3e, 0x43, 0x00, 0x8b, 0x3e,
  0x04, 0x1e, 0x8b, 0x3e, 0xbd, 0x3b, 0x8b, 0x3e, 0x6f, 0x59, 0x8b, 0x3e,
  0x1a, 0x77, 0x8b, 0x3e, 0xbd, 0x94, 0x8b, 0x3e, 0x59, 0xb2, 0x8b, 0x3e,
  0xed, 0xcf, 0x8b, 0x3e, 0x7b, 0xed, 0x8b, 0x3e, 0x00, 0x0b, 0x8c, 0x3e,
  0x7f, 0x28, 0x8c, 0x3e, 0xf7, 0x45, 0x8c, 0x3e, 0x67, 0x63, 0x8c, 0x3e,
  0xd0, 0x80, 0x8c, 0x3e, 0x32, 0x9e, 0x8c, 0x3e, 0x8d, 0xbb, 0x8c, 0x3e,
  0xe1, 0xd8, 0x8c, 0x3e, 0x2d, 0xf6, 0x8c, 0x3e, 0x73, 0x13, 0x8d, 0x3e,
  0xb1, 0x30, 0x8d, 0x3e, 0xe8, 0x4d, 0x8d, 0x3e, 0x19, 0x6b, 0x8d, 0x3e,
  0x42, 0x88, 0x8d, 0x3e, 0x64, 0xa5, 0x8d, 0x3e, 0x7f, 0xc2, 0x8d, 0x3e,
  0x94, 0xdf, 0x8d, 0x3e, 0xa1, 0xfc, 0x8d, 0x3e, 0xa7, 0x19, 0x8e, 0x3e,
  0xa6, 0x36, 0x8e, 0x3e, 0x9f, 0x53, 0x8e, 0x3e, 0x91, 0x70, 0x8e, 0x3e,
  0x7c, 0x8d, 0x8e, 0x3e, 0x60, 0xaa, 0x8e, 0x3e, 0x3d, 0xc7, 0x8e, 0x3e,
  0x13, 0xe4, 0x8e, 0x3e, 0xe2, 0x00, 0x8f, 0x3e, 0xab, 0x1d, 0x8f, 0x3e,
  0x6d, 0x3a, 0x8f, 0x3e, 0x28, 0x57, 0x8f, 0x3e, 0xdc, 0x73, 0x8f, 0x3e,
  0x8b, 0x90, 0x8f, 0x3e, 0x32, 0xad, 0x8f, 0x3e, 0xd2, 0xc9, 0x8f, 0x3e,
  0x6b, 0xe6, 0x8f, 0x3e, 0xfe, 0x02, 0x90, 0x3e, 0x8b, 0x1f, 0x90, 0x3e,
  0x11, 0x3c, 0x90, 0x3e, 0x90, 0x58, 0x90, 0x3e, 0x08, 0x75, 0x90, 0x3e,
  0x7b, 0x91, 0x90, 0x3e, 0xe6, 0xad, 0x90, 0x3e, 0x4b, 0xca, 0x90, 0x3e,
  0xa9, 0xe6, 0x90, 0x3e, 0x01, 0x03, 0x91, 0x3e, 0x53, 0x1f, 0x91, 0x3e,
  0x9d, 0x3b, 0x91, 0x3e, 0xe2, 0x57, 0x91, 0x3e, 0x20, 0x74, 0x91, 0x3e,
  0x58, 0x90, 0x91, 0x3e, 0x89, 0xac, 0x91, 0x3e, 0xb4, 0xc8, 0x91, 0x3e,
  0xd8, 0xe4, 0x91, 0x3e, 0xf6, 0x00, 0x92, 0x3e, 0x0e, 0x1d, 0x92, 0x3e,
  0x1f, 0x39, 0x92, 0x3e, 0x2a, 0x55, 0x92, 0x3e, 0x30, 0x71, 0x92, 0x3e,
  0x2e, 0x8d, 0x92, 0x3e, 0x26, 0xa9, 0x92, 0x3e, 0x18, 0xc5, 0x92, 0x3e,
  0x04, 0xe1, 0x92, 0x3e, 0xe9, 0xfc, 0x92, 0x3e, 0xc8, 0x18, 0x93, 0x3e,
  0xa1, 0x34, 0x93, 0x3e, 0x74, 0x50, 0x93, 0x3e, 0x41, 0x6c, 0x93, 0x3e,
  0x08, 0x88, 0x93, 0x3e, 0xc8, 0xa3, 0x93, 0x3e, 0x82, 0xbf, 0x93, 0x3e,
  0x37, 0xdb, 0x93, 0x3e, 0xe5, 0xf6, 0x93, 0x3e, 0x8c, 0x12, 0x94, 0x3e,
  0x2e, 0x2e, 0x94, 0x3e, 0xcb, 0x49, 0x94, 0x3e, 0x60, 0x65, 0x94, 0x3e,
  0xf0, 0x80, 0x94, 0x3e, 0x7a, 0x9c, 0x94, 0x3e, 0xfd, 0xb7, 0x94, 0x3e,
  0x7b, 0xd3, 0x94, 0x3e, 0xf3, 0xee, 0x94, 0x3e, 0x65, 0x0a, 0x95, 0x3e,
  0xd1, 0x25, 0x95, 0x3e, 0x37, 0x41, 0x95, 0x3e, 0x97, 0x5c, 0x95, 0x3e,
  0xf1, 0x77, 0x95, 0x3e, 0x45, 0x93, 0x95, 0x3e, 0x94, 0xae, 0x95, 0x3e,
  0xdc, 0xc9, 0x95, 0x3e, 0x1f, 0xe5, 0x95, 0x3e, 0x5b, 0x00, 0x96, 0x3e,
  0x92, 0x1b, 0x96, 0x3e, 0xc4, 0x36, 0x96, 0x3e, 0xef, 0x51, 0x96, 0x3e,
  0x15, 0x6d, 0x96, 0x3e, 0x35, 0x88, 0x96, 0x3e, 0x4f, 0xa3, 0x96, 0x3e,
  0x63, 0xbe, 0x96, 0x3e, 0x71, 0xd9, 0x96, 0x3e, 0x7a, 0xf4, 0x96, 0x3e,
  0x7d, 0x0f, 0x97, 0x3e, 0x7b, 0x2a, 0x97, 0x3e, 0x73, 0x45, 0x97, 0x3e,
  0x65, 0x60, 0x97, 0x3e, 0x51, 0x7b, 0x97, 0x3e, 0x38, 0x96, 0x97, 0x3e,
  0x19, 0xb1, 0x97, 0x3e, 0xf5, 0xcb, 0x97, 0x3e, 0xcb, 0xe6, 0x97, 0x3e,
  0x9b, 0x01, 0x98, 0x3e, 0x66, 0x1c, 0x98, 0x3e, 0x2b, 0x37, 0x98, 0x3e,
  0xeb, 0x51, 0x98, 0x3e, 0xa5, 0x6c, 0x98, 0x3e, 0x59, 0x87, 0x98, 0x3e,
  0x08, 0xa2, 0x98, 0x3e, 0xb2, 0xbc, 0x98, 0x3e, 0x56, 0xd7, 0x98, 0x3e,
  0xf5, 0xf1, 0x98, 0x3e, 0x8e, 0x0c, 0x99, 0x3e, 0x21, 0x27, 0x99, 0x3e,
  0xb0, 0x41, 0x99, 0x3e, 0x38, 0x5c, 0x99, 0x3e, 0xbc, 0x76, 0x99, 0x3e,
  0x39, 0x91, 0x99, 0x3e, 0xb2, 0xab, 0x99, 0x3e, 0x25, 0xc6, 0x99, 0x3e,
  0x93, 0xe0, 0x99, 0x3e, 0xfb, 0xfa, 0x99, 0x3e, 0x5e, 0x15, 0x9a, 0x3e,
  0xbc, 0x2f, 0x9a, 0x3e, 0x14, 0x4a, 0x9a, 0x3e, 0x67, 0x64, 0x9a, 0x3e,
  0xb5, 0x7e, 0x9a, 0x3e, 0xfd, 0x98, 0x9a, 0x3e, 0x41, 0xb3, 0x9a, 0x3e,
  0x7e, 0xcd, 0x9a, 0x3e, 0xb7, 0xe7, 0x9a, 0x3e, 0xea, 0x01, 0x9b, 0x3e,
  0x18, 0x1c, 0x9b, 0x3e, 0x41, 0x36, 0x9b, 0x3e, 0x64, 0x50, 0x9b, 0x3e,
  0x83, 0x6a, 0x9b, 0x3e, 0x9c, 0x84, 0x9b, 0x3e, 0xb0, 0x9e, 0x9b, 0x3e,
  0xbf, 0xb8, 0x9b, 0x3e, 0xc9, 0xd2, 0x9b, 0x3e, 0xcd, 0xec, 0x9b, 0x3e,
  0xcc, 0x06, 0x9c, 0x3e, 0xc7, 0x20, 0x9c, 0x3e, 0xbc, 0x3a, 0x9c, 0x3e,
  0xac, 0x54, 0x9c, 0x3e, 0x97, 0x6e, 0x9c, 0x3e, 0x7d, 0x88, 0x9c, 0x3e,
  0x5d, 0xa2, 0x9c, 0x3e, 0x39, 0xbc, 0x9c, 0x3e, 0x10, 0xd6, 0x9c, 0x3e,
  0xe1, 0xef, 0x9c, 0x3e, 0xae, 0x09, 0x9d, 0x3e, 0x75, 0x23, 0x9d, 0x3e,
  0x37, 0x3d, 0x9d, 0x3e, 0xf5, 0x56, 0x9d, 0x3e, 0xae, 0x70, 0x9d, 0x3e,
  0x61, 0x8a, 0x9d, 0x3e, 0x10, 0xa4, 0x9d, 0x3e, 0xb9, 0xbd, 0x9d, 0x3e,
  0x5e, 0xd7, 0x9d, 0x3e, 0xfd, 0xf0, 0x9d, 0x3e, 0x98, 0x0a, 0x9e, 0x3e,
  0x2e, 0x24, 0x9e, 0x3e, 0xbf, 0x3d, 0x9e, 0x3e, 0x4b, 0x57, 0x9e, 0x3e,
  0xd2, 0x70, 0x9e, 0x3e, 0x54, 0x8a, 0x9e, 0x3e, 0xd1, 0xa3, 0x9e, 0x3e,
  0x4a, 0xbd, 0x9e, 0x3e, 0xbd, 0xd6, 0x9e, 0x3e, 0x2c, 0xf0, 0x9e, 0x3e,
  0x96, 0x09, 0x9f, 0x3e, 0xfb, 0x22, 0x9f, 0x3e, 0x5b, 0x3c, 0x9f, 0x3e,
  0xb7, 0x55, 0x9f, 0x3e, 0x0d, 0x6f, 0x9f, 0x3e, 0x5f, 0x88, 0x9f, 0x3e,
  0xac, 0xa1, 0x9f, 0x3e, 0xf4, 0xba, 0x9f, 0x3e, 0x38, 0xd4, 0x9f, 0x3e,
  0x77, 0xed, 0x9f, 0x3e, 0xb1, 0x06, 0xa0, 0x3e, 0xe6, 0x1f, 0xa0, 0x3e,
  0x17, 0x39, 0xa0, 0x3e, 0x43, 0x52, 0xa0, 0x3e, 0x6a, 0x6b, 0xa0, 0x3e,
  0x8c, 0x84, 0xa0, 0x3e, 0xaa, 0x9d, 0xa0, 0x3e, 0xc3, 0xb6, 0xa0, 0x3e,
  0xd8, 0xcf, 0xa0, 0x3e, 0xe8, 0xe8, 0xa0, 0x3e, 0xf3, 0x01, 0xa1, 0x3e,
  0xfa, 0x1a, 0xa1, 0x3e, 0xfb, 0x33, 0xa1, 0x3e, 0xf9, 0x4c, 0xa1, 0x3e,
  0xf1, 0x65, 0xa1, 0x3e, 0xe5, 0x7e, 0xa1, 0x3e, 0xd5, 0x97, 0xa1, 0x3e,
  0xc0, 0xb0, 0xa1, 0x3e, 0xa6, 0xc9, 0xa1, 0x3e, 0x88, 0xe2, 0xa1, 0x3e,
  0x65, 0xfb, 0xa1, 0x3e, 0x3e, 0x14, 0xa2, 0x3e, 0x12, 0x2d, 0xa2, 0x3e,
  0xe1, 0x45, 0xa2, 0x3e, 0xac, 0x5e, 0xa2, 0x3e, 0x73, 0x77, 0xa2, 0x3e,
  0x35, 0x90, 0xa2, 0x3e, 0xf3, 0xa8, 0xa2, 0x3e, 0xac, 0xc1, 0xa2, 0x3e,
  0x60, 0xda, 0xa2, 0x3e, 0x10, 0xf3, 0xa2, 0x3e, 0xbc, 0x0b, 0xa3, 0x3e,
  0x63, 0x24, 0xa3, 0x3e, 0x06, 0x3d, 0xa3, 0x3e, 0xa4, 0x55, 0xa3, 0x3e,
  0x3e, 0x6e, 0xa3, 0x3e, 0xd4, 0x86, 0xa3, 0x3e, 0x65, 0x9f, 0xa3, 0x3e,
  0xf1, 0xb7, 0xa3, 0x3e, 0x79, 0xd0, 0xa3, 0x3e, 0xfd, 0xe8, 0xa3, 0x3e,
  0x7d, 0x01, 0xa4, 0x3e, 0xf8, 0x19, 0xa4, 0x3e, 0x6f, 0x32, 0xa4, 0x3e,
  0xe1, 0x4a, 0xa4, 0x3e, 0x4f, 0x63, 0xa4, 0x3e, 0xb9, 0x7b, 0xa4, 0x3e,
  0x1e, 0x94, 0xa4, 0x3e, 0x7f, 0xac, 0xa4, 0x3e, 0xdc, 0xc4, 0xa4, 0x3e,
  0x34, 0xdd, 0xa4, 0x3e, 0x89, 0xf5, 0xa4, 0x3e, 0xd9, 0x0d, 0xa5, 0x3e,
  0x24, 0x26, 0xa5, 0x3e, 0x6c, 0x3e, 0xa5, 0x3e, 0xaf, 0x56, 0xa5, 0x3e,
  0xed, 0x6e, 0xa5, 0x3e, 0x28, 0x87, 0xa5, 0x3e, 0x5e, 0x9f, 0xa5, 0x3e,
  0x90, 0xb7, 0xa5, 0x3e, 0xbf, 0xcf, 0xa5, 0x3e, 0xe8, 0xe7, 0xa5, 0x3e,
  0x0d, 0x00, 0xa6, 0x3e, 0x2f, 0x18, 0xa6, 0x3e, 0x4c, 0x30, 0xa6, 0x3e,
  0x64, 0x48, 0xa6, 0x3e, 0x79, 0x60, 0xa6, 0x3e, 0x8a, 0x78, 0xa6, 0x3e,
  0x96, 0x90, 0xa6, 0x3e, 0x9e, 0xa8, 0xa6, 0x3e, 0xa2, 0xc0, 0xa6, 0x3e,
  0xa2, 0xd8, 0xa6, 0x3e, 0x9e, 0xf0, 0xa6, 0x3e, 0x96, 0x08, 0xa7, 0x3e,
  0x89, 0x20, 0xa7, 0x3e, 0x78, 0x38, 0xa7, 0x3e, 0x64, 0x50, 0xa7, 0x3e,
  0x4b, 0x68, 0xa7, 0x3e, 0x2e, 0x80, 0xa7, 0x3e, 0x0d, 0x98, 0xa7, 0x3e,
  0xe8, 0xaf, 0xa7, 0x3e, 0xbf, 0xc7, 0xa7, 0x3e, 0x92, 0xdf, 0xa7, 0x3e,
  0x61, 0xf7, 0xa7, 0x3e, 0x2b, 0x0f, 0xa8, 0x3e, 0xf2, 0x26, 0xa8, 0x3e,
  0xb5, 0x3e, 0xa8, 0x3e, 0x74, 0x56, 0xa8, 0x3e, 0x2e, 0x6e, 0xa8, 0x3e,
  0xe5, 0x85, 0xa8, 0x3e, 0x98, 0x9d, 0xa8, 0x3e, 0x46, 0xb5, 0xa8, 0x3e,
  0xf1, 0xcc, 0xa8, 0x3e, 0x98, 0xe4, 0xa8, 0x3e, 0x3a, 0xfc, 0xa8, 0x3e,
  0xd9, 0x13, 0xa9, 0x3e, 0x74, 0x2b, 0xa9, 0x3e, 0x0b, 0x43, 0xa9, 0x3e,
  0x9e, 0x5a, 0xa9, 0x3e, 0x2d, 0x72, 0xa9, 0x3e, 0xb8, 0x89, 0xa9, 0x3e,
  0x3f, 0xa1, 0xa9, 0x3e, 0xc2, 0xb8, 0xa9, 0x3e, 0x41, 0xd0, 0xa9, 0x3e,
  0xbd, 0xe7, 0xa9, 0x3e, 0x34, 0xff, 0xa9, 0x3e, 0xa8, 0x16, 0xaa, 0x3e,
  0x18, 0x2e, 0xaa, 0x3e, 0x83, 0x45, 0xaa, 0x3e, 0xeb, 0x5c, 0xaa, 0x3e,
  0x4f, 0x74, 0xaa, 0x3e, 0xb0, 0x8b, 0xaa, 0x3e, 0x0c, 0xa3, 0xaa, 0x3e,
  0x65, 0xba, 0xaa, 0x3e, 0xba, 0xd1, 0xaa, 0x3e, 0x0b, 0xe9, 0xaa, 0x3e,
  0x58, 0x00, 0xab, 0x3e, 0xa1, 0x17, 0xab, 0x3e, 0xe6, 0x2e, 0xab, 0x3e,
  0x28, 0x46, 0xab, 0x3e, 0x66, 0x5d, 0xab, 0x3e, 0xa0, 0x74, 0xab, 0x3e,
  0xd7, 0x8b, 0xab, 0x3e, 0x09, 0xa3, 0xab, 0x3e, 0x38, 0xba, 0xab, 0x3e,
  0x63, 0xd1, 0xab, 0x3e, 0x8a, 0xe8, 0xab, 0x3e, 0xad, 0xff, 0xab, 0x3e,
  0xcd, 0x16, 0xac, 0x3e, 0xe9, 0x2d, 0xac, 0x3e, 0x02, 0x45, 0xac, 0x3e,
  0x16, 0x5c, 0xac, 0x3e, 0x27, 0x73, 0xac, 0x3e, 0x34, 0x8a, 0xac, 0x3e,
  0x3e, 0xa1, 0xac, 0x3e, 0x43, 0xb8, 0xac, 0x3e, 0x45, 0xcf, 0xac, 0x3e,
  0x44, 0xe6, 0xac, 0x3e, 0x3f, 0xfd, 0xac, 0x3e, 0x36, 0x14, 0xad, 0x3e,
  0x29, 0x2b, 0xad, 0x3e, 0x19, 0x42, 0xad, 0x3e, 0x05, 0x59, 0xad, 0x3e,
  0xed, 0x6f, 0xad, 0x3e, 0xd2, 0x86, 0xad, 0x3e, 0xb3, 0x9d, 0xad, 0x3e,
  0x90, 0xb4, 0xad, 0x3e, 0x6a, 0xcb, 0xad, 0x3e, 0x40, 0xe2, 0xad, 0x3e,
  0x13, 0xf9, 0xad, 0x3e, 0xe2, 0x0f, 0xae, 0x3e, 0xad, 0x26, 0xae, 0x3e,
  0x75, 0x3d, 0xae, 0x3e, 0x39, 0x54, 0xae, 0x3e, 0xfa, 0x6a, 0xae, 0x3e,
  0xb7, 0x81, 0xae, 0x3e, 0x71, 0x98, 0xae, 0x3e, 0x27, 0xaf, 0xae, 0x3e,
  0xd9, 0xc5, 0xae, 0x3e, 0x88, 0xdc, 0xae, 0x3e, 0x33, 0xf3, 0xae, 0x3e,
  0xdb, 0x09, 0xaf, 0x3e, 0x7f, 0x20, 0xaf, 0x3e, 0x20, 0x37, 0xaf, 0x3e,
  0xbd, 0x4d, 0xaf, 0x3e, 0x57, 0x64, 0xaf, 0x3e, 0xed, 0x7a, 0xaf, 0x3e,
  0x80, 0x91, 0xaf, 0x3e, 0x0f, 0xa8, 0xaf, 0x3e, 0x9a, 0xbe, 0xaf, 0x3e,
  0x22, 0xd5, 0xaf, 0x3e, 0xa7, 0xeb, 0xaf, 0x3e, 0x28, 0x02, 0xb0, 0x3e,
  0xa6, 0x18, 0xb0, 0x3e, 0x20, 0x2f, 0xb0, 0x3e, 0x97, 0x45, 0xb0, 0x3e,
  0x0a, 0x5c, 0xb0, 0x3e, 0x7a, 0x72, 0xb0, 0x3e, 0xe7, 0x88, 0xb0, 0x3e,
  0x50, 0x9f, 0xb0, 0x3e, 0xb5, 0xb5, 0xb0, 0x3e, 0x17, 0xcc, 0xb0, 0x3e,
  0x76, 0xe2, 0xb0, 0x3e, 0xd2, 0xf8, 0xb0, 0x3e, 0x2a, 0x0f, 0xb1, 0x3e,
  0x7e, 0x25, 0xb1, 0x3e, 0xcf, 0x3b, 0xb1, 0x3e, 0x1d, 0x52, 0xb1, 0x3e,
  0x67, 0x68, 0xb1, 0x3e, 0xae, 0x7e, 0xb1, 0x3e, 0xf2, 0x94, 0xb1, 0x3e,
  0x32, 0xab, 0xb1, 0x3e, 0x6f, 0xc1, 0xb1, 0x3e, 0xa8, 0xd7, 0xb1, 0x3e,
  0xde, 0xed, 0xb1, 0x3e, 0x11, 0x04, 0xb2, 0x3e, 0x41, 0x1a, 0xb2, 0x3e,
  0x6d, 0x30, 0xb2, 0x3e, 0x95, 0x46, 0xb2, 0x3e, 0xbb, 0x5c, 0xb2, 0x3e,
  0xdd, 0x72, 0xb2, 0x3e, 0xfc, 0x88, 0xb2, 0x3e, 0x17, 0x9f, 0xb2, 0x3e,
  0x30, 0xb5, 0xb2, 0x3e, 0x44, 0xcb, 0xb2, 0x3e, 0x56, 0xe1, 0xb2, 0x3e,
  0x64, 0xf7, 0xb2, 0x3e, 0x6f, 0x0d, 0xb3, 0x3e, 0x77, 0x23, 0xb3, 0x3e,
  0x7c, 0x39, 0xb3, 0x3e, 0x7d, 0x4f, 0xb3, 0x3e, 0x7b, 0x65, 0xb3, 0x3e,
  0x75, 0x7b, 0xb3, 0x3e, 0x6c, 0x91, 0xb3, 0x3e, 0x61, 0xa7, 0xb3, 0x3e,
  0x51, 0xbd, 0xb3, 0x3e, 0x3f, 0xd3, 0xb3, 0x3e, 0x2a, 0xe9, 0xb3, 0x3e,
  0x11, 0xff, 0xb3, 0x3e, 0xf5, 0x14, 0xb4, 0x3e, 0xd6, 0x2a, 0xb4, 0x3e,
  0xb3, 0x40, 0xb4, 0x3e, 0x8d, 0x56, 0xb4, 0x3e, 0x64, 0x6c, 0xb4, 0x3e,
  0x38, 0x82, 0xb4, 0x3e, 0x09, 0x98, 0xb4, 0x3e, 0xd7, 0xad, 0xb4, 0x3e,
  0xa1, 0xc3, 0xb4, 0x3e, 0x68, 0xd9, 0xb4, 0x3e, 0x2c, 0xef, 0xb4, 0x3e,
  0xed, 0x04, 0xb5, 0x3e, 0xab, 0x1a, 0xb5, 0x3e, 0x65, 0x30, 0xb5, 0x3e,
  0x1c, 0x46, 0xb5, 0x3e, 0xd1, 0x5b, 0xb5, 0x3e, 0x82, 0x71, 0xb5, 0x3e,
  0x30, 0x87, 0xb5, 0x3e, 0xda, 0x9c, 0xb5, 0x3e, 0x82, 0xb2, 0xb5, 0x3e,
  0x27, 0xc8, 0xb5, 0x3e, 0xc8, 0xdd, 0xb5, 0x3e, 0x66, 0xf3, 0xb5, 0x3e,
  0x01, 0x09, 0xb6, 0x3e, 0x9a, 0x1e, 0xb6, 0x3e, 0x2f, 0x34, 0xb6, 0x3e,
  0xc0, 0x49, 0xb6, 0x3e, 0x4f, 0x5f, 0xb6, 0x3e, 0xdb, 0x74, 0xb6, 0x3e,
  0x63, 0x8a, 0xb6, 0x3e, 0xe9, 0x9f, 0xb6, 0x3e, 0x6b, 0xb5, 0xb6, 0x3e,
  0xeb, 0xca, 0xb6, 0x3e, 0x67, 0xe0, 0xb6, 0x3e, 0xe0, 0xf5, 0xb6, 0x3e,
  0x56, 0x0b, 0xb7, 0x3e, 0xc9, 0x20, 0xb7, 0x3e, 0x39, 0x36, 0xb7, 0x3e,
  0xa6, 0x4b, 0xb7, 0x3e, 0x10, 0x61, 0xb7, 0x3e, 0x77, 0x76, 0xb7, 0x3e,
  0xdc, 0x8b, 0xb7, 0x3e, 0x3c, 0xa1, 0xb7, 0x3e, 0x9a, 0xb6, 0xb7, 0x3e,
  0xf5, 0xcb, 0xb7, 0x3e, 0x4d, 0xe1, 0xb7, 0x3e, 0xa2, 0xf6, 0xb7, 0x3e,
  0xf4, 0x0b, 0xb8, 0x3e, 0x42, 0x21, 0xb8, 0x3e, 0x8e, 0x36, 0xb8, 0x3e,
  0xd7, 0x4b, 0xb8, 0x3e, 0x1d, 0x61, 0xb8, 0x3e, 0x60, 0x76, 0xb8, 0x3e,
  0xa0, 0x8b, 0xb8, 0x3e, 0xdd, 0xa0, 0xb8, 0x3e, 0x17, 0xb6, 0xb8, 0x3e,
  0x4e, 0xcb, 0xb8, 0x3e, 0x82, 0xe0, 0xb8, 0x3e, 0xb4, 0xf5, 0xb8, 0x3e,
  0xe2, 0x0a, 0xb9, 0x3e, 0x0d, 0x20, 0xb9, 0x3e, 0x35, 0x35, 0xb9, 0x3e,
  0x5a, 0x4a, 0xb9, 0x3e, 0x7d, 0x5f, 0xb9, 0x3e, 0x9c, 0x74, 0xb9, 0x3e,
  0xb9, 0x89, 0xb9, 0x3e, 0xd2, 0x9e, 0xb9, 0x3e, 0xea, 0xb3, 0xb9, 0x3e,
  0xfd, 0xc8, 0xb9, 0x3e, 0x0e, 0xde, 0xb9, 0x3e, 0x1c, 0xf3, 0xb9, 0x3e,
  0x27, 0x08, 0xba, 0x3e, 0x30, 0x1d, 0xba, 0x3e, 0x35, 0x32, 0xba, 0x3e,
  0x37, 0x47, 0xba, 0x3e, 0x37, 0x5c, 0xba, 0x3e, 0x34, 0x71, 0xba, 0x3e,
  0x2e, 0x86, 0xba, 0x3e, 0x25, 0x9b, 0xba, 0x3e, 0x19, 0xb0, 0xba, 0x3e,
  0x0a, 0xc5, 0xba, 0x3e, 0xf8, 0xd9, 0xba, 0x3e, 0xe4, 0xee, 0xba, 0x3e,
  0xcd, 0x03, 0xbb, 0x3e, 0xb3, 0x18, 0xbb, 0x3e, 0x96, 0x2d, 0xbb, 0x3e,
  0x76, 0x42, 0xbb, 0x3e, 0x53, 0x57, 0xbb, 0x3e, 0x2e, 0x6c, 0xbb, 0x3e,
  0x05, 0x81, 0xbb, 0x3e, 0xda, 0x95, 0xbb, 0x3e, 0xac, 0xaa, 0xbb, 0x3e,
  0x7b, 0xbf, 0xbb, 0x3e, 0x48, 0xd4, 0xbb, 0x3e, 0x12, 0xe9, 0xbb, 0x3e,
  0xd9, 0xfd, 0xbb, 0x3e, 0x9d, 0x12, 0xbc, 0x3e, 0x5e, 0x27, 0xbc, 0x3e,
  0x1c, 0x3c, 0xbc, 0x3e, 0xd8, 0x50, 0xbc, 0x3e, 0x91, 0x65, 0xbc, 0x3e,
  0x47, 0x7a, 0xbc, 0x3e, 0xfb, 0x8e, 0xbc, 0x3e, 0xab, 0xa3, 0xbc, 0x3e,
  0x59, 0xb8, 0xbc, 0x3e, 0x04, 0xcd, 0xbc, 0x3e, 0xac, 0xe1, 0xbc, 0x3e,
  0x52, 0xf6, 0xbc, 0x3e, 0xf5, 0x0a, 0xbd, 0x3e, 0x95, 0x1f, 0xbd, 0x3e,
  0x32, 0x34, 0xbd, 0x3e, 0xcd, 0x48, 0xbd, 0x3e, 0x65, 0x5d, 0xbd, 0x3e,
  0xfa, 0x71, 0xbd, 0x3e, 0x8c, 0x86, 0xbd, 0x3e, 0x1c, 0x9b, 0xbd, 0x3e,
  0xa9, 0xaf, 0xbd, 0x3e, 0x33, 0xc4, 0xbd, 0x3e, 0xbb, 0xd8, 0xbd, 0x3e,
  0x40, 0xed, 0xbd, 0x3e, 0xc2, 0x01, 0xbe, 0x3e, 0x42, 0x16, 0xbe, 0x3e,
  0xbe, 0x2a, 0xbe, 0x3e, 0x38, 0x3f, 0xbe, 0x3e, 0xb0, 0x53, 0xbe, 0x3e,
  0x24, 0x68, 0xbe, 0x3e, 0x96, 0x7c, 0xbe, 0x3e, 0x06, 0x91, 0xbe, 0x3e,
  0x73, 0xa5, 0xbe, 0x3e, 0xdd, 0xb9, 0xbe, 0x3e, 0x44, 0xce, 0xbe, 0x3e,
  0xa9, 0xe2, 0xbe, 0x3e, 0x0b, 0xf7, 0xbe, 0x3e, 0x6a, 0x0b, 0xbf, 0x3e,
  0xc7, 0x1f, 0xbf, 0x3e, 0x21, 0x34, 0xbf, 0x3e, 0x78, 0x48, 0xbf, 0x3e,
  0xcd, 0x5c, 0xbf, 0x3e, 0x1f, 0x71, 0xbf, 0x3e, 0x6f, 0x85, 0xbf, 0x3e,
  0xbc, 0x99, 0xbf, 0x3e, 0x06, 0xae, 0xbf, 0x3e, 0x4e, 0xc2, 0xbf, 0x3e,
  0x93, 0xd6, 0xbf, 0x3e, 0xd5, 0xea, 0xbf, 0x3e, 0x15, 0xff, 0xbf, 0x3e,
  0x52, 0x13, 0xc0, 0x3e, 0x8d, 0x27, 0xc0, 0x3e, 0xc5, 0x3b, 0xc0, 0x3e,
  0xfa, 0x4f, 0xc0, 0x3e, 0x2d, 0x64, 0xc0, 0x3e, 0x5d, 0x78, 0xc0, 0x3e,
  0x8b, 0x8c, 0xc0, 0x3e, 0xb6, 0xa0, 0xc0, 0x3e, 0xdf, 0xb4, 0xc0, 0x3e,
  0x05, 0xc9, 0xc0, 0x3e, 0x28, 0xdd, 0xc0, 0x3e, 0x49, 0xf1, 0xc0, 0x3e,
  0x67, 0x05, 0xc1, 0x3e, 0x83, 0x19, 0xc1, 0x3e, 0x9c, 0x2d, 0xc1, 0x3e,
  0xb2, 0x41, 0xc1, 0x3e, 0xc6, 0x55, 0xc1, 0x3e, 0xd8, 0x69, 0xc1, 0x3e,
  0xe7, 0x7d, 0xc1, 0x3e, 0xf3, 0x91, 0xc1, 0x3e, 0xfd, 0xa5, 0xc1, 0x3e,
  0x04, 0xba, 0xc1, 0x3e, 0x09, 0xce, 0xc1, 0x3e, 0x0b, 0xe2, 0xc1, 0x3e,
  0x0b, 0xf6, 0xc1, 0x3e, 0x09, 0x0a, 0xc2, 0x3e, 0x03, 0x1e, 0xc2, 0x3e,
  0xfb, 0x31, 0xc2, 0x3e, 0xf1, 0x45, 0xc2, 0x3e, 0xe4, 0x59, 0xc2, 0x3e,
  0xd5, 0x6d, 0xc2, 0x3e, 0xc3, 0x81, 0xc2, 0x3e, 0xae, 0x95, 0xc2, 0x3e,
  0x98, 0xa9, 0xc2, 0x3e, 0x7f, 0xbd, 0xc2, 0x3e, 0x63, 0xd1, 0xc2, 0x3e,
  0x44, 0xe5, 0xc2, 0x3e, 0x24, 0xf9, 0xc2, 0x3e, 0x00, 0x0d, 0xc3, 0x3e,
  0xdb, 0x20, 0xc3, 0x3e, 0xb2, 0x34, 0xc3, 0x3e, 0x88, 0x48, 0xc3, 0x3e,
  0x5a, 0x5c, 0xc3, 0x3e, 0x2b, 0x70, 0xc3, 0x3e, 0xf9, 0x83, 0xc3, 0x3e,
  0xc5, 0x97, 0xc3, 0x3e, 0x8e, 0xab, 0xc3, 0x3e, 0x54, 0xbf, 0xc3, 0x3e,
  0x18, 0xd3, 0xc3, 0x3e, 0xda, 0xe6, 0xc3, 0x3e, 0x99, 0xfa, 0xc3, 0x3e,
  0x56, 0x0e, 0xc4, 0x3e, 0x11, 0x22, 0xc4, 0x3e, 0xc9, 0x35, 0xc4, 0x3e,
  0x7e, 0x49, 0xc4, 0x3e, 0x31, 0x5d, 0xc4, 0x3e, 0xe2, 0x70, 0xc4, 0x3e,
  0x90, 0x84, 0xc4, 0x3e, 0x3c, 0x98, 0xc4, 0x3e, 0xe6, 0xab, 0xc4, 0x3e,
  0x8d, 0xbf, 0xc4, 0x3e, 0x32, 0xd3, 0xc4, 0x3e, 0xd4, 0xe6, 0xc4, 0x3e,
  0x74, 0xfa, 0xc4, 0x3e, 0x11, 0x0e, 0xc5, 0x3e, 0xac, 0x21, 0xc5, 0x3e,
  0x45, 0x35, 0xc5, 0x3e, 0xdb, 0x48, 0xc5, 0x3e, 0x6f, 0x5c, 0xc5, 0x3e,
  0x01, 0x70, 0xc5, 0x3e, 0x90, 0x83, 0xc5, 0x3e, 0x1d, 0x97, 0xc5, 0x3e,
  0xa8, 0xaa, 0xc5, 0x3e, 0x30, 0xbe, 0xc5, 0x3e, 0xb5, 0xd1, 0xc5, 0x3e,
  0x39, 0xe5, 0xc5, 0x3e, 0xba, 0xf8, 0xc5, 0x3e, 0x39, 0x0c, 0xc6, 0x3e,
  0xb5, 0x1f, 0xc6, 0x3e, 0x2f, 0x33, 0xc6, 0x3e, 0xa6, 0x46, 0xc6, 0x3e,
  0x1c, 0x5a, 0xc6, 0x3e, 0x8e, 0x6d, 0xc6, 0x3e, 0xff, 0x80, 0xc6, 0x3e,
  0x6d, 0x94, 0xc6, 0x3e, 0xd9, 0xa7, 0xc6, 0x3e, 0x43, 0xbb, 0xc6, 0x3e,
  0xaa, 0xce, 0xc6, 0x3e, 0x0f, 0xe2, 0xc6, 0x3e, 0x72, 0xf5, 0xc6, 0x3e,
  0xd2, 0x08, 0xc7, 0x3e, 0x30, 0x1c, 0xc7, 0x3e, 0x8c, 0x2f, 0xc7, 0x3e,
  0xe5, 0x42, 0xc7, 0x3e, 0x3d, 0x56, 0xc7, 0x3e, 0x91, 0x69, 0xc7, 0x3e,
  0xe4, 0x7c, 0xc7, 0x3e, 0x34, 0x90, 0xc7, 0x3e, 0x82, 0xa3, 0xc7, 0x3e,
  0xce, 0xb6, 0xc7, 0x3e, 0x17, 0xca, 0xc7, 0x3e, 0x5e, 0xdd, 0xc7, 0x3e,
  0xa2, 0xf0, 0xc7, 0x3e, 0xe5, 0x03, 0xc8, 0x3e, 0x25, 0x17, 0xc8, 0x3e,
  0x63, 0x2a, 0xc8, 0x3e, 0x9f, 0x3d, 0xc8, 0x3e, 0xd8, 0x50, 0xc8, 0x3e,
  0x10, 0x64, 0xc8, 0x3e, 0x44, 0x77, 0xc8, 0x3e, 0x77, 0x8a, 0xc8, 0x3e,
  0xa7, 0x9d, 0xc8, 0x3e, 0xd6, 0xb0, 0xc8, 0x3e, 0x01, 0xc4, 0xc8, 0x3e,
  0x2b, 0xd7, 0xc8, 0x3e, 0x52, 0xea, 0xc8, 0x3e, 0x77, 0xfd, 0xc8, 0x3e,
  0x9b, 0x10, 0xc9, 0x3e, 0xbb, 0x23, 0xc9, 0x3e, 0xda, 0x36, 0xc9, 0x3e,
  0xf5, 0x49, 0xc9, 0x3e, 0x10, 0x5d, 0xc9, 0x3e, 0x27, 0x70, 0xc9, 0x3e,
  0x3d, 0x83, 0xc9, 0x3e, 0x50, 0x96, 0xc9, 0x3e, 0x61, 0xa9, 0xc9, 0x3e,
  0x70, 0xbc, 0xc9, 0x3e, 0x7d, 0xcf, 0xc9, 0x3e, 0x88, 0xe2, 0xc9, 0x3e,
  0x8f, 0xf5, 0xc9, 0x3e, 0x96, 0x08, 0xca, 0x3e, 0x99, 0x1b, 0xca, 0x3e,
  0x9b, 0x2e, 0xca, 0x3e, 0x9a, 0x41, 0xca, 0x3e, 0x98, 0x54, 0xca, 0x3e,
  0x93, 0x67, 0xca, 0x3e, 0x8c, 0x7a, 0xca, 0x3e, 0x83, 0x8d, 0xca, 0x3e,
  0x77, 0xa0, 0xca, 0x3e, 0x6a, 0xb3, 0xca, 0x3e, 0x59, 0xc6, 0xca, 0x3e,
  0x48, 0xd9, 0xca, 0x3e, 0x33, 0xec, 0xca, 0x3e, 0x1d, 0xff, 0xca, 0x3e,
  0x05, 0x12, 0xcb, 0x3e, 0xea, 0x24, 0xcb, 0x3e, 0xcd, 0x37, 0xcb, 0x3e,
  0xae, 0x4a, 0xcb, 0x3e, 0x8d, 0x5d, 0xcb, 0x3e, 0x69, 0x70, 0xcb, 0x3e,
  0x44, 0x83, 0xcb, 0x3e, 0x1d, 0x96, 0xcb, 0x3e, 0xf3, 0xa8, 0xcb, 0x3e,
  0xc7, 0xbb, 0xcb, 0x3e, 0x99, 0xce, 0xcb, 0x3e, 0x69, 0xe1, 0xcb, 0x3e,
  0x36, 0xf4, 0xcb, 0x3e, 0x02, 0x07, 0xcc, 0x3e, 0xcb, 0x19, 0xcc, 0x3e,
  0x93, 0x2c, 0xcc, 0x3e, 0x58, 0x3f, 0xcc, 0x3e, 0x1b, 0x52, 0xcc, 0x3e,
  0xdc, 0x64, 0xcc, 0x3e, 0x9b, 0x77, 0xcc, 0x3e, 0x58, 0x8a, 0xcc, 0x3e,
  0x12, 0x9d, 0xcc, 0x3e, 0xcb, 0xaf, 0xcc, 0x3e, 0x81, 0xc2, 0xcc, 0x3e,
  0x36, 0xd5, 0xcc, 0x3e, 0xe8, 0xe7, 0xcc, 0x3e, 0x98, 0xfa, 0xcc, 0x3e,
  0x46, 0x0d, 0xcd, 0x3e, 0xf2, 0x1f, 0xcd, 0x3e, 0x9c, 0x32, 0xcd, 0x3e,
  0x43, 0x45, 0xcd, 0x3e, 0xe9, 0x57, 0xcd, 0x3e, 0x8c, 0x6a, 0xcd, 0x3e,
  0x2e, 0x7d, 0xcd, 0x3e, 0xce, 0x8f, 0xcd, 0x3e, 0x6b, 0xa2, 0xcd, 0x3e,
  0x06, 0xb5, 0xcd, 0x3e, 0x9f, 0xc7, 0xcd, 0x3e, 0x37, 0xda, 0xcd, 0x3e,
  0xcb, 0xec, 0xcd, 0x3e, 0x5e, 0xff, 0xcd, 0x3e, 0xef, 0x11, 0xce, 0x3e,
  0x7e, 0x24, 0xce, 0x3e, 0x0b, 0x37, 0xce, 0x3e, 0x96, 0x49, 0xce, 0x3e,
  0x1f, 0x5c, 0xce, 0x3e, 0xa5, 0x6e, 0xce, 0x3e, 0x2a, 0x81, 0xce, 0x3e,
  0xac, 0x93, 0xce, 0x3e, 0x2d, 0xa6, 0xce, 0x3e, 0xab, 0xb8, 0xce, 0x3e,
  0x28, 0xcb, 0xce, 0x3e, 0xa2, 0xdd, 0xce, 0x3e, 0x1a, 0xf0, 0xce, 0x3e,
  0x91, 0x02, 0xcf, 0x3e, 0x05, 0x15, 0xcf, 0x3e, 0x77, 0x27, 0xcf, 0x3e,
  0xe7, 0x39, 0xcf, 0x3e, 0x56, 0x4c, 0xcf, 0x3e, 0xc2, 0x5e, 0xcf, 0x3e,
  0x2c, 0x71, 0xcf, 0x3e, 0x95, 0x83, 0xcf, 0x3e, 0xfa, 0x95, 0xcf, 0x3e,
  0x5f, 0xa8, 0xcf, 0x3e, 0xc1, 0xba, 0xcf, 0x3e, 0x21, 0xcd, 0xcf, 0x3e,
  0x7f, 0xdf, 0xcf, 0x3e, 0xdb, 0xf1, 0xcf, 0x3e, 0x36, 0x04, 0xd0, 0x3e,
  0x8e, 0x16, 0xd0, 0x3e, 0xe4, 0x28, 0xd0, 0x3e, 0x38, 0x3b, 0xd0, 0x3e,
  0x8a, 0x4d, 0xd0, 0x3e, 0xda, 0x5f, 0xd0, 0x3e, 0x29, 0x72, 0xd0, 0x3e,
  0x75, 0x84, 0xd0, 0x3e, 0xbf, 0x96, 0xd0, 0x3e, 0x08, 0xa9, 0xd0, 0x3e,
  0x4e, 0xbb, 0xd0, 0x3e, 0x92, 0xcd, 0xd0, 0x3e, 0xd4, 0xdf, 0xd0, 0x3e,
  0x15, 0xf2, 0xd0, 0x3e, 0x53, 0x04, 0xd1, 0x3e, 0x90, 0x16, 0xd1, 0x3e,
  0xca, 0x28, 0xd1, 0x3e, 0x03, 0x3b, 0xd1, 0x3e, 0x39, 0x4d, 0xd1, 0x3e,
  0x6e, 0x5f, 0xd1, 0x3e, 0xa1, 0x71, 0xd1, 0x3e, 0xd1, 0x83, 0xd1, 0x3e,
  0x00, 0x96, 0xd1, 0x3e, 0x2d, 0xa8, 0xd1, 0x3e, 0x58, 0xba, 0xd1, 0x3e,
  0x80, 0xcc, 0xd1, 0x3e, 0xa8, 0xde, 0xd1, 0x3e, 0xcd, 0xf0, 0xd1, 0x3e,
  0xf0, 0x02, 0xd2, 0x3e, 0x11, 0x15, 0xd2, 0x3e, 0x30, 0x27, 0xd2, 0x3e,
  0x4e, 0x39, 0xd2, 0x3e, 0x69, 0x4b, 0xd2, 0x3e, 0x83, 0x5d, 0xd2, 0x3e,
  0x9a, 0x6f, 0xd2, 0x3e, 0xb0, 0x81, 0xd2, 0x3e, 0xc4, 0x93, 0xd2, 0x3e,
  0xd5, 0xa5, 0xd2, 0x3e, 0xe5, 0xb7, 0xd2, 0x3e, 0xf3, 0xc9, 0xd2, 0x3e,
  0xff, 0xdb, 0xd2, 0x3e, 0x09, 0xee, 0xd2, 0x3e, 0x12, 0x00, 0xd3, 0x3e,
  0x18, 0x12, 0xd3, 0x3e, 0x1c, 0x24, 0xd3, 0x3e, 0x1f, 0x36, 0xd3, 0x3e,
  0x20, 0x48, 0xd3, 0x3e, 0x1f, 0x5a, 0xd3, 0x3e, 0x1b, 0x6c, 0xd3, 0x3e,
  0x16, 0x7e, 0xd3, 0x3e, 0x0f, 0x90, 0xd3, 0x3e, 0x07, 0xa2, 0xd3, 0x3e,
  0xfc, 0xb3, 0xd3, 0x3e, 0xef, 0xc5, 0xd3, 0x3e, 0xe1, 0xd7, 0xd3, 0x3e,
  0xd1, 0xe9, 0xd3, 0x3e, 0xbf, 0xfb, 0xd3, 0x3e, 0xaa, 0x0d, 0xd4, 0x3e,
  0x95, 0x1f, 0xd4, 0x3e, 0x7c, 0x31, 0xd4, 0x3e, 0x63, 0x43, 0xd4, 0x3e,
  0x48, 0x55, 0xd4, 0x3e, 0x2a, 0x67, 0xd4, 0x3e, 0x0b, 0x79, 0xd4, 0x3e,
  0xea, 0x8a, 0xd4, 0x3e, 0xc7, 0x9c, 0xd4, 0x3e, 0xa2, 0xae, 0xd4, 0x3e,
  0x7b, 0xc0, 0xd4, 0x3e, 0x53, 0xd2, 0xd4, 0x3e, 0x29, 0xe4, 0xd4, 0x3e,
  0xfd, 0xf5, 0xd4, 0x3e, 0xce, 0x07, 0xd5, 0x3e, 0x9f, 0x19, 0xd5, 0x3e,
  0x6c, 0x2b, 0xd5, 0x3e, 0x39, 0x3d, 0xd5, 0x3e, 0x03, 0x4f, 0xd5, 0x3e,
  0xcc, 0x60, 0xd5, 0x3e, 0x93, 0x72, 0xd5, 0x3e, 0x58, 0x84, 0xd5, 0x3e,
  0x1c, 0x96, 0xd5, 0x3e, 0xdd, 0xa7, 0xd5, 0x3e, 0x9d, 0xb9, 0xd5, 0x3e,
  0x5a, 0xcb, 0xd5, 0x3e, 0x16, 0xdd, 0xd5, 0x3e, 0xd0, 0xee, 0xd5, 0x3e,
  0x89, 0x00, 0xd6, 0x3e, 0x3f, 0x12, 0xd6, 0x3e, 0xf4, 0x23, 0xd6, 0x3e,
  0xa7, 0x35, 0xd6, 0x3e, 0x58, 0x47, 0xd6, 0x3e, 0x07, 0x59, 0xd6, 0x3e,
  0xb5, 0x6a, 0xd6, 0x3e, 0x61, 0x7c, 0xd6, 0x3e, 0x0a, 0x8e, 0xd6, 0x3e,
  0xb2, 0x9f, 0xd6, 0x3e, 0x58, 0xb1, 0xd6, 0x3e, 0xfd, 0xc2, 0xd6, 0x3e,
  0xa0, 0xd4, 0xd6, 0x3e, 0x41, 0xe6, 0xd6, 0x3e, 0xe0, 0xf7, 0xd6, 0x3e,
  0x7d, 0x09, 0xd7, 0x3e, 0x19, 0x1b, 0xd7, 0x3e, 0xb2, 0x2c, 0xd7, 0x3e,
  0x4a, 0x3e, 0xd7, 0x3e, 0xe1, 0x4f, 0xd7, 0x3e, 0x75, 0x61, 0xd7, 0x3e,
  0x08, 0x73, 0xd7, 0x3e, 0x98, 0x84, 0xd7, 0x3e, 0x28, 0x96, 0xd7, 0x3e,
  0xb5, 0xa7, 0xd7, 0x3e, 0x40, 0xb9, 0xd7, 0x3e, 0xca, 0xca, 0xd7, 0x3e,
  0x52, 0xdc, 0xd7, 0x3e, 0xd9, 0xed, 0xd7, 0x3e, 0x5d, 0xff, 0xd7, 0x3e,
  0xe0, 0x10, 0xd8, 0x3e, 0x60, 0x22, 0xd8, 0x3e, 0xe0, 0x33, 0xd8, 0x3e,
  0x5d, 0x45, 0xd8, 0x3e, 0xd9, 0x56, 0xd8, 0x3e, 0x53, 0x68, 0xd8, 0x3e,
  0xcb, 0x79, 0xd8, 0x3e, 0x42, 0x8b, 0xd8, 0x3e, 0xb6, 0x9c, 0xd8, 0x3e,
  0x2a, 0xae, 0xd8, 0x3e, 0x9a, 0xbf, 0xd8, 0x3e, 0x0a, 0xd1, 0xd8, 0x3e,
  0x78, 0xe2, 0xd8, 0x3e, 0xe4, 0xf3, 0xd8, 0x3e, 0x4e, 0x05, 0xd9, 0x3e,
  0xb7, 0x16, 0xd9, 0x3e, 0x1e, 0x28, 0xd9, 0x3e, 0x83, 0x39, 0xd9, 0x3e,
  0xe6, 0x4a, 0xd9, 0x3e, 0x48, 0x5c, 0xd9, 0x3e, 0xa8, 0x6d, 0xd9, 0x3e,
  0x06, 0x7f, 0xd9, 0x3e, 0x62, 0x90, 0xd9, 0x3e, 0xbd, 0xa1, 0xd9, 0x3e,
  0x16, 0xb3, 0xd9, 0x3e, 0x6e, 0xc4, 0xd9, 0x3e, 0xc3, 0xd5, 0xd9, 0x3e,
  0x17, 0xe7, 0xd9, 0x3e, 0x69, 0xf8, 0xd9, 0x3e, 0xba, 0x09, 0xda, 0x3e,
  0x09, 0x1b, 0xda, 0x3e, 0x56, 0x2c, 0xda, 0x3e, 0xa1, 0x3d, 0xda, 0x3e,
  0xeb, 0x4e, 0xda, 0x3e, 0x33, 0x60, 0xda, 0x3e, 0x79, 0x71, 0xda, 0x3e,
  0xbe, 0x82, 0xda, 0x3e, 0x01, 0x94, 0xda, 0x3e, 0x42, 0xa5, 0xda, 0x3e,
  0x81, 0xb6, 0xda, 0x3e, 0xc0, 0xc7, 0xda, 0x3e, 0xfc, 0xd8, 0xda, 0x3e,
  0x36, 0xea, 0xda, 0x3e, 0x6f, 0xfb, 0xda, 0x3e, 0xa6, 0x0c, 0xdb, 0x3e,
  0xdc, 0x1d, 0xdb, 0x3e, 0x0f, 0x2f, 0xdb, 0x3e, 0x42, 0x40, 0xdb, 0x3e,
  0x72, 0x51, 0xdb, 0x3e, 0xa1, 0x62, 0xdb, 0x3e, 0xce, 0x73, 0xdb, 0x3e,
  0xf9, 0x84, 0xdb, 0x3e, 0x23, 0x96, 0xdb, 0x3e, 0x4b, 0xa7, 0xdb, 0x3e,
  0x72, 0xb8, 0xdb, 0x3e, 0x96, 0xc9, 0xdb, 0x3e, 0xba, 0xda, 0xdb, 0x3e,
  0xdb, 0xeb, 0xdb, 0x3e, 0xfb, 0xfc, 0xdb, 0x3e, 0x19, 0x0e, 0xdc, 0x3e,
  0x36, 0x1f, 0xdc, 0x3e, 0x51, 0x30, 0xdc, 0x3e, 0x6a, 0x41, 0xdc, 0x3e,
  0x81, 0x52, 0xdc, 0x3e, 0x97, 0x63, 0xdc, 0x3e, 0xac, 0x74, 0xdc, 0x3e,
  0xbe, 0x85, 0xdc, 0x3e, 0xcf, 0x96, 0xdc, 0x3e, 0xdf, 0xa7, 0xdc, 0x3e,
  0xec, 0xb8, 0xdc, 0x3e, 0xf8, 0xc9, 0xdc, 0x3e, 0x03, 0xdb, 0xdc, 0x3e,
  0x0c, 0xec, 0xdc, 0x3e, 0x12, 0xfd, 0xdc, 0x3e, 0x18, 0x0e, 0xdd, 0x3e,
  0x1c, 0x1f, 0xdd, 0x3e, 0x1e, 0x30, 0xdd, 0x3e, 0x1f, 0x41, 0xdd, 0x3e,
  0x1e, 0x52, 0xdd, 0x3e, 0x1c, 0x63, 0xdd, 0x3e, 0x17, 0x74, 0xdd, 0x3e,
  0x12, 0x85, 0xdd, 0x3e, 0x0a, 0x96, 0xdd, 0x3e, 0x01, 0xa7, 0xdd, 0x3e,
  0xf6, 0xb7, 0xdd, 0x3e, 0xea, 0xc8, 0xdd, 0x3e, 0xdd, 0xd9, 0xdd, 0x3e,
  0xcd, 0xea, 0xdd, 0x3e, 0xbc, 0xfb, 0xdd, 0x3e, 0xa9, 0x0c, 0xde, 0x3e,
  0x95, 0x1d, 0xde, 0x3e, 0x7f, 0x2e, 0xde, 0x3e, 0x68, 0x3f, 0xde, 0x3e,
  0x4e, 0x50, 0xde, 0x3e, 0x34, 0x61, 0xde, 0x3e, 0x18, 0x72, 0xde, 0x3e,
  0xfa, 0x82, 0xde, 0x3e, 0xdb, 0x93, 0xde, 0x3e, 0xb9, 0xa4, 0xde, 0x3e,
  0x97, 0xb5, 0xde, 0x3e, 0x72, 0xc6, 0xde, 0x3e, 0x4d, 0xd7, 0xde, 0x3e,
  0x26, 0xe8, 0xde, 0x3e, 0xfc, 0xf8, 0xde, 0x3e, 0xd2, 0x09, 0xdf, 0x3e,
  0xa5, 0x1a, 0xdf, 0x3e, 0x78, 0x2b, 0xdf, 0x3e, 0x48, 0x3c, 0xdf, 0x3e,
  0x18, 0x4d, 0xdf, 0x3e, 0xe5, 0x5d, 0xdf, 0x3e, 0xb1, 0x6e, 0xdf, 0x3e,
  0x7c, 0x7f, 0xdf, 0x3e, 0x45, 0x90, 0xdf, 0x3e, 0x0c, 0xa1, 0xdf, 0x3e,
  0xd2, 0xb1, 0xdf, 0x3e, 0x96, 0xc2, 0xdf, 0x3e, 0x58, 0xd3, 0xdf, 0x3e,
  0x1a, 0xe4, 0xdf, 0x3e, 0xd9, 0xf4, 0xdf, 0x3e, 0x97, 0x05, 0xe0, 0x3e,
  0x54, 0x16, 0xe0, 0x3e, 0x0e, 0x27, 0xe0, 0x3e, 0xc8, 0x37, 0xe0, 0x3e,
  0x7f, 0x48, 0xe0, 0x3e, 0x35, 0x59, 0xe0, 0x3e, 0xea, 0x69, 0xe0, 0x3e,
  0x9d, 0x7a, 0xe0, 0x3e, 0x4e, 0x8b, 0xe0, 0x3e, 0xff, 0x9b, 0xe0, 0x3e,
  0xad, 0xac, 0xe0, 0x3e, 0x5a, 0xbd, 0xe0, 0x3e, 0x05, 0xce, 0xe0, 0x3e,
  0xaf, 0xde, 0xe0, 0x3e, 0x57, 0xef, 0xe0, 0x3e, 0xfe, 0xff, 0xe0, 0x3e,
  0xa3, 0x10, 0xe1, 0x3e, 0x47, 0x21, 0xe1, 0x3e, 0xe9, 0x31, 0xe1, 0x3e,
  0x8a, 0x42, 0xe1, 0x3e, 0x29, 0x53, 0xe1, 0x3e, 0xc7, 0x63, 0xe1, 0x3e,
  0x62, 0x74, 0xe1, 0x3e, 0xfd, 0x84, 0xe1, 0x3e, 0x96, 0x95, 0xe1, 0x3e,
  0x2e, 0xa6, 0xe1, 0x3e, 0xc3, 0xb6, 0xe1, 0x3e, 0x58, 0xc7, 0xe1, 0x3e,
  0xeb, 0xd7, 0xe1, 0x3e, 0x7c, 0xe8, 0xe1, 0x3e, 0x0d, 0xf9, 0xe1, 0x3e,
  0x9b, 0x09, 0xe2, 0x3e, 0x28, 0x1a, 0xe2, 0x3e, 0xb3, 0x2a, 0xe2, 0x3e,
  0x3d, 0x3b, 0xe2, 0x3e, 0xc6, 0x4b, 0xe2, 0x3e, 0x4c, 0x5c, 0xe2, 0x3e,
  0xd2, 0x6c, 0xe2, 0x3e, 0x55, 0x7d, 0xe2, 0x3e, 0xd8, 0x8d, 0xe2, 0x3e,
  0x59, 0x9e, 0xe2, 0x3e, 0xd8, 0xae, 0xe2, 0x3e, 0x56, 0xbf, 0xe2, 0x3e,
  0xd3, 0xcf, 0xe2, 0x3e, 0x4e, 0xe0, 0xe2, 0x3e, 0xc7, 0xf0, 0xe2, 0x3e,
  0x3f, 0x01, 0xe3, 0x3e, 0xb5, 0x11, 0xe3, 0x3e, 0x2a, 0x22, 0xe3, 0x3e,
  0x9d, 0x32, 0xe3, 0x3e, 0x10, 0x43, 0xe3, 0x3e, 0x80, 0x53, 0xe3, 0x3e,
  0xef, 0x63, 0xe3, 0x3e, 0x5d, 0x74, 0xe3, 0x3e, 0xc9, 0x84, 0xe3, 0x3e,
  0x34, 0x95, 0xe3, 0x3e, 0x9c, 0xa5, 0xe3, 0x3e, 0x04, 0xb6, 0xe3, 0x3e,
  0x6a, 0xc6, 0xe3, 0x3e, 0xcf, 0xd6, 0xe3, 0x3e, 0x32, 0xe7, 0xe3, 0x3e,
  0x94, 0xf7, 0xe3, 0x3e, 0xf5, 0x07, 0xe4, 0x3e, 0x53, 0x18, 0xe4, 0x3e,
  0xb1, 0x28, 0xe4, 0x3e, 0x0c, 0x39, 0xe4, 0x3e, 0x67, 0x49, 0xe4, 0x3e,
  0xc0, 0x59, 0xe4, 0x3e, 0x17, 0x6a, 0xe4, 0x3e, 0x6d, 0x7a, 0xe4, 0x3e,
  0xc2, 0x8a, 0xe4, 0x3e, 0x16, 0x9b, 0xe4, 0x3e, 0x67, 0xab, 0xe4, 0x3e,
  0xb7, 0xbb, 0xe4, 0x3e, 0x06, 0xcc, 0xe4, 0x3e, 0x54, 0xdc, 0xe4, 0x3e,
  0x9f, 0xec, 0xe4, 0x3e, 0xea, 0xfc, 0xe4, 0x3e, 0x33, 0x0d, 0xe5, 0x3e,
  0x7a, 0x1d, 0xe5, 0x3e, 0xc1, 0x2d, 0xe5, 0x3e, 0x05, 0x3e, 0xe5, 0x3e,
  0x49, 0x4e, 0xe5, 0x3e, 0x8a, 0x5e, 0xe5, 0x3e, 0xcb, 0x6e, 0xe5, 0x3e,
  0x09, 0x7f, 0xe5, 0x3e, 0x47, 0x8f, 0xe5, 0x3e, 0x83, 0x9f, 0xe5, 0x3e,
  0xbe, 0xaf, 0xe5, 0x3e, 0xf7, 0xbf, 0xe5, 0x3e, 0x2f, 0xd0, 0xe5, 0x3e,
  0x65, 0xe0, 0xe5, 0x3e, 0x9a, 0xf0, 0xe5, 0x3e, 0xce, 0x00, 0xe6, 0x3e,
  0x00, 0x11, 0xe6, 0x3e, 0x31, 0x21, 0xe6, 0x3e, 0x60, 0x31, 0xe6, 0x3e,
  0x8e, 0x41, 0xe6, 0x3e, 0xba, 0x51, 0xe6, 0x3e, 0xe5, 0x61, 0xe6, 0x3e,
  0x0f, 0x72, 0xe6, 0x3e, 0x37, 0x82, 0xe6, 0x3e, 0x5e, 0x92, 0xe6, 0x3e,
  0x83, 0xa2, 0xe6, 0x3e, 0xa7, 0xb2, 0xe6, 0x3e, 0xca, 0xc2, 0xe6, 0x3e,
  0xea, 0xd2, 0xe6, 0x3e, 0x0a, 0xe3, 0xe6, 0x3e, 0x28, 0xf3, 0xe6, 0x3e,
  0x46, 0x03, 0xe7, 0x3e, 0x61, 0x13, 0xe7, 0x3e, 0x7b, 0x23, 0xe7, 0x3e,
  0x94, 0x33, 0xe7, 0x3e, 0xab, 0x43, 0xe7, 0x3e, 0xc1, 0x53, 0xe7, 0x3e,
  0xd5, 0x63, 0xe7, 0x3e, 0xe9, 0x73, 0xe7, 0x3e, 0xfa, 0x83, 0xe7, 0x3e,
  0x0b, 0x94, 0xe7, 0x3e, 0x19, 0xa4, 0xe7, 0x3e, 0x27, 0xb4, 0xe7, 0x3e,
  0x33, 0xc4, 0xe7, 0x3e, 0x3e, 0xd4, 0xe7, 0x3e, 0x48, 0xe4, 0xe7, 0x3e,
  0x50, 0xf4, 0xe7, 0x3e, 0x56, 0x04, 0xe8, 0x3e, 0x5b, 0x14, 0xe8, 0x3e,
  0x60, 0x24, 0xe8, 0x3e, 0x62, 0x34, 0xe8, 0x3e, 0x63, 0x44, 0xe8, 0x3e,
  0x62, 0x54, 0xe8, 0x3e, 0x61, 0x64, 0xe8, 0x3e, 0x5e, 0x74, 0xe8, 0x3e,
  0x5a, 0x84, 0xe8, 0x3e, 0x54, 0x94, 0xe8, 0x3e, 0x4d, 0xa4, 0xe8, 0x3e,
  0x44, 0xb4, 0xe8, 0x3e, 0x3a, 0xc4, 0xe8, 0x3e, 0x2f, 0xd4, 0xe8, 0x3e,
  0x22, 0xe4, 0xe8, 0x3e, 0x15, 0xf4, 0xe8, 0x3e, 0x06, 0x04, 0xe9, 0x3e,
  0xf5, 0x13, 0xe9, 0x3e, 0xe3, 0x23, 0xe9, 0x3e, 0xcf, 0x33, 0xe9, 0x3e,
  0xbb, 0x43, 0xe9, 0x3e, 0xa4, 0x53, 0xe9, 0x3e, 0x8d, 0x63, 0xe9, 0x3e,
  0x74, 0x73, 0xe9, 0x3e, 0x5a, 0x83, 0xe9, 0x3e, 0x3f, 0x93, 0xe9, 0x3e,
  0x21, 0xa3, 0xe9, 0x3e, 0x03, 0xb3, 0xe9, 0x3e, 0xe3, 0xc2, 0xe9, 0x3e,
  0xc3, 0xd2, 0xe9, 0x3e, 0xa0, 0xe2, 0xe9, 0x3e, 0x7d, 0xf2, 0xe9, 0x3e,
  0x58, 0x02, 0xea, 0x3e, 0x32, 0x12, 0xea, 0x3e, 0x0a, 0x22, 0xea, 0x3e,
  0xe1, 0x31, 0xea, 0x3e, 0xb7, 0x41, 0xea, 0x3e, 0x8b, 0x51, 0xea, 0x3e,
  0x5e, 0x61, 0xea, 0x3e, 0x2f, 0x71, 0xea, 0x3e, 0x00, 0x81, 0xea, 0x3e,
  0xcf, 0x90, 0xea, 0x3e, 0x9d, 0xa0, 0xea, 0x3e, 0x69, 0xb0, 0xea, 0x3e,
  0x34, 0xc0, 0xea, 0x3e, 0xfe, 0xcf, 0xea, 0x3e, 0xc6, 0xdf, 0xea, 0x3e,
  0x8d, 0xef, 0xea, 0x3e, 0x53, 0xff, 0xea, 0x3e, 0x17, 0x0f, 0xeb, 0x3e,
  0xdb, 0x1e, 0xeb, 0x3e, 0x9c, 0x2e, 0xeb, 0x3e, 0x5d, 0x3e, 0xeb, 0x3e,
  0x1b, 0x4e, 0xeb, 0x3e, 0xda, 0x5d, 0xeb, 0x3e, 0x96, 0x6d, 0xeb, 0x3e,
  0x51, 0x7d, 0xeb, 0x3e, 0x0b, 0x8d, 0xeb, 0x3e, 0xc3, 0x9c, 0xeb, 0x3e,
  0x7b, 0xac, 0xeb, 0x3e, 0x30, 0xbc, 0xeb, 0x3e, 0xe5, 0xcb, 0xeb, 0x3e,
  0x98, 0xdb, 0xeb, 0x3e, 0x4b, 0xeb, 0xeb, 0x3e, 0xfb, 0xfa, 0xeb, 0x3e,
  0xab, 0x0a, 0xec, 0x3e, 0x58, 0x1a, 0xec, 0x3e, 0x05, 0x2a, 0xec, 0x3e,
  0xb1, 0x39, 0xec, 0x3e, 0x5b, 0x49, 0xec, 0x3e, 0x04, 0x59, 0xec, 0x3e,
  0xab, 0x68, 0xec, 0x3e, 0x52, 0x78, 0xec, 0x3e, 0xf7, 0x87, 0xec, 0x3e,
  0x9a, 0x97, 0xec, 0x3e, 0x3d, 0xa7, 0xec, 0x3e, 0xde, 0xb6, 0xec, 0x3e,
  0x7e, 0xc6, 0xec, 0x3e, 0x1c, 0xd6, 0xec, 0x3e, 0xba, 0xe5, 0xec, 0x3e,
  0x55, 0xf5, 0xec, 0x3e, 0xf0, 0x04, 0xed, 0x3e, 0x89, 0x14, 0xed, 0x3e,
  0x22, 0x24, 0xed, 0x3e, 0xb9, 0x33, 0xed, 0x3e, 0x4e, 0x43, 0xed, 0x3e,
  0xe2, 0x52, 0xed, 0x3e, 0x75, 0x62, 0xed, 0x3e, 0x07, 0x72, 0xed, 0x3e,
  0x97, 0x81, 0xed, 0x3e, 0x27, 0x91, 0xed, 0x3e, 0xb4, 0xa0, 0xed, 0x3e,
  0x41, 0xb0, 0xed, 0x3e, 0xcc, 0xbf, 0xed, 0x3e, 0x56, 0xcf, 0xed, 0x3e,
  0xdf, 0xde, 0xed, 0x3e, 0x66, 0xee, 0xed, 0x3e, 0xed, 0xfd, 0xed, 0x3e,
  0x72, 0x0d, 0xee, 0x3e, 0xf6, 0x1c, 0xee, 0x3e, 0x78, 0x2c, 0xee, 0x3e,
  0xf9, 0x3b, 0xee, 0x3e, 0x79, 0x4b, 0xee, 0x3e, 0xf8, 0x5a, 0xee, 0x3e,
  0x75, 0x6a, 0xee, 0x3e, 0xf1, 0x79, 0xee, 0x3e, 0x6c, 0x89, 0xee, 0x3e,
  0xe5, 0x98, 0xee, 0x3e, 0x5e, 0xa8, 0xee, 0x3e, 0xd5, 0xb7, 0xee, 0x3e,
  0x4b, 0xc7, 0xee, 0x3e, 0xc0, 0xd6, 0xee, 0x3e, 0x33, 0xe6, 0xee, 0x3e,
  0xa5, 0xf5, 0xee, 0x3e, 0x16, 0x05, 0xef, 0x3e, 0x85, 0x14, 0xef, 0x3e,
  0xf4, 0x23, 0xef, 0x3e, 0x61, 0x33, 0xef, 0x3e, 0xcc, 0x42, 0xef, 0x3e,
  0x37, 0x52, 0xef, 0x3e, 0xa1, 0x61, 0xef, 0x3e, 0x09, 0x71, 0xef, 0x3e,
  0x70, 0x80, 0xef, 0x3e, 0xd5, 0x8f, 0xef, 0x3e, 0x3a, 0x9f, 0xef, 0x3e,
  0x9d, 0xae, 0xef, 0x3e, 0xff, 0xbd, 0xef, 0x3e, 0x5f, 0xcd, 0xef, 0x3e,
  0xbf, 0xdc, 0xef, 0x3e, 0x1d, 0xec, 0xef, 0x3e, 0x7a, 0xfb, 0xef, 0x3e,
  0xd6, 0x0a, 0xf0, 0x3e, 0x30, 0x1a, 0xf0, 0x3e, 0x8a, 0x29, 0xf0, 0x3e,
  0xe2, 0x38, 0xf0, 0x3e, 0x39, 0x48, 0xf0, 0x3e, 0x8e, 0x57, 0xf0, 0x3e,
  0xe3, 0x66, 0xf0, 0x3e, 0x36, 0x76, 0xf0, 0x3e, 0x88, 0x85, 0xf0, 0x3e,
  0xd9, 0x94, 0xf0, 0x3e, 0x28, 0xa4, 0xf0, 0x3e, 0x76, 0xb3, 0xf0, 0x3e,
  0xc3, 0xc2, 0xf0, 0x3e, 0x0f, 0xd2, 0xf0, 0x3e, 0x5a, 0xe1, 0xf0, 0x3e,
  0xa3, 0xf0, 0xf0, 0x3e, 0xeb, 0xff, 0xf0, 0x3e, 0x32, 0x0f, 0xf1, 0x3e,
  0x78, 0x1e, 0xf1, 0x3e, 0xbc, 0x2d, 0xf1, 0x3e, 0x00, 0x3d, 0xf1, 0x3e,
  0x42, 0x4c, 0xf1, 0x3e, 0x83, 0x5b, 0xf1, 0x3e, 0xc3, 0x6a, 0xf1, 0x3e,
  0x01, 0x7a, 0xf1, 0x3e, 0x3f, 0x89, 0xf1, 0x3e, 0x7a, 0x98, 0xf1, 0x3e,
  0xb5, 0xa7, 0xf1, 0x3e, 0xef, 0xb6, 0xf1, 0x3e, 0x28, 0xc6, 0xf1, 0x3e,
  0x5f, 0xd5, 0xf1, 0x3e, 0x95, 0xe4, 0xf1, 0x3e, 0xca, 0xf3, 0xf1, 0x3e,
  0xfd, 0x02, 0xf2, 0x3e, 0x30, 0x12, 0xf2, 0x3e, 0x61, 0x21, 0xf2, 0x3e,
  0x91, 0x30, 0xf2, 0x3e, 0xc0, 0x3f, 0xf2, 0x3e, 0xee, 0x4e, 0xf2, 0x3e,
  0x1a, 0x5e, 0xf2, 0x3e, 0x46, 0x6d, 0xf2, 0x3e, 0x70, 0x7c, 0xf2, 0x3e,
  0x99, 0x8b, 0xf2, 0x3e, 0xc1, 0x9a, 0xf2, 0x3e, 0xe7, 0xa9, 0xf2, 0x3e,
  0x0d, 0xb9, 0xf2, 0x3e, 0x30, 0xc8, 0xf2, 0x3e, 0x54, 0xd7, 0xf2, 0x3e,
  0x75, 0xe6, 0xf2, 0x3e, 0x96, 0xf5, 0xf2, 0x3e, 0xb6, 0x04, 0xf3, 0x3e,
  0xd4, 0x13, 0xf3, 0x3e, 0xf1, 0x22, 0xf3, 0x3e, 0x0d, 0x32, 0xf3, 0x3e,
  0x28, 0x41, 0xf3, 0x3e, 0x41, 0x50, 0xf3, 0x3e, 0x5a, 0x5f, 0xf3, 0x3e,
  0x71, 0x6e, 0xf3, 0x3e, 0x87, 0x7d, 0xf3, 0x3e, 0x9c, 0x8c, 0xf3, 0x3e,
  0xaf, 0x9b, 0xf3, 0x3e, 0xc2, 0xaa, 0xf3, 0x3e, 0xd3, 0xb9, 0xf3, 0x3e,
  0xe4, 0xc8, 0xf3, 0x3e, 0xf2, 0xd7, 0xf3, 0x3e, 0x00, 0xe7, 0xf3, 0x3e,
  0x0d, 0xf6, 0xf3, 0x3e, 0x19, 0x05, 0xf4, 0x3e, 0x23, 0x14, 0xf4, 0x3e,
  0x2c, 0x23, 0xf4, 0x3e, 0x34, 0x32, 0xf4, 0x3e, 0x3b, 0x41, 0xf4, 0x3e,
  0x41, 0x50, 0xf4, 0x3e, 0x45, 0x5f, 0xf4, 0x3e, 0x49, 0x6e, 0xf4, 0x3e,
  0x4b, 0x7d, 0xf4, 0x3e, 0x4c, 0x8c, 0xf4, 0x3e, 0x4c, 0x9b, 0xf4, 0x3e,
  0x4b, 0xaa, 0xf4, 0x3e, 0x49, 0xb9, 0xf4, 0x3e, 0x45, 0xc8, 0xf4, 0x3e,
  0x40, 0xd7, 0xf4, 0x3e, 0x3a, 0xe6, 0xf4, 0x3e, 0x33, 0xf5, 0xf4, 0x3e,
  0x2c, 0x04, 0xf5, 0x3e, 0x22, 0x13, 0xf5, 0x3e, 0x18, 0x22, 0xf5, 0x3e,
  0x0c, 0x31, 0xf5, 0x3e, 0xff, 0x3f, 0xf5, 0x3e, 0xf1, 0x4e, 0xf5, 0x3e,
  0xe3, 0x5d, 0xf5, 0x3e, 0xd2, 0x6c, 0xf5, 0x3e, 0xc1, 0x7b, 0xf5, 0x3e,
  0xaf, 0x8a, 0xf5, 0x3e, 0x9b, 0x99, 0xf5, 0x3e, 0x87, 0xa8, 0xf5, 0x3e,
  0x70, 0xb7, 0xf5, 0x3e, 0x5a, 0xc6, 0xf5, 0x3e, 0x41, 0xd5, 0xf5, 0x3e,
  0x28, 0xe4, 0xf5, 0x3e, 0x0e, 0xf3, 0xf5, 0x3e, 0xf2, 0x01, 0xf6, 0x3e,
  0xd6, 0x10, 0xf6, 0x3e, 0xb8, 0x1f, 0xf6, 0x3e, 0x99, 0x2e, 0xf6, 0x3e,
  0x79, 0x3d, 0xf6, 0x3e, 0x58, 0x4c, 0xf6, 0x3e, 0x35, 0x5b, 0xf6, 0x3e,
  0x12, 0x6a, 0xf6, 0x3e, 0xed, 0x78, 0xf6, 0x3e, 0xc8, 0x87, 0xf6, 0x3e,
  0xa1, 0x96, 0xf6, 0x3e, 0x79, 0xa5, 0xf6, 0x3e, 0x50, 0xb4, 0xf6, 0x3e,
  0x26, 0xc3, 0xf6, 0x3e, 0xfb, 0xd1, 0xf6, 0x3e, 0xce, 0xe0, 0xf6, 0x3e,
  0xa1, 0xef, 0xf6, 0x3e, 0x72, 0xfe, 0xf6, 0x3e, 0x42, 0x0d, 0xf7, 0x3e,
  0x12, 0x1c, 0xf7, 0x3e, 0xdf, 0x2a, 0xf7, 0x3e, 0xac, 0x39, 0xf7, 0x3e,
  0x78, 0x48, 0xf7, 0x3e, 0x43, 0x57, 0xf7, 0x3e, 0x0c, 0x66, 0xf7, 0x3e,
  0xd5, 0x74, 0xf7, 0x3e, 0x9c, 0x83, 0xf7, 0x3e, 0x62, 0x92, 0xf7, 0x3e,
  0x28, 0xa1, 0xf7, 0x3e, 0xeb, 0xaf, 0xf7, 0x3e, 0xae, 0xbe, 0xf7, 0x3e,
  0x70, 0xcd, 0xf7, 0x3e, 0x31, 0xdc, 0xf7, 0x3e, 0xf0, 0xea, 0xf7, 0x3e,
  0xaf, 0xf9, 0xf7, 0x3e, 0x6d, 0x08, 0xf8, 0x3e, 0x29, 0x17, 0xf8, 0x3e,
  0xe4, 0x25, 0xf8, 0x3e, 0x9e, 0x34, 0xf8, 0x3e, 0x57, 0x43, 0xf8, 0x3e,
  0x0f, 0x52, 0xf8, 0x3e, 0xc6, 0x60, 0xf8, 0x3e, 0x7b, 0x6f, 0xf8, 0x3e,
  0x30, 0x7e, 0xf8, 0x3e, 0xe4, 0x8c, 0xf8, 0x3e, 0x96, 0x9b, 0xf8, 0x3e,
  0x47, 0xaa, 0xf8, 0x3e, 0xf7, 0xb8, 0xf8, 0x3e, 0xa7, 0xc7, 0xf8, 0x3e,
  0x54, 0xd6, 0xf8, 0x3e, 0x02, 0xe5, 0xf8, 0x3e, 0xad, 0xf3, 0xf8, 0x3e,
  0x58, 0x02, 0xf9, 0x3e, 0x02, 0x11, 0xf9, 0x3e, 0xaa, 0x1f, 0xf9, 0x3e,
  0x52, 0x2e, 0xf9, 0x3e, 0xf8, 0x3c, 0xf9, 0x3e, 0x9e, 0x4b, 0xf9, 0x3e,
  0x42, 0x5a, 0xf9, 0x3e, 0xe5, 0x68, 0xf9, 0x3e, 0x87, 0x77, 0xf9, 0x3e,
  0x29, 0x86, 0xf9, 0x3e, 0xc9, 0x94, 0xf9, 0x3e, 0x67, 0xa3, 0xf9, 0x3e,
  0x05, 0xb2, 0xf9, 0x3e, 0xa2, 0xc0, 0xf9, 0x3e, 0x3e, 0xcf, 0xf9, 0x3e,
  0xd8, 0xdd, 0xf9, 0x3e, 0x72, 0xec, 0xf9, 0x3e, 0x0a, 0xfb, 0xf9, 0x3e,
  0xa2, 0x09, 0xfa, 0x3e, 0x38, 0x18, 0xfa, 0x3e, 0xcd, 0x26, 0xfa, 0x3e,
  0x61, 0x35, 0xfa, 0x3e, 0xf4, 0x43, 0xfa, 0x3e, 0x86, 0x52, 0xfa, 0x3e,
  0x17, 0x61, 0xfa, 0x3e, 0xa7, 0x6f, 0xfa, 0x3e, 0x36, 0x7e, 0xfa, 0x3e,
  0xc4, 0x8c, 0xfa, 0x3e, 0x51, 0x9b, 0xfa, 0x3e, 0xdc, 0xa9, 0xfa, 0x3e,
  0x67, 0xb8, 0xfa, 0x3e, 0xf0, 0xc6, 0xfa, 0x3e, 0x79, 0xd5, 0xfa, 0x3e,
  0x00, 0xe4, 0xfa, 0x3e, 0x86, 0xf2, 0xfa, 0x3e, 0x0c, 0x01, 0xfb, 0x3e,
  0x90, 0x0f, 0xfb, 0x3e, 0x13, 0x1e, 0xfb, 0x3e, 0x95, 0x2c, 0xfb, 0x3e,
  0x16, 0x3b, 0xfb, 0x3e, 0x96, 0x49, 0xfb, 0x3e, 0x15, 0x58, 0xfb, 0x3e,
  0x93, 0x66, 0xfb, 0x3e, 0x10, 0x75, 0xfb, 0x3e, 0x8c, 0x83, 0xfb, 0x3e,
  0x06, 0x92, 0xfb, 0x3e, 0x80, 0xa0, 0xfb, 0x3e, 0xf9, 0xae, 0xfb, 0x3e,
  0x70, 0xbd, 0xfb, 0x3e, 0xe7, 0xcb, 0xfb, 0x3e, 0x5c, 0xda, 0xfb, 0x3e,
  0xd0, 0xe8, 0xfb, 0x3e, 0x44, 0xf7, 0xfb, 0x3e, 0xb7, 0x05, 0xfc, 0x3e,
  0x28, 0x14, 0xfc, 0x3e, 0x98, 0x22, 0xfc, 0x3e, 0x07, 0x31, 0xfc, 0x3e,
  0x76, 0x3f, 0xfc, 0x3e, 0xe3, 0x4d, 0xfc, 0x3e, 0x4f, 0x5c, 0xfc, 0x3e,
  0xba, 0x6a, 0xfc, 0x3e, 0x24, 0x79, 0xfc, 0x3e, 0x8d, 0x87, 0xfc, 0x3e,
  0xf5, 0x95, 0xfc, 0x3e, 0x5c, 0xa4, 0xfc, 0x3e, 0xc2, 0xb2, 0xfc, 0x3e,
  0x27, 0xc1, 0xfc, 0x3e, 0x8a, 0xcf, 0xfc, 0x3e, 0xed, 0xdd, 0xfc, 0x3e,
  0x4f, 0xec, 0xfc, 0x3e, 0xb0, 0xfa, 0xfc, 0x3e, 0x10, 0x09, 0xfd, 0x3e,
  0x6e, 0x17, 0xfd, 0x3e, 0xcc, 0x25, 0xfd, 0x3e, 0x28, 0x34, 0xfd, 0x3e,
  0x84, 0x42, 0xfd, 0x3e, 0xdf, 0x50, 0xfd, 0x3e, 0x38, 0x5f, 0xfd, 0x3e,
  0x91, 0x6d, 0xfd, 0x3e, 0xe8, 0x7b, 0xfd, 0x3e, 0x3f, 0x8a, 0xfd, 0x3e,
  0x94, 0x98, 0xfd, 0x3e, 0xe9, 0xa6, 0xfd, 0x3e, 0x3c, 0xb5, 0xfd, 0x3e,
  0x8f, 0xc3, 0xfd, 0x3e, 0xe0, 0xd1, 0xfd, 0x3e, 0x31, 0xe0, 0xfd, 0x3e,
  0x80, 0xee, 0xfd, 0x3e, 0xce, 0xfc, 0xfd, 0x3e, 0x1c, 0x0b, 0xfe, 0x3e,
  0x68, 0x19, 0xfe, 0x3e, 0xb3, 0x27, 0xfe, 0x3e, 0xfd, 0x35, 0xfe, 0x3e,
  0x47, 0x44, 0xfe, 0x3e, 0x8f, 0x52, 0xfe, 0x3e, 0xd6, 0x60, 0xfe, 0x3e,
  0x1d, 0x6f, 0xfe, 0x3e, 0x62, 0x7d, 0xfe, 0x3e, 0xa6, 0x8b, 0xfe, 0x3e,
  0xe9, 0x99, 0xfe, 0x3e, 0x2c, 0xa8, 0xfe, 0x3e, 0x6c, 0xb6, 0xfe, 0x3e,
  0xad, 0xc4, 0xfe, 0x3e, 0xec, 0xd2, 0xfe, 0x3e, 0x2a, 0xe1, 0xfe, 0x3e,
  0x68, 0xef, 0xfe, 0x3e, 0xa4, 0xfd, 0xfe, 0x3e, 0xdf, 0x0b, 0xff, 0x3e,
  0x19, 0x1a, 0xff, 0x3e, 0x52, 0x28, 0xff, 0x3e, 0x8a, 0x36, 0xff, 0x3e,
  0xc2, 0x44, 0xff, 0x3e, 0xf7, 0x52, 0xff, 0x3e, 0x2d, 0x61, 0xff, 0x3e,
  0x61, 0x6f, 0xff, 0x3e, 0x94, 0x7d, 0xff, 0x3e, 0xc7, 0x8b, 0xff, 0x3e,
  0xf8, 0x99, 0xff, 0x3e, 0x28, 0xa8, 0xff, 0x3e, 0x57, 0xb6, 0xff, 0x3e,
  0x85, 0xc4, 0xff, 0x3e, 0xb2, 0xd2, 0xff, 0x3e, 0xdf, 0xe0, 0xff, 0x3e,
  0x0a, 0xef, 0xff, 0x3e, 0x34, 0xfd, 0xff, 0x3e, 0xaf, 0x05, 0x00, 0x3f,
  0xc3, 0x0c, 0x00, 0x3f, 0xd7, 0x13, 0x00, 0x3f, 0xea, 0x1a, 0x00, 0x3f,
  0xfc, 0x21, 0x00, 0x3f, 0x0f, 0x29, 0x00, 0x3f, 0x20, 0x30, 0x00, 0x3f,
  0x32, 0x37, 0x00, 0x3f, 0x42, 0x3e, 0x00, 0x3f, 0x53, 0x45, 0x00, 0x3f,
  0x62, 0x4c, 0x00, 0x3f, 0x71, 0x53, 0x00, 0x3f, 0x80, 0x5a, 0x00, 0x3f,
  0x8e, 0x61, 0x00, 0x3f, 0x9c, 0x68, 0x00, 0x3f, 0xa9, 0x6f, 0x00, 0x3f,
  0xb6, 0x76, 0x00, 0x3f, 0xc2, 0x7d, 0x00, 0x3f, 0xce, 0x84, 0x00, 0x3f,
  0xda, 0x8b, 0x00, 0x3f, 0xe5, 0x92, 0x00, 0x3f, 0xef, 0x99, 0x00, 0x3f,
  0xf9, 0xa0, 0x00, 0x3f, 0x02, 0xa8, 0x00, 0x3f, 0x0b, 0xaf, 0x00, 0x3f,
  0x13, 0xb6, 0x00, 0x3f, 0x1b, 0xbd, 0x00, 0x3f, 0x23, 0xc4, 0x00, 0x3f,
  0x2a, 0xcb, 0x00, 0x3f, 0x30, 0xd2, 0x00, 0x3f, 0x36, 0xd9, 0x00, 0x3f,
  0x3c, 0xe0, 0x00, 0x3f, 0x41, 0xe7, 0x00, 0x3f, 0x45, 0xee, 0x00, 0x3f,
  0x49, 0xf5, 0x00, 0x3f, 0x4d, 0xfc, 0x00, 0x3f, 0x50, 0x03, 0x01, 0x3f,
  0x52, 0x0a, 0x01, 0x3f, 0x55, 0x11, 0x01, 0x3f, 0x56, 0x18, 0x01, 0x3f,
  0x57, 0x1f, 0x01, 0x3f, 0x58, 0x26, 0x01, 0x3f, 0x58, 0x2d, 0x01, 0x3f,
  0x58, 0x34, 0x01, 0x3f, 0x57, 0x3b, 0x01, 0x3f, 0x56, 0x42, 0x01, 0x3f,
  0x54, 0x49, 0x01, 0x3f, 0x52, 0x50, 0x01, 0x3f, 0x4f, 0x57, 0x01, 0x3f,
  0x4c, 0x5e, 0x01, 0x3f, 0x49, 0x65, 0x01, 0x3f, 0x45, 0x6c, 0x01, 0x3f,
  0x40, 0x73, 0x01, 0x3f, 0x3b, 0x7a, 0x01, 0x3f, 0x36, 0x81, 0x01, 0x3f,
  0x30, 0x88, 0x01, 0x3f, 0x29, 0x8f, 0x01, 0x3f, 0x22, 0x96, 0x01, 0x3f,
  0x1b, 0x9d, 0x01, 0x3f, 0x13, 0xa4, 0x01, 0x3f, 0x0b, 0xab, 0x01, 0x3f,
  0x02, 0xb2, 0x01, 0x3f, 0xf8, 0xb8, 0x01, 0x3f, 0xef, 0xbf, 0x01, 0x3f,
  0xe4, 0xc6, 0x01, 0x3f, 0xda, 0xcd, 0x01, 0x3f, 0xcf, 0xd4, 0x01, 0x3f,
  0xc3, 0xdb, 0x01, 0x3f, 0xb7, 0xe2, 0x01, 0x3f, 0xaa, 0xe9, 0x01, 0x3f,
  0x9d, 0xf0, 0x01, 0x3f, 0x90, 0xf7, 0x01, 0x3f, 0x82, 0xfe, 0x01, 0x3f,
  0x73, 0x05, 0x02, 0x3f, 0x64, 0x0c, 0x02, 0x3f, 0x55, 0x13, 0x02, 0x3f,
  0x45, 0x1a, 0x02, 0x3f, 0x35, 0x21, 0x02, 0x3f, 0x24, 0x28, 0x02, 0x3f,
  0x13, 0x2f, 0x02, 0x3f, 0x01, 0x36, 0x02, 0x3f, 0xef, 0x3c, 0x02, 0x3f,
  0xdc, 0x43, 0x02, 0x3f, 0xc9, 0x4a, 0x02, 0x3f, 0xb5, 0x51, 0x02, 0x3f,
  0xa1, 0x58, 0x02, 0x3f, 0x8d, 0x5f, 0x02, 0x3f, 0x77, 0x66, 0x02, 0x3f,
  0x62, 0x6d, 0x02, 0x3f, 0x4c, 0x74, 0x02, 0x3f, 0x36, 0x7b, 0x02, 0x3f,
  0x1f, 0x82, 0x02, 0x3f, 0x08, 0x89, 0x02, 0x3f, 0xf0, 0x8f, 0x02, 0x3f,
  0xd7, 0x96, 0x02, 0x3f, 0xbf, 0x9d, 0x02, 0x3f, 0xa6, 0xa4, 0x02, 0x3f,
  0x8c, 0xab, 0x02, 0x3f, 0x72, 0xb2, 0x02, 0x3f, 0x57, 0xb9, 0x02, 0x3f,
  0x3c, 0xc0, 0x02, 0x3f, 0x21, 0xc7, 0x02, 0x3f, 0x05, 0xce, 0x02, 0x3f,
  0xe9, 0xd4, 0x02, 0x3f, 0xcc, 0xdb, 0x02, 0x3f, 0xae, 0xe2, 0x02, 0x3f,
  0x91, 0xe9, 0x02, 0x3f, 0x72, 0xf0, 0x02, 0x3f, 0x54, 0xf7, 0x02, 0x3f,
  0x35, 0xfe, 0x02, 0x3f, 0x15, 0x05, 0x03, 0x3f, 0xf5, 0x0b, 0x03, 0x3f,
  0xd5, 0x12, 0x03, 0x3f, 0xb4, 0x19, 0x03, 0x3f, 0x92, 0x20, 0x03, 0x3f,
  0x71, 0x27, 0x03, 0x3f, 0x4e, 0x2e, 0x03, 0x3f, 0x2b, 0x35, 0x03, 0x3f,
  0x08, 0x3c, 0x03, 0x3f, 0xe4, 0x42, 0x03, 0x3f, 0xc0, 0x49, 0x03, 0x3f,
  0x9c, 0x50, 0x03, 0x3f, 0x77, 0x57, 0x03, 0x3f, 0x51, 0x5e, 0x03, 0x3f,
  0x2b, 0x65, 0x03, 0x3f, 0x05, 0x6c, 0x03, 0x3f, 0xde, 0x72, 0x03, 0x3f,
  0xb7, 0x79, 0x03, 0x3f, 0x8f, 0x80, 0x03, 0x3f, 0x67, 0x87, 0x03, 0x3f,
  0x3e, 0x8e, 0x03, 0x3f, 0x15, 0x95, 0x03, 0x3f, 0xec, 0x9b, 0x03, 0x3f,
  0xc2, 0xa2, 0x03, 0x3f, 0x97, 0xa9, 0x03, 0x3f, 0x6c, 0xb0, 0x03, 0x3f,
  0x41, 0xb7, 0x03, 0x3f, 0x15, 0xbe, 0x03, 0x3f, 0xe9, 0xc4, 0x03, 0x3f,
  0xbc, 0xcb, 0x03, 0x3f, 0x8f, 0xd2, 0x03, 0x3f, 0x61, 0xd9, 0x03, 0x3f,
  0x34, 0xe0, 0x03, 0x3f, 0x05, 0xe7, 0x03, 0x3f, 0xd6, 0xed, 0x03, 0x3f,
  0xa7, 0xf4, 0x03, 0x3f, 0x77, 0xfb, 0x03, 0x3f, 0x47, 0x02, 0x04, 0x3f,
  0x16, 0x09, 0x04, 0x3f, 0xe5, 0x0f, 0x04, 0x3f, 0xb3, 0x16, 0x04, 0x3f,
  0x81, 0x1d, 0x04, 0x3f, 0x4f, 0x24, 0x04, 0x3f, 0x1c, 0x2b, 0x04, 0x3f,
  0xe9, 0x31, 0x04, 0x3f, 0xb5, 0x38, 0x04, 0x3f, 0x81, 0x3f, 0x04, 0x3f,
  0x4c, 0x46, 0x04, 0x3f, 0x17, 0x4d, 0x04, 0x3f, 0xe1, 0x53, 0x04, 0x3f,
  0xab, 0x5a, 0x04, 0x3f, 0x75, 0x61, 0x04, 0x3f, 0x3e, 0x68, 0x04, 0x3f,
  0x07, 0x6f, 0x04, 0x3f, 0xcf, 0x75, 0x04, 0x3f, 0x97, 0x7c, 0x04, 0x3f,
  0x5e, 0x83, 0x04, 0x3f, 0x25, 0x8a, 0x04, 0x3f, 0xeb, 0x90, 0x04, 0x3f,
  0xb1, 0x97, 0x04, 0x3f, 0x77, 0x9e, 0x04, 0x3f, 0x3c, 0xa5, 0x04, 0x3f,
  0x01, 0xac, 0x04, 0x3f, 0xc5, 0xb2, 0x04, 0x3f, 0x89, 0xb9, 0x04, 0x3f,
  0x4c, 0xc0, 0x04, 0x3f, 0x10, 0xc7, 0x04, 0x3f, 0xd2, 0xcd, 0x04, 0x3f,
  0x94, 0xd4, 0x04, 0x3f, 0x56, 0xdb, 0x04, 0x3f, 0x17, 0xe2, 0x04, 0x3f,
  0xd8, 0xe8, 0x04, 0x3f, 0x98, 0xef, 0x04, 0x3f, 0x58, 0xf6, 0x04, 0x3f,
  0x18, 0xfd, 0x04, 0x3f, 0xd7, 0x03, 0x05, 0x3f, 0x95, 0x0a, 0x05, 0x3f,
  0x54, 0x11, 0x05, 0x3f, 0x12, 0x18, 0x05, 0x3f, 0xcf, 0x1e, 0x05, 0x3f,
  0x8c, 0x25, 0x05, 0x3f, 0x48, 0x2c, 0x05, 0x3f, 0x04, 0x33, 0x05, 0x3f,
  0xc0, 0x39, 0x05, 0x3f, 0x7b, 0x40, 0x05, 0x3f, 0x36, 0x47, 0x05, 0x3f,
  0xf0, 0x4d, 0x05, 0x3f, 0xaa, 0x54, 0x05, 0x3f, 0x63, 0x5b, 0x05, 0x3f,
  0x1d, 0x62, 0x05, 0x3f, 0xd5, 0x68, 0x05, 0x3f, 0x8d, 0x6f, 0x05, 0x3f,
  0x45, 0x76, 0x05, 0x3f, 0xfc, 0x7c, 0x05, 0x3f, 0xb3, 0x83, 0x05, 0x3f,
  0x6a, 0x8a, 0x05, 0x3f, 0x20, 0x91, 0x05, 0x3f, 0xd5, 0x97, 0x05, 0x3f,
  0x8b, 0x9e, 0x05, 0x3f, 0x3f, 0xa5, 0x05, 0x3f, 0xf4, 0xab, 0x05, 0x3f,
  0xa8, 0xb2, 0x05, 0x3f, 0x5b, 0xb9, 0x05, 0x3f, 0x0e, 0xc0, 0x05, 0x3f,
  0xc1, 0xc6, 0x05, 0x3f, 0x73, 0xcd, 0x05, 0x3f, 0x25, 0xd4, 0x05, 0x3f,
  0xd6, 0xda, 0x05, 0x3f, 0x87, 0xe1, 0x05, 0x3f, 0x38, 0xe8, 0x05, 0x3f,
  0xe8, 0xee, 0x05, 0x3f, 0x97, 0xf5, 0x05, 0x3f, 0x47, 0xfc, 0x05, 0x3f,
  0xf5, 0x02, 0x06, 0x3f, 0xa4, 0x09, 0x06, 0x3f, 0x52, 0x10, 0x06, 0x3f,
  0xff, 0x16, 0x06, 0x3f, 0xac, 0x1d, 0x06, 0x3f, 0x59, 0x24, 0x06, 0x3f,
  0x05, 0x2b, 0x06, 0x3f, 0xb1, 0x31, 0x06, 0x3f, 0x5d, 0x38, 0x06, 0x3f,
  0x08, 0x3f, 0x06, 0x3f, 0xb3, 0x45, 0x06, 0x3f, 0x5d, 0x4c, 0x06, 0x3f,
  0x07, 0x53, 0x06, 0x3f, 0xb0, 0x59, 0x06, 0x3f, 0x59, 0x60, 0x06, 0x3f,
  0x01, 0x67, 0x06, 0x3f, 0xa9, 0x6d, 0x06, 0x3f, 0x51, 0x74, 0x06, 0x3f,
  0xf8, 0x7a, 0x06, 0x3f, 0x9f, 0x81, 0x06, 0x3f, 0x46, 0x88, 0x06, 0x3f,
  0xec, 0x8e, 0x06, 0x3f, 0x91, 0x95, 0x06, 0x3f, 0x36, 0x9c, 0x06, 0x3f,
  0xdb, 0xa2, 0x06, 0x3f, 0x80, 0xa9, 0x06, 0x3f, 0x24, 0xb0, 0x06, 0x3f,
  0xc7, 0xb6, 0x06, 0x3f, 0x6a, 0xbd, 0x06, 0x3f, 0x0d, 0xc4, 0x06, 0x3f,
  0xaf, 0xca, 0x06, 0x3f, 0x51, 0xd1, 0x06, 0x3f, 0xf2, 0xd7, 0x06, 0x3f,
  0x93, 0xde, 0x06, 0x3f, 0x34, 0xe5, 0x06, 0x3f, 0xd4, 0xeb, 0x06, 0x3f,
  0x74, 0xf2, 0x06, 0x3f, 0x14, 0xf9, 0x06, 0x3f, 0xb2, 0xff, 0x06, 0x3f,
  0x51, 0x06, 0x07, 0x3f, 0xef, 0x0c, 0x07, 0x3f, 0x8d, 0x13, 0x07, 0x3f,
  0x2a, 0x1a, 0x07, 0x3f, 0xc7, 0x20, 0x07, 0x3f, 0x64, 0x27, 0x07, 0x3f,
  0x00, 0x2e, 0x07, 0x3f, 0x9c, 0x34, 0x07, 0x3f, 0x37, 0x3b, 0x07, 0x3f,
  0xd2, 0x41, 0x07, 0x3f, 0x6c, 0x48, 0x07, 0x3f, 0x06, 0x4f, 0x07, 0x3f,
  0xa0, 0x55, 0x07, 0x3f, 0x39, 0x5c, 0x07, 0x3f, 0xd2, 0x62, 0x07, 0x3f,
  0x6a, 0x69, 0x07, 0x3f, 0x02, 0x70, 0x07, 0x3f, 0x9a, 0x76, 0x07, 0x3f,
  0x31, 0x7d, 0x07, 0x3f, 0xc8, 0x83, 0x07, 0x3f, 0x5e, 0x8a, 0x07, 0x3f,
  0xf5, 0x90, 0x07, 0x3f, 0x8a, 0x97, 0x07, 0x3f, 0x1f, 0x9e, 0x07, 0x3f,
  0xb4, 0xa4, 0x07, 0x3f, 0x48, 0xab, 0x07, 0x3f, 0xdc, 0xb1, 0x07, 0x3f,
  0x70, 0xb8, 0x07, 0x3f, 0x03, 0xbf, 0x07, 0x3f, 0x96, 0xc5, 0x07, 0x3f,
  0x28, 0xcc, 0x07, 0x3f, 0xba, 0xd2, 0x07, 0x3f, 0x4c, 0xd9, 0x07, 0x3f,
  0xdd, 0xdf, 0x07, 0x3f, 0x6d, 0xe6, 0x07, 0x3f, 0xfe, 0xec, 0x07, 0x3f,
  0x8e, 0xf3, 0x07, 0x3f, 0x1d, 0xfa, 0x07, 0x3f, 0xac, 0x00, 0x08, 0x3f,
  0x3b, 0x07, 0x08, 0x3f, 0xc9, 0x0d, 0x08, 0x3f, 0x57, 0x14, 0x08, 0x3f,
  0xe5, 0x1a, 0x08, 0x3f, 0x72, 0x21, 0x08, 0x3f, 0xff, 0x27, 0x08, 0x3f,
  0x8b, 0x2e, 0x08, 0x3f, 0x17, 0x35, 0x08, 0x3f, 0xa2, 0x3b, 0x08, 0x3f,
  0x2e, 0x42, 0x08, 0x3f, 0xb8, 0x48, 0x08, 0x3f, 0x43, 0x4f, 0x08, 0x3f,
  0xcc, 0x55, 0x08, 0x3f, 0x56, 0x5c, 0x08, 0x3f, 0xdf, 0x62, 0x08, 0x3f,
  0x68, 0x69, 0x08, 0x3f, 0xf0, 0x6f, 0x08, 0x3f, 0x78, 0x76, 0x08, 0x3f,
  0x00, 0x7d, 0x08, 0x3f, 0x87, 0x83, 0x08, 0x3f, 0x0e, 0x8a, 0x08, 0x3f,
  0x94, 0x90, 0x08, 0x3f, 0x1a, 0x97, 0x08, 0x3f, 0x9f, 0x9d, 0x08, 0x3f,
  0x25, 0xa4, 0x08, 0x3f, 0xa9, 0xaa, 0x08, 0x3f, 0x2e, 0xb1, 0x08, 0x3f,
  0xb2, 0xb7, 0x08, 0x3f, 0x35, 0xbe, 0x08, 0x3f, 0xb9, 0xc4, 0x08, 0x3f,
  0x3b, 0xcb, 0x08, 0x3f, 0xbe, 0xd1, 0x08, 0x3f, 0x40, 0xd8, 0x08, 0x3f,
  0xc2, 0xde, 0x08, 0x3f, 0x43, 0xe5, 0x08, 0x3f, 0xc4, 0xeb, 0x08, 0x3f,
  0x44, 0xf2, 0x08, 0x3f, 0xc4, 0xf8, 0x08, 0x3f, 0x44, 0xff, 0x08, 0x3f,
  0xc3, 0x05, 0x09, 0x3f, 0x42, 0x0c, 0x09, 0x3f, 0xc0, 0x12, 0x09, 0x3f,
  0x3f, 0x19, 0x09, 0x3f, 0xbc, 0x1f, 0x09, 0x3f, 0x3a, 0x26, 0x09, 0x3f,
  0xb7, 0x2c, 0x09, 0x3f, 0x33, 0x33, 0x09, 0x3f, 0xaf, 0x39, 0x09, 0x3f,
  0x2b, 0x40, 0x09, 0x3f, 0xa6, 0x46, 0x09, 0x3f, 0x21, 0x4d, 0x09, 0x3f,
  0x9c, 0x53, 0x09, 0x3f, 0x16, 0x5a, 0x09, 0x3f, 0x90, 0x60, 0x09, 0x3f,
  0x0a, 0x67, 0x09, 0x3f, 0x82, 0x6d, 0x09, 0x3f, 0xfb, 0x73, 0x09, 0x3f,
  0x73, 0x7a, 0x09, 0x3f, 0xeb, 0x80, 0x09, 0x3f, 0x63, 0x87, 0x09, 0x3f,
  0xda, 0x8d, 0x09, 0x3f, 0x51, 0x94, 0x09, 0x3f, 0xc7, 0x9a, 0x09, 0x3f,
  0x3d, 0xa1, 0x09, 0x3f, 0xb3, 0xa7, 0x09, 0x3f, 0x28, 0xae, 0x09, 0x3f,
  0x9c, 0xb4, 0x09, 0x3f, 0x11, 0xbb, 0x09, 0x3f, 0x85, 0xc1, 0x09, 0x3f,
  0xf9, 0xc7, 0x09, 0x3f, 0x6c, 0xce, 0x09, 0x3f, 0xdf, 0xd4, 0x09, 0x3f,
  0x51, 0xdb, 0x09, 0x3f, 0xc4, 0xe1, 0x09, 0x3f, 0x35, 0xe8, 0x09, 0x3f,
  0xa6, 0xee, 0x09, 0x3f, 0x18, 0xf5, 0x09, 0x3f, 0x88, 0xfb, 0x09, 0x3f,
  0xf9, 0x01, 0x0a, 0x3f, 0x68, 0x08, 0x0a, 0x3f, 0xd8, 0x0e, 0x0a, 0x3f,
  0x47, 0x15, 0x0a, 0x3f, 0xb6, 0x1b, 0x0a, 0x3f, 0x23, 0x22, 0x0a, 0x3f,
  0x92, 0x28, 0x0a, 0x3f, 0xff, 0x2e, 0x0a, 0x3f, 0x6c, 0x35, 0x0a, 0x3f,
  0xd9, 0x3b, 0x0a, 0x3f, 0x45, 0x42, 0x0a, 0x3f, 0xb1, 0x48, 0x0a, 0x3f,
  0x1d, 0x4f, 0x0a, 0x3f, 0x89, 0x55, 0x0a, 0x3f, 0xf3, 0x5b, 0x0a, 0x3f,
  0x5e, 0x62, 0x0a, 0x3f, 0xc8, 0x68, 0x0a, 0x3f, 0x32, 0x6f, 0x0a, 0x3f,
  0x9b, 0x75, 0x0a, 0x3f, 0x04, 0x7c, 0x0a, 0x3f, 0x6d, 0x82, 0x0a, 0x3f,
  0xd5, 0x88, 0x0a, 0x3f, 0x3d, 0x8f, 0x0a, 0x3f, 0xa4, 0x95, 0x0a, 0x3f,
  0x0b, 0x9c, 0x0a, 0x3f, 0x72, 0xa2, 0x0a, 0x3f, 0xd9, 0xa8, 0x0a, 0x3f,
  0x3f, 0xaf, 0x0a, 0x3f, 0xa4, 0xb5, 0x0a, 0x3f, 0x09, 0xbc, 0x0a, 0x3f,
  0x6e, 0xc2, 0x0a, 0x3f, 0xd3, 0xc8, 0x0a, 0x3f, 0x37, 0xcf, 0x0a, 0x3f,
  0x9b, 0xd5, 0x0a, 0x3f, 0xfe, 0xdb, 0x0a, 0x3f, 0x61, 0xe2, 0x0a, 0x3f,
  0xc4, 0xe8, 0x0a, 0x3f, 0x26, 0xef, 0x0a, 0x3f, 0x88, 0xf5, 0x0a, 0x3f,
  0xe9, 0xfb, 0x0a, 0x3f, 0x4b, 0x02, 0x0b, 0x3f, 0xab, 0x08, 0x0b, 0x3f,
  0x0b, 0x0f, 0x0b, 0x3f, 0x6c, 0x15, 0x0b, 0x3f, 0xcb, 0x1b, 0x0b, 0x3f,
  0x2b, 0x22, 0x0b, 0x3f, 0x89, 0x28, 0x0b, 0x3f, 0xe8, 0x2e, 0x0b, 0x3f,
  0x46, 0x35, 0x0b, 0x3f, 0xa4, 0x3b, 0x0b, 0x3f, 0x01, 0x42, 0x0b, 0x3f,
  0x5e, 0x48, 0x0b, 0x3f, 0xbb, 0x4e, 0x0b, 0x3f, 0x18, 0x55, 0x0b, 0x3f,
  0x74, 0x5b, 0x0b, 0x3f, 0xcf, 0x61, 0x0b, 0x3f, 0x2a, 0x68, 0x0b, 0x3f,
  0x85, 0x6e, 0x0b, 0x3f, 0xe0, 0x74, 0x0b, 0x3f, 0x39, 0x7b, 0x0b, 0x3f,
  0x93, 0x81, 0x0b, 0x3f, 0xed, 0x87, 0x0b, 0x3f, 0x46, 0x8e, 0x0b, 0x3f,
  0x9f, 0x94, 0x0b, 0x3f, 0xf6, 0x9a, 0x0b, 0x3f, 0x4e, 0xa1, 0x0b, 0x3f,
  0xa6, 0xa7, 0x0b, 0x3f, 0xfd, 0xad, 0x0b, 0x3f, 0x54, 0xb4, 0x0b, 0x3f,
  0xaa, 0xba, 0x0b, 0x3f, 0x00, 0xc1, 0x0b, 0x3f, 0x56, 0xc7, 0x0b, 0x3f,
  0xac, 0xcd, 0x0b, 0x3f, 0x00, 0xd4, 0x0b, 0x3f, 0x55, 0xda, 0x0b, 0x3f,
  0xa9, 0xe0, 0x0b, 0x3f, 0xfd, 0xe6, 0x0b, 0x3f, 0x51, 0xed, 0x0b, 0x3f,
  0xa4, 0xf3, 0x0b, 0x3f, 0xf7, 0xf9, 0x0b, 0x3f, 0x49, 0x00, 0x0c, 0x3f,
  0x9b, 0x06, 0x0c, 0x3f, 0xed, 0x0c, 0x0c, 0x3f, 0x3e, 0x13, 0x0c, 0x3f,
  0x8f, 0x19, 0x0c, 0x3f, 0xe0, 0x1f, 0x0c, 0x3f, 0x30, 0x26, 0x0c, 0x3f,
  0x80, 0x2c, 0x0c, 0x3f, 0xd0, 0x32, 0x0c, 0x3f, 0x1f, 0x39, 0x0c, 0x3f,
  0x6e, 0x3f, 0x0c, 0x3f, 0xbc, 0x45, 0x0c, 0x3f, 0x0a, 0x4c, 0x0c, 0x3f,
  0x58, 0x52, 0x0c, 0x3f, 0xa5, 0x58, 0x0c, 0x3f, 0xf2, 0x5e, 0x0c, 0x3f,
  0x3f, 0x65, 0x0c, 0x3f, 0x8b, 0x6b, 0x0c, 0x3f, 0xd7, 0x71, 0x0c, 0x3f,
  0x23, 0x78, 0x0c, 0x3f, 0x6e, 0x7e, 0x0c, 0x3f, 0xb9, 0x84, 0x0c, 0x3f,
  0x03, 0x8b, 0x0c, 0x3f, 0x4d, 0x91, 0x0c, 0x3f, 0x97, 0x97, 0x0c, 0x3f,
  0xe0, 0x9d, 0x0c, 0x3f, 0x29, 0xa4, 0x0c, 0x3f, 0x72, 0xaa, 0x0c, 0x3f,
  0xbb, 0xb0, 0x0c, 0x3f, 0x02, 0xb7, 0x0c, 0x3f, 0x4a, 0xbd, 0x0c, 0x3f,
  0x91, 0xc3, 0x0c, 0x3f, 0xd8, 0xc9, 0x0c, 0x3f, 0x1f, 0xd0, 0x0c, 0x3f,
  0x65, 0xd6, 0x0c, 0x3f, 0xab, 0xdc, 0x0c, 0x3f, 0xf1, 0xe2, 0x0c, 0x3f,
  0x36, 0xe9, 0x0c, 0x3f, 0x7a, 0xef, 0x0c, 0x3f, 0xbf, 0xf5, 0x0c, 0x3f,
  0x03, 0xfc, 0x0c, 0x3f, 0x47, 0x02, 0x0d, 0x3f, 0x8a, 0x08, 0x0d, 0x3f,
  0xcd, 0x0e, 0x0d, 0x3f, 0x10, 0x15, 0x0d, 0x3f, 0x52, 0x1b, 0x0d, 0x3f,
  0x94, 0x21, 0x0d, 0x3f, 0xd5, 0x27, 0x0d, 0x3f, 0x17, 0x2e, 0x0d, 0x3f,
  0x58, 0x34, 0x0d, 0x3f, 0x98, 0x3a, 0x0d, 0x3f, 0xd9, 0x40, 0x0d, 0x3f,
  0x18, 0x47, 0x0d, 0x3f, 0x58, 0x4d, 0x0d, 0x3f, 0x97, 0x53, 0x0d, 0x3f,
  0xd6, 0x59, 0x0d, 0x3f, 0x14, 0x60, 0x0d, 0x3f, 0x52, 0x66, 0x0d, 0x3f,
  0x90, 0x6c, 0x0d, 0x3f, 0xcd, 0x72, 0x0d, 0x3f, 0x0b, 0x79, 0x0d, 0x3f,
  0x47, 0x7f, 0x0d, 0x3f, 0x83, 0x85, 0x0d, 0x3f, 0xbf, 0x8b, 0x0d, 0x3f,
  0xfb, 0x91, 0x0d, 0x3f, 0x36, 0x98, 0x0d, 0x3f, 0x71, 0x9e, 0x0d, 0x3f,
  0xac, 0xa4, 0x0d, 0x3f, 0xe6, 0xaa, 0x0d, 0x3f, 0x20, 0xb1, 0x0d, 0x3f,
  0x59, 0xb7, 0x0d, 0x3f, 0x92, 0xbd, 0x0d, 0x3f, 0xcb, 0xc3, 0x0d, 0x3f,
  0x04, 0xca, 0x0d, 0x3f, 0x3c, 0xd0, 0x0d, 0x3f, 0x74, 0xd6, 0x0d, 0x3f,
  0xab, 0xdc, 0x0d, 0x3f, 0xe2, 0xe2, 0x0d, 0x3f, 0x19, 0xe9, 0x0d, 0x3f,
  0x4f, 0xef, 0x0d, 0x3f, 0x86, 0xf5, 0x0d, 0x3f, 0xbb, 0xfb, 0x0d, 0x3f,
  0xf1, 0x01, 0x0e, 0x3f, 0x25, 0x08, 0x0e, 0x3f, 0x5a, 0x0e, 0x0e, 0x3f,
  0x8f, 0x14, 0x0e, 0x3f, 0xc3, 0x1a, 0x0e, 0x3f, 0xf7, 0x20, 0x0e, 0x3f,
  0x29, 0x27, 0x0e, 0x3f, 0x5d, 0x2d, 0x0e, 0x3f, 0x8f, 0x33, 0x0e, 0x3f,
  0xc2, 0x39, 0x0e, 0x3f, 0xf3, 0x3f, 0x0e, 0x3f, 0x25, 0x46, 0x0e, 0x3f,
  0x56, 0x4c, 0x0e, 0x3f, 0x87, 0x52, 0x0e, 0x3f, 0xb8, 0x58, 0x0e, 0x3f,
  0xe8, 0x5e, 0x0e, 0x3f, 0x18, 0x65, 0x0e, 0x3f, 0x47, 0x6b, 0x0e, 0x3f,
  0x77, 0x71, 0x0e, 0x3f, 0xa5, 0x77, 0x0e, 0x3f, 0xd4, 0x7d, 0x0e, 0x3f,
  0x02, 0x84, 0x0e, 0x3f, 0x30, 0x8a, 0x0e, 0x3f, 0x5d, 0x90, 0x0e, 0x3f,
  0x8a, 0x96, 0x0e, 0x3f, 0xb7, 0x9c, 0x0e, 0x3f, 0xe4, 0xa2, 0x0e, 0x3f,
  0x10, 0xa9, 0x0e, 0x3f, 0x3b, 0xaf, 0x0e, 0x3f, 0x67, 0xb5, 0x0e, 0x3f,
  0x92, 0xbb, 0x0e, 0x3f, 0xbd, 0xc1, 0x0e, 0x3f, 0xe7, 0xc7, 0x0e, 0x3f,
  0x11, 0xce, 0x0e, 0x3f, 0x3b, 0xd4, 0x0e, 0x3f, 0x64, 0xda, 0x0e, 0x3f,
  0x8e, 0xe0, 0x0e, 0x3f, 0xb6, 0xe6, 0x0e, 0x3f, 0xde, 0xec, 0x0e, 0x3f,
  0x07, 0xf3, 0x0e, 0x3f, 0x2e, 0xf9, 0x0e, 0x3f, 0x56, 0xff, 0x0e, 0x3f,
  0x7c, 0x05, 0x0f, 0x3f, 0xa3, 0x0b, 0x0f, 0x3f, 0xca, 0x11, 0x0f, 0x3f,
  0xf0, 0x17, 0x0f, 0x3f, 0x16, 0x1e, 0x0f, 0x3f, 0x3b, 0x24, 0x0f, 0x3f,
  0x60, 0x2a, 0x0f, 0x3f, 0x85, 0x30, 0x0f, 0x3f, 0xa9, 0x36, 0x0f, 0x3f,
  0xcd, 0x3c, 0x0f, 0x3f, 0xf0, 0x42, 0x0f, 0x3f, 0x14, 0x49, 0x0f, 0x3f,
  0x37, 0x4f, 0x0f, 0x3f, 0x5a, 0x55, 0x0f, 0x3f, 0x7c, 0x5b, 0x0f, 0x3f,
  0x9e, 0x61, 0x0f, 0x3f, 0xbf, 0x67, 0x0f, 0x3f, 0xe1, 0x6d, 0x0f, 0x3f,
  0x01, 0x74, 0x0f, 0x3f, 0x22, 0x7a, 0x0f, 0x3f, 0x43, 0x80, 0x0f, 0x3f,
  0x63, 0x86, 0x0f, 0x3f, 0x83, 0x8c, 0x0f, 0x3f, 0xa1, 0x92, 0x0f, 0x3f,
  0xc1, 0x98, 0x0f, 0x3f, 0xdf, 0x9e, 0x0f, 0x3f, 0xfe, 0xa4, 0x0f, 0x3f,
  0x1b, 0xab, 0x0f, 0x3f, 0x39, 0xb1, 0x0f, 0x3f, 0x57, 0xb7, 0x0f, 0x3f,
  0x74, 0xbd, 0x0f, 0x3f, 0x90, 0xc3, 0x0f, 0x3f, 0xac, 0xc9, 0x0f, 0x3f,
  0xc9, 0xcf, 0x0f, 0x3f, 0xe4, 0xd5, 0x0f, 0x3f, 0x00, 0xdc, 0x0f, 0x3f,
  0x1a, 0xe2, 0x0f, 0x3f, 0x35, 0xe8, 0x0f, 0x3f, 0x50, 0xee, 0x0f, 0x3f,
  0x6a, 0xf4, 0x0f, 0x3f, 0x84, 0xfa, 0x0f, 0x3f, 0x9d, 0x00, 0x10, 0x3f,
  0xb6, 0x06, 0x10, 0x3f, 0xce, 0x0c, 0x10, 0x3f, 0xe7, 0x12, 0x10, 0x3f,
  0xff, 0x18, 0x10, 0x3f, 0x16, 0x1f, 0x10, 0x3f, 0x2e, 0x25, 0x10, 0x3f,
  0x45, 0x2b, 0x10, 0x3f, 0x5c, 0x31, 0x10, 0x3f, 0x72, 0x37, 0x10, 0x3f,
  0x88, 0x3d, 0x10, 0x3f, 0x9e, 0x43, 0x10, 0x3f, 0xb3, 0x49, 0x10, 0x3f,
  0xc8, 0x4f, 0x10, 0x3f, 0xdd, 0x55, 0x10, 0x3f, 0xf2, 0x5b, 0x10, 0x3f,
  0x06, 0x62, 0x10, 0x3f, 0x1a, 0x68, 0x10, 0x3f, 0x2d, 0x6e, 0x10, 0x3f,
  0x40, 0x74, 0x10, 0x3f, 0x53, 0x7a, 0x10, 0x3f, 0x66, 0x80, 0x10, 0x3f,
  0x77, 0x86, 0x10, 0x3f, 0x89, 0x8c, 0x10, 0x3f, 0x9b, 0x92, 0x10, 0x3f,
  0xac, 0x98, 0x10, 0x3f, 0xbd, 0x9e, 0x10, 0x3f, 0xcd, 0xa4, 0x10, 0x3f,
  0xde, 0xaa, 0x10, 0x3f, 0xee, 0xb0, 0x10, 0x3f, 0xfd, 0xb6, 0x10, 0x3f,
  0x0c, 0xbd, 0x10, 0x3f, 0x1b, 0xc3, 0x10, 0x3f, 0x2a, 0xc9, 0x10, 0x3f,
  0x38, 0xcf, 0x10, 0x3f, 0x46, 0xd5, 0x10, 0x3f, 0x54, 0xdb, 0x10, 0x3f,
  0x61, 0xe1, 0x10, 0x3f, 0x6e, 0xe7, 0x10, 0x3f, 0x7b, 0xed, 0x10, 0x3f,
  0x87, 0xf3, 0x10, 0x3f, 0x93, 0xf9, 0x10, 0x3f, 0x9f, 0xff, 0x10, 0x3f,
  0xaa, 0x05, 0x11, 0x3f, 0xb5, 0x0b, 0x11, 0x3f, 0xc0, 0x11, 0x11, 0x3f,
  0xca, 0x17, 0x11, 0x3f, 0xd4, 0x1d, 0x11, 0x3f, 0xde, 0x23, 0x11, 0x3f,
  0xe7, 0x29, 0x11, 0x3f, 0xf0, 0x2f, 0x11, 0x3f, 0xf9, 0x35, 0x11, 0x3f,
  0x02, 0x3c, 0x11, 0x3f, 0x0a, 0x42, 0x11, 0x3f, 0x12, 0x48, 0x11, 0x3f,
  0x19, 0x4e, 0x11, 0x3f, 0x21, 0x54, 0x11, 0x3f, 0x28, 0x5a, 0x11, 0x3f,
  0x2e, 0x60, 0x11, 0x3f, 0x34, 0x66, 0x11, 0x3f, 0x3a, 0x6c, 0x11, 0x3f,
  0x40, 0x72, 0x11, 0x3f, 0x45, 0x78, 0x11, 0x3f, 0x4a, 0x7e, 0x11, 0x3f,
  0x4f, 0x84, 0x11, 0x3f, 0x53, 0x8a, 0x11, 0x3f, 0x57, 0x90, 0x11, 0x3f,
  0x5b, 0x96, 0x11, 0x3f, 0x5e, 0x9c, 0x11, 0x3f, 0x61, 0xa2, 0x11, 0x3f,
  0x64, 0xa8, 0x11, 0x3f, 0x67, 0xae, 0x11, 0x3f, 0x68, 0xb4, 0x11, 0x3f,
  0x6a, 0xba, 0x11, 0x3f, 0x6c, 0xc0, 0x11, 0x3f, 0x6d, 0xc6, 0x11, 0x3f,
  0x6e, 0xcc, 0x11, 0x3f, 0x6e, 0xd2, 0x11, 0x3f, 0x6f, 0xd8, 0x11, 0x3f,
  0x6f, 0xde, 0x11, 0x3f, 0x6e, 0xe4, 0x11, 0x3f, 0x6d, 0xea, 0x11, 0x3f,
  0x6c, 0xf0, 0x11, 0x3f, 0x6b, 0xf6, 0x11, 0x3f, 0x69, 0xfc, 0x11, 0x3f,
  0x68, 0x02, 0x12, 0x3f, 0x65, 0x08, 0x12, 0x3f, 0x62, 0x0e, 0x12, 0x3f,
  0x60, 0x14, 0x12, 0x3f, 0x5c, 0x1a, 0x12, 0x3f, 0x59, 0x20, 0x12, 0x3f,
  0x55, 0x26, 0x12, 0x3f, 0x51, 0x2c, 0x12, 0x3f, 0x4c, 0x32, 0x12, 0x3f,
  0x48, 0x38, 0x12, 0x3f, 0x42, 0x3e, 0x12, 0x3f, 0x3d, 0x44, 0x12, 0x3f,
  0x37, 0x4a, 0x12, 0x3f, 0x31, 0x50, 0x12, 0x3f, 0x2a, 0x56, 0x12, 0x3f,
  0x24, 0x5c, 0x12, 0x3f, 0x1d, 0x62, 0x12, 0x3f, 0x16, 0x68, 0x12, 0x3f,
  0x0e, 0x6e, 0x12, 0x3f, 0x06, 0x74, 0x12, 0x3f, 0xfe, 0x79, 0x12, 0x3f,
  0xf6, 0x7f, 0x12, 0x3f, 0xed, 0x85, 0x12, 0x3f, 0xe3, 0x8b, 0x12, 0x3f,
  0xda, 0x91, 0x12, 0x3f, 0xd0, 0x97, 0x12, 0x3f, 0xc6, 0x9d, 0x12, 0x3f,
  0xbc, 0xa3, 0x12, 0x3f, 0xb1, 0xa9, 0x12, 0x3f, 0xa6, 0xaf, 0x12, 0x3f,
  0x9b, 0xb5, 0x12, 0x3f, 0x8f, 0xbb, 0x12, 0x3f, 0x83, 0xc1, 0x12, 0x3f,
  0x77, 0xc7, 0x12, 0x3f, 0x6a, 0xcd, 0x12, 0x3f, 0x5e, 0xd3, 0x12, 0x3f,
  0x50, 0xd9, 0x12, 0x3f, 0x43, 0xdf, 0x12, 0x3f, 0x35, 0xe5, 0x12, 0x3f,
  0x27, 0xeb, 0x12, 0x3f, 0x19, 0xf1, 0x12, 0x3f, 0x0a, 0xf7, 0x12, 0x3f,
  0xfb, 0xfc, 0x12, 0x3f, 0xeb, 0x02, 0x13, 0x3f, 0xdc, 0x08, 0x13, 0x3f,
  0xcc, 0x0e, 0x13, 0x3f, 0xbb, 0x14, 0x13, 0x3f, 0xab, 0x1a, 0x13, 0x3f,
  0x9a, 0x20, 0x13, 0x3f, 0x89, 0x26, 0x13, 0x3f, 0x77, 0x2c, 0x13, 0x3f,
  0x66, 0x32, 0x13, 0x3f, 0x54, 0x38, 0x13, 0x3f, 0x41, 0x3e, 0x13, 0x3f,
  0x2f, 0x44, 0x13, 0x3f, 0x1c, 0x4a, 0x13, 0x3f, 0x08, 0x50, 0x13, 0x3f,
  0xf5, 0x55, 0x13, 0x3f, 0xe1, 0x5b, 0x13, 0x3f, 0xcc, 0x61, 0x13, 0x3f,
  0xb8, 0x67, 0x13, 0x3f, 0xa3, 0x6d, 0x13, 0x3f, 0x8e, 0x73, 0x13, 0x3f,
  0x79, 0x79, 0x13, 0x3f, 0x63, 0x7f, 0x13, 0x3f, 0x4d, 0x85, 0x13, 0x3f,
  0x37, 0x8b, 0x13, 0x3f, 0x20, 0x91, 0x13, 0x3f, 0x09, 0x97, 0x13, 0x3f,
  0xf2, 0x9c, 0x13, 0x3f, 0xda, 0xa2, 0x13, 0x3f, 0xc3, 0xa8, 0x13, 0x3f,
  0xaa, 0xae, 0x13, 0x3f, 0x92, 0xb4, 0x13, 0x3f, 0x79, 0xba, 0x13, 0x3f,
  0x60, 0xc0, 0x13, 0x3f, 0x47, 0xc6, 0x13, 0x3f, 0x2d, 0xcc, 0x13, 0x3f,
  0x13, 0xd2, 0x13, 0x3f, 0xf9, 0xd7, 0x13, 0x3f, 0xde, 0xdd, 0x13, 0x3f,
  0xc4, 0xe3, 0x13, 0x3f, 0xa8, 0xe9, 0x13, 0x3f, 0x8d, 0xef, 0x13, 0x3f,
  0x71, 0xf5, 0x13, 0x3f, 0x55, 0xfb, 0x13, 0x3f, 0x38, 0x01, 0x14, 0x3f,
  0x1c, 0x07, 0x14, 0x3f, 0xff, 0x0c, 0x14, 0x3f, 0xe2, 0x12, 0x14, 0x3f,
  0xc4, 0x18, 0x14, 0x3f, 0xa6, 0x1e, 0x14, 0x3f, 0x88, 0x24, 0x14, 0x3f,
  0x6a, 0x2a, 0x14, 0x3f, 0x4b, 0x30, 0x14, 0x3f, 0x2c, 0x36, 0x14, 0x3f,
  0x0c, 0x3c, 0x14, 0x3f, 0xed, 0x41, 0x14, 0x3f, 0xcd, 0x47, 0x14, 0x3f,
  0xad, 0x4d, 0x14, 0x3f, 0x8c, 0x53, 0x14, 0x3f, 0x6b, 0x59, 0x14, 0x3f,
  0x4a, 0x5f, 0x14, 0x3f, 0x29, 0x65, 0x14, 0x3f, 0x07, 0x6b, 0x14, 0x3f,
  0xe5, 0x70, 0x14, 0x3f, 0xc3, 0x76, 0x14, 0x3f, 0xa0, 0x7c, 0x14, 0x3f,
  0x7d, 0x82, 0x14, 0x3f, 0x5a, 0x88, 0x14, 0x3f, 0x36, 0x8e, 0x14, 0x3f,
  0x13, 0x94, 0x14, 0x3f, 0xef, 0x99, 0x14, 0x3f, 0xca, 0x9f, 0x14, 0x3f,
  0xa5, 0xa5, 0x14, 0x3f, 0x81, 0xab, 0x14, 0x3f, 0x5b, 0xb1, 0x14, 0x3f,
  0x36, 0xb7, 0x14, 0x3f, 0x10, 0xbd, 0x14, 0x3f, 0xea, 0xc2, 0x14, 0x3f,
  0xc3, 0xc8, 0x14, 0x3f, 0x9d, 0xce, 0x14, 0x3f, 0x76, 0xd4, 0x14, 0x3f,
  0x4e, 0xda, 0x14, 0x3f, 0x26, 0xe0, 0x14, 0x3f, 0xff, 0xe5, 0x14, 0x3f,
  0xd7, 0xeb, 0x14, 0x3f, 0xae, 0xf1, 0x14, 0x3f, 0x85, 0xf7, 0x14, 0x3f,
  0x5c, 0xfd, 0x14, 0x3f, 0x33, 0x03, 0x15, 0x3f, 0x09, 0x09, 0x15, 0x3f,
  0xdf, 0x0e, 0x15, 0x3f, 0xb5, 0x14, 0x15, 0x3f, 0x8a, 0x1a, 0x15, 0x3f,
  0x5f, 0x20, 0x15, 0x3f, 0x34, 0x26, 0x15, 0x3f, 0x09, 0x2c, 0x15, 0x3f,
  0xdd, 0x31, 0x15, 0x3f, 0xb1, 0x37, 0x15, 0x3f, 0x85, 0x3d, 0x15, 0x3f,
  0x58, 0x43, 0x15, 0x3f, 0x2b, 0x49, 0x15, 0x3f, 0xfe, 0x4e, 0x15, 0x3f,
  0xd1, 0x54, 0x15, 0x3f, 0xa3, 0x5a, 0x15, 0x3f, 0x75, 0x60, 0x15, 0x3f,
  0x46, 0x66, 0x15, 0x3f, 0x18, 0x6c, 0x15, 0x3f, 0xe9, 0x71, 0x15, 0x3f,
  0xb9, 0x77, 0x15, 0x3f, 0x8a, 0x7d, 0x15, 0x3f, 0x5a, 0x83, 0x15, 0x3f,
  0x2a, 0x89, 0x15, 0x3f, 0xfa, 0x8e, 0x15, 0x3f, 0xc9, 0x94, 0x15, 0x3f,
  0x98, 0x9a, 0x15, 0x3f, 0x67, 0xa0, 0x15, 0x3f, 0x36, 0xa6, 0x15, 0x3f,
  0x04, 0xac, 0x15, 0x3f, 0xd2, 0xb1, 0x15, 0x3f, 0x9f, 0xb7, 0x15, 0x3f,
  0x6d, 0xbd, 0x15, 0x3f, 0x39, 0xc3, 0x15, 0x3f, 0x06, 0xc9, 0x15, 0x3f,
  0xd3, 0xce, 0x15, 0x3f, 0x9f, 0xd4, 0x15, 0x3f, 0x6b, 0xda, 0x15, 0x3f,
  0x36, 0xe0, 0x15, 0x3f, 0x02, 0xe6, 0x15, 0x3f, 0xcd, 0xeb, 0x15, 0x3f,
  0x98, 0xf1, 0x15, 0x3f, 0x62, 0xf7, 0x15, 0x3f, 0x2c, 0xfd, 0x15, 0x3f,
  0xf6, 0x02, 0x16, 0x3f, 0xc0, 0x08, 0x16, 0x3f, 0x89, 0x0e, 0x16, 0x3f,
  0x52, 0x14, 0x16, 0x3f, 0x1b, 0x1a, 0x16, 0x3f, 0xe3, 0x1f, 0x16, 0x3f,
  0xac, 0x25, 0x16, 0x3f, 0x73, 0x2b, 0x16, 0x3f, 0x3b, 0x31, 0x16, 0x3f,
  0x02, 0x37, 0x16, 0x3f, 0xc9, 0x3c, 0x16, 0x3f, 0x90, 0x42, 0x16, 0x3f,
  0x56, 0x48, 0x16, 0x3f, 0x1d, 0x4e, 0x16, 0x3f, 0xe3, 0x53, 0x16, 0x3f,
  0xa8, 0x59, 0x16, 0x3f, 0x6d, 0x5f, 0x16, 0x3f, 0x32, 0x65, 0x16, 0x3f,
  0xf7, 0x6a, 0x16, 0x3f, 0xbc, 0x70, 0x16, 0x3f, 0x80, 0x76, 0x16, 0x3f,
  0x44, 0x7c, 0x16, 0x3f, 0x08, 0x82, 0x16, 0x3f, 0xcb, 0x87, 0x16, 0x3f,
  0x8e, 0x8d, 0x16, 0x3f, 0x51, 0x93, 0x16, 0x3f, 0x13, 0x99, 0x16, 0x3f,
  0xd6, 0x9e, 0x16, 0x3f, 0x98, 0xa4, 0x16, 0x3f, 0x59, 0xaa, 0x16, 0x3f,
  0x1a, 0xb0, 0x16, 0x3f, 0xdc, 0xb5, 0x16, 0x3f, 0x9c, 0xbb, 0x16, 0x3f,
  0x5d, 0xc1, 0x16, 0x3f, 0x1d, 0xc7, 0x16, 0x3f, 0xdd, 0xcc, 0x16, 0x3f,
  0x9d, 0xd2, 0x16, 0x3f, 0x5c, 0xd8, 0x16, 0x3f, 0x1c, 0xde, 0x16, 0x3f,
  0xda, 0xe3, 0x16, 0x3f, 0x99, 0xe9, 0x16, 0x3f, 0x57, 0xef, 0x16, 0x3f,
  0x15, 0xf5, 0x16, 0x3f, 0xd3, 0xfa, 0x16, 0x3f, 0x90, 0x00, 0x17, 0x3f,
  0x4d, 0x06, 0x17, 0x3f, 0x0a, 0x0c, 0x17, 0x3f, 0xc7, 0x11, 0x17, 0x3f,
  0x83, 0x17, 0x17, 0x3f, 0x3f, 0x1d, 0x17, 0x3f, 0xfb, 0x22, 0x17, 0x3f,
  0xb7, 0x28, 0x17, 0x3f, 0x72, 0x2e, 0x17, 0x3f, 0x2d, 0x34, 0x17, 0x3f,
  0xe7, 0x39, 0x17, 0x3f, 0xa2, 0x3f, 0x17, 0x3f, 0x5c, 0x45, 0x17, 0x3f,
  0x16, 0x4b, 0x17, 0x3f, 0xcf, 0x50, 0x17, 0x3f, 0x89, 0x56, 0x17, 0x3f,
  0x42, 0x5c, 0x17, 0x3f, 0xfb, 0x61, 0x17, 0x3f, 0xb3, 0x67, 0x17, 0x3f,
  0x6b, 0x6d, 0x17, 0x3f, 0x23, 0x73, 0x17, 0x3f, 0xdb, 0x78, 0x17, 0x3f,
  0x92, 0x7e, 0x17, 0x3f, 0x49, 0x84, 0x17, 0x3f, 0x00, 0x8a, 0x17, 0x3f,
  0xb6, 0x8f, 0x17, 0x3f, 0x6d, 0x95, 0x17, 0x3f, 0x22, 0x9b, 0x17, 0x3f,
  0xd8, 0xa0, 0x17, 0x3f, 0x8d, 0xa6, 0x17, 0x3f, 0x43, 0xac, 0x17, 0x3f,
  0xf7, 0xb1, 0x17, 0x3f, 0xac, 0xb7, 0x17, 0x3f, 0x60, 0xbd, 0x17, 0x3f,
  0x14, 0xc3, 0x17, 0x3f, 0xc8, 0xc8, 0x17, 0x3f, 0x7b, 0xce, 0x17, 0x3f,
  0x2f, 0xd4, 0x17, 0x3f, 0xe2, 0xd9, 0x17, 0x3f, 0x95, 0xdf, 0x17, 0x3f,
  0x47, 0xe5, 0x17, 0x3f, 0xf9, 0xea, 0x17, 0x3f, 0xab, 0xf0, 0x17, 0x3f,
  0x5c, 0xf6, 0x17, 0x3f, 0x0e, 0xfc, 0x17, 0x3f, 0xbe, 0x01, 0x18, 0x3f,
  0x6f, 0x07, 0x18, 0x3f, 0x20, 0x0d, 0x18, 0x3f, 0xd0, 0x12, 0x18, 0x3f,
  0x80, 0x18, 0x18, 0x3f, 0x2f, 0x1e, 0x18, 0x3f, 0xdf, 0x23, 0x18, 0x3f,
  0x8e, 0x29, 0x18, 0x3f, 0x3d, 0x2f, 0x18, 0x3f, 0xeb, 0x34, 0x18, 0x3f,
  0x9a, 0x3a, 0x18, 0x3f, 0x48, 0x40, 0x18, 0x3f, 0xf6, 0x45, 0x18, 0x3f,
  0xa3, 0x4b, 0x18, 0x3f, 0x50, 0x51, 0x18, 0x3f, 0xfd, 0x56, 0x18, 0x3f,
  0xaa, 0x5c, 0x18, 0x3f, 0x56, 0x62, 0x18, 0x3f, 0x02, 0x68, 0x18, 0x3f,
  0xae, 0x6d, 0x18, 0x3f, 0x5a, 0x73, 0x18, 0x3f, 0x05, 0x79, 0x18, 0x3f,
  0xb0, 0x7e, 0x18, 0x3f, 0x5b, 0x84, 0x18, 0x3f, 0x05, 0x8a, 0x18, 0x3f,
  0xb0, 0x8f, 0x18, 0x3f, 0x5a, 0x95, 0x18, 0x3f, 0x03, 0x9b, 0x18, 0x3f,
  0xad, 0xa0, 0x18, 0x3f, 0x56, 0xa6, 0x18, 0x3f, 0xff, 0xab, 0x18, 0x3f,
  0xa7, 0xb1, 0x18, 0x3f, 0x50, 0xb7, 0x18, 0x3f, 0xf8, 0xbc, 0x18, 0x3f,
  0xa0, 0xc2, 0x18, 0x3f, 0x47, 0xc8, 0x18, 0x3f, 0xee, 0xcd, 0x18, 0x3f,
  0x95, 0xd3, 0x18, 0x3f, 0x3c, 0xd9, 0x18, 0x3f, 0xe3, 0xde, 0x18, 0x3f,
  0x89, 0xe4, 0x18, 0x3f, 0x2f, 0xea, 0x18, 0x3f, 0xd5, 0xef, 0x18, 0x3f,
  0x7a, 0xf5, 0x18, 0x3f, 0x1f, 0xfb, 0x18, 0x3f, 0xc4, 0x00, 0x19, 0x3f,
  0x69, 0x06, 0x19, 0x3f, 0x0d, 0x0c, 0x19, 0x3f, 0xb1, 0x11, 0x19, 0x3f,
  0x55, 0x17, 0x19, 0x3f, 0xf8, 0x1c, 0x19, 0x3f, 0x9c, 0x22, 0x19, 0x3f,
  0x3f, 0x28, 0x19, 0x3f, 0xe2, 0x2d, 0x19, 0x3f, 0x84, 0x33, 0x19, 0x3f,
  0x26, 0x39, 0x19, 0x3f, 0xc8, 0x3e, 0x19, 0x3f, 0x6a, 0x44, 0x19, 0x3f,
  0x0b, 0x4a, 0x19, 0x3f, 0xac, 0x4f, 0x19, 0x3f, 0x4d, 0x55, 0x19, 0x3f,
  0xee, 0x5a, 0x19, 0x3f, 0x8e, 0x60, 0x19, 0x3f, 0x2e, 0x66, 0x19, 0x3f,
  0xce, 0x6b, 0x19, 0x3f, 0x6e, 0x71, 0x19, 0x3f, 0x0d, 0x77, 0x19, 0x3f,
  0xac, 0x7c, 0x19, 0x3f, 0x4b, 0x82, 0x19, 0x3f, 0xe9, 0x87, 0x19, 0x3f,
  0x87, 0x8d, 0x19, 0x3f, 0x26, 0x93, 0x19, 0x3f, 0xc3, 0x98, 0x19, 0x3f,
  0x60, 0x9e, 0x19, 0x3f, 0xfe, 0xa3, 0x19, 0x3f, 0x9b, 0xa9, 0x19, 0x3f,
  0x37, 0xaf, 0x19, 0x3f, 0xd4, 0xb4, 0x19, 0x3f, 0x70, 0xba, 0x19, 0x3f,
  0x0c, 0xc0, 0x19, 0x3f, 0xa7, 0xc5, 0x19, 0x3f, 0x42, 0xcb, 0x19, 0x3f,
  0xde, 0xd0, 0x19, 0x3f, 0x79, 0xd6, 0x19, 0x3f, 0x13, 0xdc, 0x19, 0x3f,
  0xae, 0xe1, 0x19, 0x3f, 0x47, 0xe7, 0x19, 0x3f, 0xe1, 0xec, 0x19, 0x3f,
  0x7b, 0xf2, 0x19, 0x3f, 0x14, 0xf8, 0x19, 0x3f, 0xad, 0xfd, 0x19, 0x3f,
  0x46, 0x03, 0x1a, 0x3f, 0xde, 0x08, 0x1a, 0x3f, 0x76, 0x0e, 0x1a, 0x3f,
  0x0f, 0x14, 0x1a, 0x3f, 0xa6, 0x19, 0x1a, 0x3f, 0x3d, 0x1f, 0x1a, 0x3f,
  0xd5, 0x24, 0x1a, 0x3f, 0x6c, 0x2a, 0x1a, 0x3f, 0x02, 0x30, 0x1a, 0x3f,
  0x98, 0x35, 0x1a, 0x3f, 0x2f, 0x3b, 0x1a, 0x3f, 0xc5, 0x40, 0x1a, 0x3f,
  0x5a, 0x46, 0x1a, 0x3f, 0xef, 0x4b, 0x1a, 0x3f, 0x85, 0x51, 0x1a, 0x3f,
  0x1a, 0x57, 0x1a, 0x3f, 0xae, 0x5c, 0x1a, 0x3f, 0x42, 0x62, 0x1a, 0x3f,
  0xd6, 0x67, 0x1a, 0x3f, 0x6a, 0x6d, 0x1a, 0x3f, 0xfe, 0x72, 0x1a, 0x3f,
  0x91, 0x78, 0x1a, 0x3f, 0x24, 0x7e, 0x1a, 0x3f, 0xb7, 0x83, 0x1a, 0x3f,
  0x49, 0x89, 0x1a, 0x3f, 0xdc, 0x8e, 0x1a, 0x3f, 0x6d, 0x94, 0x1a, 0x3f,
  0xff, 0x99, 0x1a, 0x3f, 0x91, 0x9f, 0x1a, 0x3f, 0x22, 0xa5, 0x1a, 0x3f,
  0xb3, 0xaa, 0x1a, 0x3f, 0x44, 0xb0, 0x1a, 0x3f, 0xd4, 0xb5, 0x1a, 0x3f,
  0x64, 0xbb, 0x1a, 0x3f, 0xf4, 0xc0, 0x1a, 0x3f, 0x84, 0xc6, 0x1a, 0x3f,
  0x13, 0xcc, 0x1a, 0x3f, 0xa2, 0xd1, 0x1a, 0x3f, 0x31, 0xd7, 0x1a, 0x3f,
  0xc0, 0xdc, 0x1a, 0x3f, 0x4e, 0xe2, 0x1a, 0x3f, 0xdd, 0xe7, 0x1a, 0x3f,
  0x6b, 0xed, 0x1a, 0x3f, 0xf8, 0xf2, 0x1a, 0x3f, 0x85, 0xf8, 0x1a, 0x3f,
  0x13, 0xfe, 0x1a, 0x3f, 0x9f, 0x03, 0x1b, 0x3f, 0x2c, 0x09, 0x1b, 0x3f,
  0xb9, 0x0e, 0x1b, 0x3f, 0x44, 0x14, 0x1b, 0x3f, 0xd0, 0x19, 0x1b, 0x3f,
  0x5c, 0x1f, 0x1b, 0x3f, 0xe7, 0x24, 0x1b, 0x3f, 0x72, 0x2a, 0x1b, 0x3f,
  0xfd, 0x2f, 0x1b, 0x3f, 0x88, 0x35, 0x1b, 0x3f, 0x12, 0x3b, 0x1b, 0x3f,
  0x9c, 0x40, 0x1b, 0x3f, 0x26, 0x46, 0x1b, 0x3f, 0xb0, 0x4b, 0x1b, 0x3f,
  0x39, 0x51, 0x1b, 0x3f, 0xc2, 0x56, 0x1b, 0x3f, 0x4b, 0x5c, 0x1b, 0x3f,
  0xd3, 0x61, 0x1b, 0x3f, 0x5c, 0x67, 0x1b, 0x3f, 0xe4, 0x6c, 0x1b, 0x3f,
  0x6c, 0x72, 0x1b, 0x3f, 0xf3, 0x77, 0x1b, 0x3f, 0x7a, 0x7d, 0x1b, 0x3f,
  0x01, 0x83, 0x1b, 0x3f, 0x88, 0x88, 0x1b, 0x3f, 0x0e, 0x8e, 0x1b, 0x3f,
  0x95, 0x93, 0x1b, 0x3f, 0x1b, 0x99, 0x1b, 0x3f, 0xa1, 0x9e, 0x1b, 0x3f,
  0x26, 0xa4, 0x1b, 0x3f, 0xab, 0xa9, 0x1b, 0x3f, 0x30, 0xaf, 0x1b, 0x3f,
  0xb5, 0xb4, 0x1b, 0x3f, 0x3a, 0xba, 0x1b, 0x3f, 0xbe, 0xbf, 0x1b, 0x3f,
  0x42, 0xc5, 0x1b, 0x3f, 0xc6, 0xca, 0x1b, 0x3f, 0x49, 0xd0, 0x1b, 0x3f,
  0xcd, 0xd5, 0x1b, 0x3f, 0x4f, 0xdb, 0x1b, 0x3f, 0xd2, 0xe0, 0x1b, 0x3f,
  0x55, 0xe6, 0x1b, 0x3f, 0xd7, 0xeb, 0x1b, 0x3f, 0x59, 0xf1, 0x1b, 0x3f,
  0xdb, 0xf6, 0x1b, 0x3f, 0x5c, 0xfc, 0x1b, 0x3f, 0xde, 0x01, 0x1c, 0x3f,
  0x5f, 0x07, 0x1c, 0x3f, 0xdf, 0x0c, 0x1c, 0x3f, 0x60, 0x12, 0x1c, 0x3f,
  0xe0, 0x17, 0x1c, 0x3f, 0x60, 0x1d, 0x1c, 0x3f, 0xe0, 0x22, 0x1c, 0x3f,
  0x5f, 0x28, 0x1c, 0x3f, 0xdf, 0x2d, 0x1c, 0x3f, 0x5e, 0x33, 0x1c, 0x3f,
  0xdd, 0x38, 0x1c, 0x3f, 0x5b, 0x3e, 0x1c, 0x3f, 0xd9, 0x43, 0x1c, 0x3f,
  0x57, 0x49, 0x1c, 0x3f, 0xd5, 0x4e, 0x1c, 0x3f, 0x53, 0x54, 0x1c, 0x3f,
  0xd0, 0x59, 0x1c, 0x3f, 0x4d, 0x5f, 0x1c, 0x3f, 0xca, 0x64, 0x1c, 0x3f,
  0x46, 0x6a, 0x1c, 0x3f, 0xc2, 0x6f, 0x1c, 0x3f, 0x3f, 0x75, 0x1c, 0x3f,
  0xbb, 0x7a, 0x1c, 0x3f, 0x36, 0x80, 0x1c, 0x3f, 0xb2, 0x85, 0x1c, 0x3f,
  0x2c, 0x8b, 0x1c, 0x3f, 0xa7, 0x90, 0x1c, 0x3f, 0x22, 0x96, 0x1c, 0x3f,
  0x9c, 0x9b, 0x1c, 0x3f, 0x16, 0xa1, 0x1c, 0x3f, 0x90, 0xa6, 0x1c, 0x3f,
  0x0a, 0xac, 0x1c, 0x3f, 0x83, 0xb1, 0x1c, 0x3f, 0xfc, 0xb6, 0x1c, 0x3f,
  0x75, 0xbc, 0x1c, 0x3f, 0xed, 0xc1, 0x1c, 0x3f, 0x66, 0xc7, 0x1c, 0x3f,
  0xde, 0xcc, 0x1c, 0x3f, 0x56, 0xd2, 0x1c, 0x3f, 0xcd, 0xd7, 0x1c, 0x3f,
  0x45, 0xdd, 0x1c, 0x3f, 0xbc, 0xe2, 0x1c, 0x3f, 0x33, 0xe8, 0x1c, 0x3f,
  0xa9, 0xed, 0x1c, 0x3f, 0x20, 0xf3, 0x1c, 0x3f, 0x96, 0xf8, 0x1c, 0x3f,
  0x0c, 0xfe, 0x1c, 0x3f, 0x81, 0x03, 0x1d, 0x3f, 0xf7, 0x08, 0x1d, 0x3f,
  0x6c, 0x0e, 0x1d, 0x3f, 0xe1, 0x13, 0x1d, 0x3f, 0x56, 0x19, 0x1d, 0x3f,
  0xca, 0x1e, 0x1d, 0x3f, 0x3f, 0x24, 0x1d, 0x3f, 0xb3, 0x29, 0x1d, 0x3f,
  0x26, 0x2f, 0x1d, 0x3f, 0x9a, 0x34, 0x1d, 0x3f, 0x0d, 0x3a, 0x1d, 0x3f,
  0x80, 0x3f, 0x1d, 0x3f, 0xf3, 0x44, 0x1d, 0x3f, 0x65, 0x4a, 0x1d, 0x3f,
  0xd7, 0x4f, 0x1d, 0x3f, 0x49, 0x55, 0x1d, 0x3f, 0xbb, 0x5a, 0x1d, 0x3f,
  0x2d, 0x60, 0x1d, 0x3f, 0x9e, 0x65, 0x1d, 0x3f, 0x0f, 0x6b, 0x1d, 0x3f,
  0x80, 0x70, 0x1d, 0x3f, 0xf1, 0x75, 0x1d, 0x3f, 0x61, 0x7b, 0x1d, 0x3f,
  0xd1, 0x80, 0x1d, 0x3f, 0x41, 0x86, 0x1d, 0x3f, 0xb0, 0x8b, 0x1d, 0x3f,
  0x20, 0x91, 0x1d, 0x3f, 0x8f, 0x96, 0x1d, 0x3f, 0xfe, 0x9b, 0x1d, 0x3f,
  0x6c, 0xa1, 0x1d, 0x3f, 0xdb, 0xa6, 0x1d, 0x3f, 0x49, 0xac, 0x1d, 0x3f,
  0xb7, 0xb1, 0x1d, 0x3f, 0x25, 0xb7, 0x1d, 0x3f, 0x92, 0xbc, 0x1d, 0x3f,
  0xff, 0xc1, 0x1d, 0x3f, 0x6c, 0xc7, 0x1d, 0x3f, 0xd9, 0xcc, 0x1d, 0x3f,
  0x45, 0xd2, 0x1d, 0x3f, 0xb2, 0xd7, 0x1d, 0x3f, 0x1e, 0xdd, 0x1d, 0x3f,
  0x89, 0xe2, 0x1d, 0x3f, 0xf5, 0xe7, 0x1d, 0x3f, 0x60, 0xed, 0x1d, 0x3f,
  0xcb, 0xf2, 0x1d, 0x3f, 0x36, 0xf8, 0x1d, 0x3f, 0xa1, 0xfd, 0x1d, 0x3f,
  0x0b, 0x03, 0x1e, 0x3f, 0x75, 0x08, 0x1e, 0x3f, 0xdf, 0x0d, 0x1e, 0x3f,
  0x48, 0x13, 0x1e, 0x3f, 0xb2, 0x18, 0x1e, 0x3f, 0x1b, 0x1e, 0x1e, 0x3f,
  0x84, 0x23, 0x1e, 0x3f, 0xed, 0x28, 0x1e, 0x3f, 0x55, 0x2e, 0x1e, 0x3f,
  0xbd, 0x33, 0x1e, 0x3f, 0x25, 0x39, 0x1e, 0x3f, 0x8d, 0x3e, 0x1e, 0x3f,
  0xf4, 0x43, 0x1e, 0x3f, 0x5c, 0x49, 0x1e, 0x3f, 0xc3, 0x4e, 0x1e, 0x3f,
  0x2a, 0x54, 0x1e, 0x3f, 0x90, 0x59, 0x1e, 0x3f, 0xf6, 0x5e, 0x1e, 0x3f,
  0x5c, 0x64, 0x1e, 0x3f, 0xc2, 0x69, 0x1e, 0x3f, 0x28, 0x6f, 0x1e, 0x3f,
  0x8d, 0x74, 0x1e, 0x3f, 0xf2, 0x79, 0x1e, 0x3f, 0x57, 0x7f, 0x1e, 0x3f,
  0xbc, 0x84, 0x1e, 0x3f, 0x20, 0x8a, 0x1e, 0x3f, 0x84, 0x8f, 0x1e, 0x3f,
  0xe8, 0x94, 0x1e, 0x3f, 0x4c, 0x9a, 0x1e, 0x3f, 0xaf, 0x9f, 0x1e, 0x3f,
  0x12, 0xa5, 0x1e, 0x3f, 0x75, 0xaa, 0x1e, 0x3f, 0xd8, 0xaf, 0x1e, 0x3f,
  0x3b, 0xb5, 0x1e, 0x3f, 0x9d, 0xba, 0x1e, 0x3f, 0xff, 0xbf, 0x1e, 0x3f,
  0x61, 0xc5, 0x1e, 0x3f, 0xc3, 0xca, 0x1e, 0x3f, 0x24, 0xd0, 0x1e, 0x3f,
  0x85, 0xd5, 0x1e, 0x3f, 0xe6, 0xda, 0x1e, 0x3f, 0x46, 0xe0, 0x1e, 0x3f,
  0xa7, 0xe5, 0x1e, 0x3f, 0x07, 0xeb, 0x1e, 0x3f, 0x67, 0xf0, 0x1e, 0x3f,
  0xc7, 0xf5, 0x1e, 0x3f, 0x26, 0xfb, 0x1e, 0x3f, 0x86, 0x00, 0x1f, 0x3f,
  0xe4, 0x05, 0x1f, 0x3f, 0x43, 0x0b, 0x1f, 0x3f, 0xa2, 0x10, 0x1f, 0x3f,
  0x00, 0x16, 0x1f, 0x3f, 0x5e, 0x1b, 0x1f, 0x3f, 0xbc, 0x20, 0x1f, 0x3f,
  0x19, 0x26, 0x1f, 0x3f, 0x77, 0x2b, 0x1f, 0x3f, 0xd4, 0x30, 0x1f, 0x3f,
  0x31, 0x36, 0x1f, 0x3f, 0x8e, 0x3b, 0x1f, 0x3f, 0xea, 0x40, 0x1f, 0x3f,
  0x46, 0x46, 0x1f, 0x3f, 0xa2, 0x4b, 0x1f, 0x3f, 0xfe, 0x50, 0x1f, 0x3f,
  0x59, 0x56, 0x1f, 0x3f, 0xb5, 0x5b, 0x1f, 0x3f, 0x10, 0x61, 0x1f, 0x3f,
  0x6a, 0x66, 0x1f, 0x3f, 0xc5, 0x6b, 0x1f, 0x3f, 0x20, 0x71, 0x1f, 0x3f,
  0x7a, 0x76, 0x1f, 0x3f, 0xd4, 0x7b, 0x1f, 0x3f, 0x2d, 0x81, 0x1f, 0x3f,
  0x87, 0x86, 0x1f, 0x3f, 0xe0, 0x8b, 0x1f, 0x3f, 0x39, 0x91, 0x1f, 0x3f,
  0x91, 0x96, 0x1f, 0x3f, 0xea, 0x9b, 0x1f, 0x3f, 0x42, 0xa1, 0x1f, 0x3f,
  0x9b, 0xa6, 0x1f, 0x3f, 0xf3, 0xab, 0x1f, 0x3f, 0x4a, 0xb1, 0x1f, 0x3f,
  0xa1, 0xb6, 0x1f, 0x3f, 0xf8, 0xbb, 0x1f, 0x3f, 0x4f, 0xc1, 0x1f, 0x3f,
  0xa6, 0xc6, 0x1f, 0x3f, 0xfc, 0xcb, 0x1f, 0x3f, 0x53, 0xd1, 0x1f, 0x3f,
  0xa9, 0xd6, 0x1f, 0x3f, 0xff, 0xdb, 0x1f, 0x3f, 0x54, 0xe1, 0x1f, 0x3f,
  0xa9, 0xe6, 0x1f, 0x3f, 0xfe, 0xeb, 0x1f, 0x3f, 0x53, 0xf1, 0x1f, 0x3f,
  0xa8, 0xf6, 0x1f, 0x3f, 0xfc, 0xfb, 0x1f, 0x3f, 0x50, 0x01, 0x20, 0x3f,
  0xa4, 0x06, 0x20, 0x3f, 0xf8, 0x0b, 0x20, 0x3f, 0x4b, 0x11, 0x20, 0x3f,
  0x9f, 0x16, 0x20, 0x3f, 0xf2, 0x1b, 0x20, 0x3f, 0x45, 0x21, 0x20, 0x3f,
  0x97, 0x26, 0x20, 0x3f, 0xe9, 0x2b, 0x20, 0x3f, 0x3b, 0x31, 0x20, 0x3f,
  0x8d, 0x36, 0x20, 0x3f, 0xdf, 0x3b, 0x20, 0x3f, 0x30, 0x41, 0x20, 0x3f,
  0x82, 0x46, 0x20, 0x3f, 0xd3, 0x4b, 0x20, 0x3f, 0x23, 0x51, 0x20, 0x3f,
  0x74, 0x56, 0x20, 0x3f, 0xc4, 0x5b, 0x20, 0x3f, 0x14, 0x61, 0x20, 0x3f,
  0x64, 0x66, 0x20, 0x3f, 0xb4, 0x6b, 0x20, 0x3f, 0x03, 0x71, 0x20, 0x3f,
  0x52, 0x76, 0x20, 0x3f, 0xa1, 0x7b, 0x20, 0x3f, 0xf0, 0x80, 0x20, 0x3f,
  0x3e, 0x86, 0x20, 0x3f, 0x8c, 0x8b, 0x20, 0x3f, 0xdb, 0x90, 0x20, 0x3f,
  0x28, 0x96, 0x20, 0x3f, 0x76, 0x9b, 0x20, 0x3f, 0xc3, 0xa0, 0x20, 0x3f,
  0x10, 0xa6, 0x20, 0x3f, 0x5d, 0xab, 0x20, 0x3f, 0xaa, 0xb0, 0x20, 0x3f,
  0xf7, 0xb5, 0x20, 0x3f, 0x43, 0xbb, 0x20, 0x3f, 0x8f, 0xc0, 0x20, 0x3f,
  0xdb, 0xc5, 0x20, 0x3f, 0x26, 0xcb, 0x20, 0x3f, 0x71, 0xd0, 0x20, 0x3f,
  0xbc, 0xd5, 0x20, 0x3f, 0x07, 0xdb, 0x20, 0x3f, 0x52, 0xe0, 0x20, 0x3f,
  0x9d, 0xe5, 0x20, 0x3f, 0xe6, 0xea, 0x20, 0x3f, 0x31, 0xf0, 0x20, 0x3f,
  0x7a, 0xf5, 0x20, 0x3f, 0xc4, 0xfa, 0x20, 0x3f, 0x0d, 0x00, 0x21, 0x3f,
  0x56, 0x05, 0x21, 0x3f, 0x9f, 0x0a, 0x21, 0x3f, 0xe8, 0x0f, 0x21, 0x3f,
  0x30, 0x15, 0x21, 0x3f, 0x78, 0x1a, 0x21, 0x3f, 0xc0, 0x1f, 0x21, 0x3f,
  0x08, 0x25, 0x21, 0x3f, 0x50, 0x2a, 0x21, 0x3f, 0x97, 0x2f, 0x21, 0x3f,
  0xde, 0x34, 0x21, 0x3f, 0x25, 0x3a, 0x21, 0x3f, 0x6c, 0x3f, 0x21, 0x3f,
  0xb2, 0x44, 0x21, 0x3f, 0xf8, 0x49, 0x21, 0x3f, 0x3e, 0x4f, 0x21, 0x3f,
  0x84, 0x54, 0x21, 0x3f, 0xca, 0x59, 0x21, 0x3f, 0x0f, 0x5f, 0x21, 0x3f,
  0x54, 0x64, 0x21, 0x3f, 0x99, 0x69, 0x21, 0x3f, 0xdd, 0x6e, 0x21, 0x3f,
  0x22, 0x74, 0x21, 0x3f, 0x66, 0x79, 0x21, 0x3f, 0xaa, 0x7e, 0x21, 0x3f,
  0xee, 0x83, 0x21, 0x3f, 0x31, 0x89, 0x21, 0x3f, 0x74, 0x8e, 0x21, 0x3f,
  0xb7, 0x93, 0x21, 0x3f, 0xfa, 0x98, 0x21, 0x3f, 0x3d, 0x9e, 0x21, 0x3f,
  0x80, 0xa3, 0x21, 0x3f, 0xc2, 0xa8, 0x21, 0x3f, 0x04, 0xae, 0x21, 0x3f,
  0x46, 0xb3, 0x21, 0x3f, 0x87, 0xb8, 0x21, 0x3f, 0xc8, 0xbd, 0x21, 0x3f,
  0x09, 0xc3, 0x21, 0x3f, 0x4a, 0xc8, 0x21, 0x3f, 0x8b, 0xcd, 0x21, 0x3f,
  0xcc, 0xd2, 0x21, 0x3f, 0x0c, 0xd8, 0x21, 0x3f, 0x4c, 0xdd, 0x21, 0x3f,
  0x8c, 0xe2, 0x21, 0x3f, 0xcb, 0xe7, 0x21, 0x3f, 0x0a, 0xed, 0x21, 0x3f,
  0x4a, 0xf2, 0x21, 0x3f, 0x89, 0xf7, 0x21, 0x3f, 0xc7, 0xfc, 0x21, 0x3f,
  0x06, 0x02, 0x22, 0x3f, 0x44, 0x07, 0x22, 0x3f, 0x82, 0x0c, 0x22, 0x3f,
  0xc0, 0x11, 0x22, 0x3f, 0xfe, 0x16, 0x22, 0x3f, 0x3b, 0x1c, 0x22, 0x3f,
  0x78, 0x21, 0x22, 0x3f, 0xb5, 0x26, 0x22, 0x3f, 0xf2, 0x2b, 0x22, 0x3f,
  0x2e, 0x31, 0x22, 0x3f, 0x6a, 0x36, 0x22, 0x3f, 0xa7, 0x3b, 0x22, 0x3f,
  0xe2, 0x40, 0x22, 0x3f, 0x1e, 0x46, 0x22, 0x3f, 0x59, 0x4b, 0x22, 0x3f,
  0x95, 0x50, 0x22, 0x3f, 0xd0, 0x55, 0x22, 0x3f, 0x0b, 0x5b, 0x22, 0x3f,
  0x45, 0x60, 0x22, 0x3f, 0x7f, 0x65, 0x22, 0x3f, 0xb9, 0x6a, 0x22, 0x3f,
  0xf3, 0x6f, 0x22, 0x3f, 0x2d, 0x75, 0x22, 0x3f, 0x66, 0x7a, 0x22, 0x3f,
  0xa0, 0x7f, 0x22, 0x3f, 0xd9, 0x84, 0x22, 0x3f, 0x12, 0x8a, 0x22, 0x3f,
  0x4b, 0x8f, 0x22, 0x3f, 0x83, 0x94, 0x22, 0x3f, 0xbb, 0x99, 0x22, 0x3f,
  0xf3, 0x9e, 0x22, 0x3f, 0x2b, 0xa4, 0x22, 0x3f, 0x62, 0xa9, 0x22, 0x3f,
  0x99, 0xae, 0x22, 0x3f, 0xd1, 0xb3, 0x22, 0x3f, 0x08, 0xb9, 0x22, 0x3f,
  0x3e, 0xbe, 0x22, 0x3f, 0x74, 0xc3, 0x22, 0x3f, 0xab, 0xc8, 0x22, 0x3f,
  0xe1, 0xcd, 0x22, 0x3f, 0x17, 0xd3, 0x22, 0x3f, 0x4c, 0xd8, 0x22, 0x3f,
  0x82, 0xdd, 0x22, 0x3f, 0xb7, 0xe2, 0x22, 0x3f, 0xec, 0xe7, 0x22, 0x3f,
  0x21, 0xed, 0x22, 0x3f, 0x55, 0xf2, 0x22, 0x3f, 0x89, 0xf7, 0x22, 0x3f,
  0xbd, 0xfc, 0x22, 0x3f, 0xf1, 0x01, 0x23, 0x3f, 0x25, 0x07, 0x23, 0x3f,
  0x58, 0x0c, 0x23, 0x3f, 0x8c, 0x11, 0x23, 0x3f, 0xbf, 0x16, 0x23, 0x3f,
  0xf2, 0x1b, 0x23, 0x3f, 0x24, 0x21, 0x23, 0x3f, 0x56, 0x26, 0x23, 0x3f,
  0x89, 0x2b, 0x23, 0x3f, 0xbb, 0x30, 0x23, 0x3f, 0xed, 0x35, 0x23, 0x3f,
  0x1e, 0x3b, 0x23, 0x3f, 0x4f, 0x40, 0x23, 0x3f, 0x80, 0x45, 0x23, 0x3f,
  0xb1, 0x4a, 0x23, 0x3f, 0xe2, 0x4f, 0x23, 0x3f, 0x12, 0x55, 0x23, 0x3f,
  0x43, 0x5a, 0x23, 0x3f, 0x73, 0x5f, 0x23, 0x3f, 0xa3, 0x64, 0x23, 0x3f,
  0xd2, 0x69, 0x23, 0x3f, 0x02, 0x6f, 0x23, 0x3f, 0x31, 0x74, 0x23, 0x3f,
  0x60, 0x79, 0x23, 0x3f, 0x8e, 0x7e, 0x23, 0x3f, 0xbd, 0x83, 0x23, 0x3f,
  0xeb, 0x88, 0x23, 0x3f, 0x1a, 0x8e, 0x23, 0x3f, 0x48, 0x93, 0x23, 0x3f,
  0x75, 0x98, 0x23, 0x3f, 0xa3, 0x9d, 0x23, 0x3f, 0xd0, 0xa2, 0x23, 0x3f,
  0xfd, 0xa7, 0x23, 0x3f, 0x2a, 0xad, 0x23, 0x3f, 0x57, 0xb2, 0x23, 0x3f,
  0x83, 0xb7, 0x23, 0x3f, 0xaf, 0xbc, 0x23, 0x3f, 0xdb, 0xc1, 0x23, 0x3f,
  0x07, 0xc7, 0x23, 0x3f, 0x33, 0xcc, 0x23, 0x3f, 0x5e, 0xd1, 0x23, 0x3f,
  0x89, 0xd6, 0x23, 0x3f, 0xb4, 0xdb, 0x23, 0x3f, 0xdf, 0xe0, 0x23, 0x3f,
  0x0a, 0xe6, 0x23, 0x3f, 0x34, 0xeb, 0x23, 0x3f, 0x5e, 0xf0, 0x23, 0x3f,
  0x88, 0xf5, 0x23, 0x3f, 0xb2, 0xfa, 0x23, 0x3f, 0xdb, 0xff, 0x23, 0x3f,
  0x05, 0x05, 0x24, 0x3f, 0x2d, 0x0a, 0x24, 0x3f, 0x56, 0x0f, 0x24, 0x3f,
  0x7f, 0x14, 0x24, 0x3f, 0xa8, 0x19, 0x24, 0x3f, 0xd0, 0x1e, 0x24, 0x3f,
  0xf8, 0x23, 0x24, 0x3f, 0x20, 0x29, 0x24, 0x3f, 0x47, 0x2e, 0x24, 0x3f,
  0x6f, 0x33, 0x24, 0x3f, 0x96, 0x38, 0x24, 0x3f, 0xbd, 0x3d, 0x24, 0x3f,
  0xe4, 0x42, 0x24, 0x3f, 0x0a, 0x48, 0x24, 0x3f, 0x31, 0x4d, 0x24, 0x3f,
  0x57, 0x52, 0x24, 0x3f, 0x7d, 0x57, 0x24, 0x3f, 0xa3, 0x5c, 0x24, 0x3f,
  0xc8, 0x61, 0x24, 0x3f, 0xed, 0x66, 0x24, 0x3f, 0x13, 0x6c, 0x24, 0x3f,
  0x38, 0x71, 0x24, 0x3f, 0x5c, 0x76, 0x24, 0x3f, 0x81, 0x7b, 0x24, 0x3f,
  0xa5, 0x80, 0x24, 0x3f, 0xc9, 0x85, 0x24, 0x3f, 0xed, 0x8a, 0x24, 0x3f,
  0x11, 0x90, 0x24, 0x3f, 0x34, 0x95, 0x24, 0x3f, 0x57, 0x9a, 0x24, 0x3f,
  0x7a, 0x9f, 0x24, 0x3f, 0x9d, 0xa4, 0x24, 0x3f, 0xc0, 0xa9, 0x24, 0x3f,
  0xe2, 0xae, 0x24, 0x3f, 0x05, 0xb4, 0x24, 0x3f, 0x27, 0xb9, 0x24, 0x3f,
  0x49, 0xbe, 0x24, 0x3f, 0x6a, 0xc3, 0x24, 0x3f, 0x8b, 0xc8, 0x24, 0x3f,
  0xad, 0xcd, 0x24, 0x3f, 0xce, 0xd2, 0x24, 0x3f, 0xef, 0xd7, 0x24, 0x3f,
  0x0f, 0xdd, 0x24, 0x3f, 0x2f, 0xe2, 0x24, 0x3f, 0x50, 0xe7, 0x24, 0x3f,
  0x70, 0xec, 0x24, 0x3f, 0x8f, 0xf1, 0x24, 0x3f, 0xaf, 0xf6, 0x24, 0x3f,
  0xce, 0xfb, 0x24, 0x3f, 0xed, 0x00, 0x25, 0x3f, 0x0c, 0x06, 0x25, 0x3f,
  0x2b, 0x0b, 0x25, 0x3f, 0x49, 0x10, 0x25, 0x3f, 0x68, 0x15, 0x25, 0x3f,
  0x86, 0x1a, 0x25, 0x3f, 0xa4, 0x1f, 0x25, 0x3f, 0xc1, 0x24, 0x25, 0x3f,
  0xdf, 0x29, 0x25, 0x3f, 0xfc, 0x2e, 0x25, 0x3f, 0x1a, 0x34, 0x25, 0x3f,
  0x36, 0x39, 0x25, 0x3f, 0x53, 0x3e, 0x25, 0x3f, 0x70, 0x43, 0x25, 0x3f,
  0x8c, 0x48, 0x25, 0x3f, 0xa8, 0x4d, 0x25, 0x3f, 0xc4, 0x52, 0x25, 0x3f,
  0xdf, 0x57, 0x25, 0x3f, 0xfb, 0x5c, 0x25, 0x3f, 0x16, 0x62, 0x25, 0x3f,
  0x31, 0x67, 0x25, 0x3f, 0x4c, 0x6c, 0x25, 0x3f, 0x67, 0x71, 0x25, 0x3f,
  0x81, 0x76, 0x25, 0x3f, 0x9c, 0x7b, 0x25, 0x3f, 0xb5, 0x80, 0x25, 0x3f,
  0xcf, 0x85, 0x25, 0x3f, 0xe9, 0x8a, 0x25, 0x3f, 0x03, 0x90, 0x25, 0x3f,
  0x1b, 0x95, 0x25, 0x3f, 0x35, 0x9a, 0x25, 0x3f, 0x4d, 0x9f, 0x25, 0x3f,
  0x66, 0xa4, 0x25, 0x3f, 0x7f, 0xa9, 0x25, 0x3f, 0x97, 0xae, 0x25, 0x3f,
  0xaf, 0xb3, 0x25, 0x3f, 0xc7, 0xb8, 0x25, 0x3f, 0xde, 0xbd, 0x25, 0x3f,
  0xf5, 0xc2, 0x25, 0x3f, 0x0d, 0xc8, 0x25, 0x3f, 0x24, 0xcd, 0x25, 0x3f,
  0x3b, 0xd2, 0x25, 0x3f, 0x51, 0xd7, 0x25, 0x3f, 0x67, 0xdc, 0x25, 0x3f,
  0x7e, 0xe1, 0x25, 0x3f, 0x94, 0xe6, 0x25, 0x3f, 0xaa, 0xeb, 0x25, 0x3f,
  0xbf, 0xf0, 0x25, 0x3f, 0xd5, 0xf5, 0x25, 0x3f, 0xea, 0xfa, 0x25, 0x3f,
  0xff, 0xff, 0x25, 0x3f, 0x14, 0x05, 0x26, 0x3f, 0x28, 0x0a, 0x26, 0x3f,
  0x3d, 0x0f, 0x26, 0x3f, 0x51, 0x14, 0x26, 0x3f, 0x65, 0x19, 0x26, 0x3f,
  0x78, 0x1e, 0x26, 0x3f, 0x8c, 0x23, 0x26, 0x3f, 0xa0, 0x28, 0x26, 0x3f,
  0xb3, 0x2d, 0x26, 0x3f, 0xc6, 0x32, 0x26, 0x3f, 0xd8, 0x37, 0x26, 0x3f,
  0xeb, 0x3c, 0x26, 0x3f, 0xfe, 0x41, 0x26, 0x3f, 0x10, 0x47, 0x26, 0x3f,
  0x22, 0x4c, 0x26, 0x3f, 0x33, 0x51, 0x26, 0x3f, 0x45, 0x56, 0x26, 0x3f,
  0x57, 0x5b, 0x26, 0x3f, 0x68, 0x60, 0x26, 0x3f, 0x79, 0x65, 0x26, 0x3f,
  0x89, 0x6a, 0x26, 0x3f, 0x9a, 0x6f, 0x26, 0x3f, 0xab, 0x74, 0x26, 0x3f,
  0xba, 0x79, 0x26, 0x3f, 0xcb, 0x7e, 0x26, 0x3f, 0xda, 0x83, 0x26, 0x3f,
  0xea, 0x88, 0x26, 0x3f, 0xfa, 0x8d, 0x26, 0x3f, 0x09, 0x93, 0x26, 0x3f,
  0x18, 0x98, 0x26, 0x3f, 0x27, 0x9d, 0x26, 0x3f, 0x35, 0xa2, 0x26, 0x3f,
  0x43, 0xa7, 0x26, 0x3f, 0x52, 0xac, 0x26, 0x3f, 0x60, 0xb1, 0x26, 0x3f,
  0x6e, 0xb6, 0x26, 0x3f, 0x7b, 0xbb, 0x26, 0x3f, 0x88, 0xc0, 0x26, 0x3f,
  0x96, 0xc5, 0x26, 0x3f, 0xa3, 0xca, 0x26, 0x3f, 0xb0, 0xcf, 0x26, 0x3f,
  0xbc, 0xd4, 0x26, 0x3f, 0xc9, 0xd9, 0x26, 0x3f, 0xd5, 0xde, 0x26, 0x3f,
  0xe1, 0xe3, 0x26, 0x3f, 0xed, 0xe8, 0x26, 0x3f, 0xf8, 0xed, 0x26, 0x3f,
  0x04, 0xf3, 0x26, 0x3f, 0x0f, 0xf8, 0x26, 0x3f, 0x1a, 0xfd, 0x26, 0x3f,
  0x25, 0x02, 0x27, 0x3f, 0x30, 0x07, 0x27, 0x3f, 0x3a, 0x0c, 0x27, 0x3f,
  0x45, 0x11, 0x27, 0x3f, 0x4f, 0x16, 0x27, 0x3f, 0x58, 0x1b, 0x27, 0x3f,
  0x62, 0x20, 0x27, 0x3f, 0x6c, 0x25, 0x27, 0x3f, 0x75, 0x2a, 0x27, 0x3f,
  0x7e, 0x2f, 0x27, 0x3f, 0x87, 0x34, 0x27, 0x3f, 0x90, 0x39, 0x27, 0x3f,
  0x98, 0x3e, 0x27, 0x3f, 0xa1, 0x43, 0x27, 0x3f, 0xa9, 0x48, 0x27, 0x3f,
  0xb1, 0x4d, 0x27, 0x3f, 0xb8, 0x52, 0x27, 0x3f, 0xc0, 0x57, 0x27, 0x3f,
  0xc7, 0x5c, 0x27, 0x3f, 0xce, 0x61, 0x27, 0x3f, 0xd5, 0x66, 0x27, 0x3f,
  0xdc, 0x6b, 0x27, 0x3f, 0xe3, 0x70, 0x27, 0x3f, 0xe9, 0x75, 0x27, 0x3f,
  0xef, 0x7a, 0x27, 0x3f, 0xf5, 0x7f, 0x27, 0x3f, 0xfb, 0x84, 0x27, 0x3f,
  0x01, 0x8a, 0x27, 0x3f, 0x06, 0x8f, 0x27, 0x3f, 0x0b, 0x94, 0x27, 0x3f,
  0x10, 0x99, 0x27, 0x3f, 0x15, 0x9e, 0x27, 0x3f, 0x19, 0xa3, 0x27, 0x3f,
  0x1e, 0xa8, 0x27, 0x3f, 0x22, 0xad, 0x27, 0x3f, 0x26, 0xb2, 0x27, 0x3f,
  0x2a, 0xb7, 0x27, 0x3f, 0x2e, 0xbc, 0x27, 0x3f, 0x31, 0xc1, 0x27, 0x3f,
  0x34, 0xc6, 0x27, 0x3f, 0x38, 0xcb, 0x27, 0x3f, 0x3a, 0xd0, 0x27, 0x3f,
  0x3d, 0xd5, 0x27, 0x3f, 0x3f, 0xda, 0x27, 0x3f, 0x42, 0xdf, 0x27, 0x3f,
  0x44, 0xe4, 0x27, 0x3f, 0x46, 0xe9, 0x27, 0x3f, 0x47, 0xee, 0x27, 0x3f,
  0x49, 0xf3, 0x27, 0x3f, 0x4a, 0xf8, 0x27, 0x3f, 0x4b, 0xfd, 0x27, 0x3f,
  0x4c, 0x02, 0x28, 0x3f, 0x4d, 0x07, 0x28, 0x3f, 0x4e, 0x0c, 0x28, 0x3f,
  0x4e, 0x11, 0x28, 0x3f, 0x4e, 0x16, 0x28, 0x3f, 0x4e, 0x1b, 0x28, 0x3f,
  0x4e, 0x20, 0x28, 0x3f, 0x4e, 0x25, 0x28, 0x3f, 0x4d, 0x2a, 0x28, 0x3f,
  0x4c, 0x2f, 0x28, 0x3f, 0x4b, 0x34, 0x28, 0x3f, 0x4a, 0x39, 0x28, 0x3f,
  0x49, 0x3e, 0x28, 0x3f, 0x47, 0x43, 0x28, 0x3f, 0x45, 0x48, 0x28, 0x3f,
  0x44, 0x4d, 0x28, 0x3f, 0x41, 0x52, 0x28, 0x3f, 0x3f, 0x57, 0x28, 0x3f,
  0x3c, 0x5c, 0x28, 0x3f, 0x3a, 0x61, 0x28, 0x3f, 0x37, 0x66, 0x28, 0x3f,
  0x34, 0x6b, 0x28, 0x3f, 0x30, 0x70, 0x28, 0x3f, 0x2d, 0x75, 0x28, 0x3f,
  0x29, 0x7a, 0x28, 0x3f, 0x26, 0x7f, 0x28, 0x3f, 0x21, 0x84, 0x28, 0x3f,
  0x1d, 0x89, 0x28, 0x3f, 0x19, 0x8e, 0x28, 0x3f, 0x14, 0x93, 0x28, 0x3f,
  0x10, 0x98, 0x28, 0x3f, 0x0a, 0x9d, 0x28, 0x3f, 0x05, 0xa2, 0x28, 0x3f,
  0x00, 0xa7, 0x28, 0x3f, 0xfb, 0xab, 0x28, 0x3f, 0xf5, 0xb0, 0x28, 0x3f,
  0xef, 0xb5, 0x28, 0x3f, 0xe9, 0xba, 0x28, 0x3f, 0xe2, 0xbf, 0x28, 0x3f,
  0xdc, 0xc4, 0x28, 0x3f, 0xd5, 0xc9, 0x28, 0x3f, 0xce, 0xce, 0x28, 0x3f,
  0xc7, 0xd3, 0x28, 0x3f, 0xc0, 0xd8, 0x28, 0x3f, 0xb8, 0xdd, 0x28, 0x3f,
  0xb1, 0xe2, 0x28, 0x3f, 0xa9, 0xe7, 0x28, 0x3f, 0xa1, 0xec, 0x28, 0x3f,
  0x99, 0xf1, 0x28, 0x3f, 0x90, 0xf6, 0x28, 0x3f, 0x88, 0xfb, 0x28, 0x3f,
  0x7f, 0x00, 0x29, 0x3f, 0x76, 0x05, 0x29, 0x3f, 0x6d, 0x0a, 0x29, 0x3f,
  0x63, 0x0f, 0x29, 0x3f, 0x5a, 0x14, 0x29, 0x3f, 0x50, 0x19, 0x29, 0x3f,
  0x47, 0x1e, 0x29, 0x3f, 0x3c, 0x23, 0x29, 0x3f, 0x32, 0x28, 0x29, 0x3f,
  0x28, 0x2d, 0x29, 0x3f, 0x1d, 0x32, 0x29, 0x3f, 0x12, 0x37, 0x29, 0x3f,
  0x07, 0x3c, 0x29, 0x3f, 0xfc, 0x40, 0x29, 0x3f, 0xf0, 0x45, 0x29, 0x3f,
  0xe5, 0x4a, 0x29, 0x3f, 0xd9, 0x4f, 0x29, 0x3f, 0xcd, 0x54, 0x29, 0x3f,
  0xc1, 0x59, 0x29, 0x3f, 0xb5, 0x5e, 0x29, 0x3f, 0xa8, 0x63, 0x29, 0x3f,
  0x9b, 0x68, 0x29, 0x3f, 0x8e, 0x6d, 0x29, 0x3f, 0x81, 0x72, 0x29, 0x3f,
  0x74, 0x77, 0x29, 0x3f, 0x66, 0x7c, 0x29, 0x3f, 0x59, 0x81, 0x29, 0x3f,
  0x4b, 0x86, 0x29, 0x3f, 0x3d, 0x8b, 0x29, 0x3f, 0x2f, 0x90, 0x29, 0x3f,
  0x20, 0x95, 0x29, 0x3f, 0x12, 0x9a, 0x29, 0x3f, 0x03, 0x9f, 0x29, 0x3f,
  0xf4, 0xa3, 0x29, 0x3f, 0xe5, 0xa8, 0x29, 0x3f, 0xd6, 0xad, 0x29, 0x3f,
  0xc6, 0xb2, 0x29, 0x3f, 0xb6, 0xb7, 0x29, 0x3f, 0xa7, 0xbc, 0x29, 0x3f,
  0x96, 0xc1, 0x29, 0x3f, 0x86, 0xc6, 0x29, 0x3f, 0x76, 0xcb, 0x29, 0x3f,
  0x65, 0xd0, 0x29, 0x3f, 0x54, 0xd5, 0x29, 0x3f, 0x43, 0xda, 0x29, 0x3f,
  0x32, 0xdf, 0x29, 0x3f, 0x21, 0xe4, 0x29, 0x3f, 0x0f, 0xe9, 0x29, 0x3f,
  0xfd, 0xed, 0x29, 0x3f, 0xeb, 0xf2, 0x29, 0x3f, 0xd9, 0xf7, 0x29, 0x3f,
  0xc7, 0xfc, 0x29, 0x3f, 0xb4, 0x01, 0x2a, 0x3f, 0xa2, 0x06, 0x2a, 0x3f,
  0x8f, 0x0b, 0x2a, 0x3f, 0x7c, 0x10, 0x2a, 0x3f, 0x69, 0x15, 0x2a, 0x3f,
  0x55, 0x1a, 0x2a, 0x3f, 0x42, 0x1f, 0x2a, 0x3f, 0x2e, 0x24, 0x2a, 0x3f,
  0x1a, 0x29, 0x2a, 0x3f, 0x06, 0x2e, 0x2a, 0x3f, 0xf2, 0x32, 0x2a, 0x3f,
  0xdd, 0x37, 0x2a, 0x3f, 0xc9, 0x3c, 0x2a, 0x3f, 0xb4, 0x41, 0x2a, 0x3f,
  0x9e, 0x46, 0x2a, 0x3f, 0x89, 0x4b, 0x2a, 0x3f, 0x74, 0x50, 0x2a, 0x3f,
  0x5e, 0x55, 0x2a, 0x3f, 0x48, 0x5a, 0x2a, 0x3f, 0x32, 0x5f, 0x2a, 0x3f,
  0x1c, 0x64, 0x2a, 0x3f, 0x06, 0x69, 0x2a, 0x3f, 0xf0, 0x6d, 0x2a, 0x3f,
  0xd9, 0x72, 0x2a, 0x3f, 0xc2, 0x77, 0x2a, 0x3f, 0xab, 0x7c, 0x2a, 0x3f,
  0x94, 0x81, 0x2a, 0x3f, 0x7c, 0x86, 0x2a, 0x3f, 0x64, 0x8b, 0x2a, 0x3f,
  0x4d, 0x90, 0x2a, 0x3f, 0x35, 0x95, 0x2a, 0x3f, 0x1d, 0x9a, 0x2a, 0x3f,
  0x04, 0x9f, 0x2a, 0x3f, 0xec, 0xa3, 0x2a, 0x3f, 0xd3, 0xa8, 0x2a, 0x3f,
  0xba, 0xad, 0x2a, 0x3f, 0xa1, 0xb2, 0x2a, 0x3f, 0x88, 0xb7, 0x2a, 0x3f,
  0x6e, 0xbc, 0x2a, 0x3f, 0x55, 0xc1, 0x2a, 0x3f, 0x3b, 0xc6, 0x2a, 0x3f,
  0x21, 0xcb, 0x2a, 0x3f, 0x07, 0xd0, 0x2a, 0x3f, 0xec, 0xd4, 0x2a, 0x3f,
  0xd2, 0xd9, 0x2a, 0x3f, 0xb7, 0xde, 0x2a, 0x3f, 0x9c, 0xe3, 0x2a, 0x3f,
  0x81, 0xe8, 0x2a, 0x3f, 0x66, 0xed, 0x2a, 0x3f, 0x4b, 0xf2, 0x2a, 0x3f,
  0x2f, 0xf7, 0x2a, 0x3f, 0x13, 0xfc, 0x2a, 0x3f, 0xf7, 0x00, 0x2b, 0x3f,
  0xdb, 0x05, 0x2b, 0x3f, 0xbe, 0x0a, 0x2b, 0x3f, 0xa2, 0x0f, 0x2b, 0x3f,
  0x85, 0x14, 0x2b, 0x3f, 0x68, 0x19, 0x2b, 0x3f, 0x4b, 0x1e, 0x2b, 0x3f,
  0x2e, 0x23, 0x2b, 0x3f, 0x11, 0x28, 0x2b, 0x3f, 0xf3, 0x2c, 0x2b, 0x3f,
  0xd5, 0x31, 0x2b, 0x3f, 0xb7, 0x36, 0x2b, 0x3f, 0x99, 0x3b, 0x2b, 0x3f,
  0x7b, 0x40, 0x2b, 0x3f, 0x5c, 0x45, 0x2b, 0x3f, 0x3e, 0x4a, 0x2b, 0x3f,
  0x1f, 0x4f, 0x2b, 0x3f, 0x00, 0x54, 0x2b, 0x3f, 0xe0, 0x58, 0x2b, 0x3f,
  0xc1, 0x5d, 0x2b, 0x3f, 0xa2, 0x62, 0x2b, 0x3f, 0x82, 0x67, 0x2b, 0x3f,
  0x62, 0x6c, 0x2b, 0x3f, 0x42, 0x71, 0x2b, 0x3f, 0x21, 0x76, 0x2b, 0x3f,
  0x01, 0x7b, 0x2b, 0x3f, 0xe0, 0x7f, 0x2b, 0x3f, 0xbf, 0x84, 0x2b, 0x3f,
  0x9e, 0x89, 0x2b, 0x3f, 0x7d, 0x8e, 0x2b, 0x3f, 0x5c, 0x93, 0x2b, 0x3f,
  0x3a, 0x98, 0x2b, 0x3f, 0x18, 0x9d, 0x2b, 0x3f, 0xf7, 0xa1, 0x2b, 0x3f,
  0xd4, 0xa6, 0x2b, 0x3f, 0xb2, 0xab, 0x2b, 0x3f, 0x90, 0xb0, 0x2b, 0x3f,
  0x6d, 0xb5, 0x2b, 0x3f, 0x4a, 0xba, 0x2b, 0x3f, 0x27, 0xbf, 0x2b, 0x3f,
  0x04, 0xc4, 0x2b, 0x3f, 0xe1, 0xc8, 0x2b, 0x3f, 0xbd, 0xcd, 0x2b, 0x3f,
  0x99, 0xd2, 0x2b, 0x3f, 0x75, 0xd7, 0x2b, 0x3f, 0x52, 0xdc, 0x2b, 0x3f,
  0x2d, 0xe1, 0x2b, 0x3f, 0x09, 0xe6, 0x2b, 0x3f, 0xe4, 0xea, 0x2b, 0x3f,
  0xbf, 0xef, 0x2b, 0x3f, 0x9b, 0xf4, 0x2b, 0x3f, 0x76, 0xf9, 0x2b, 0x3f,
  0x50, 0xfe, 0x2b, 0x3f, 0x2b, 0x03, 0x2c, 0x3f, 0x05, 0x08, 0x2c, 0x3f,
  0xdf, 0x0c, 0x2c, 0x3f, 0xb9, 0x11, 0x2c, 0x3f, 0x93, 0x16, 0x2c, 0x3f,
  0x6d, 0x1b, 0x2c, 0x3f, 0x46, 0x20, 0x2c, 0x3f, 0x20, 0x25, 0x2c, 0x3f,
  0xf8, 0x29, 0x2c, 0x3f, 0xd1, 0x2e, 0x2c, 0x3f, 0xaa, 0x33, 0x2c, 0x3f,
  0x83, 0x38, 0x2c, 0x3f, 0x5b, 0x3d, 0x2c, 0x3f, 0x33, 0x42, 0x2c, 0x3f,
  0x0b, 0x47, 0x2c, 0x3f, 0xe3, 0x4b, 0x2c, 0x3f, 0xbb, 0x50, 0x2c, 0x3f,
  0x92, 0x55, 0x2c, 0x3f, 0x6a, 0x5a, 0x2c, 0x3f, 0x41, 0x5f, 0x2c, 0x3f,
  0x18, 0x64, 0x2c, 0x3f, 0xef, 0x68, 0x2c, 0x3f, 0xc5, 0x6d, 0x2c, 0x3f,
  0x9c, 0x72, 0x2c, 0x3f, 0x72, 0x77, 0x2c, 0x3f, 0x48, 0x7c, 0x2c, 0x3f,
  0x1e, 0x81, 0x2c, 0x3f, 0xf4, 0x85, 0x2c, 0x3f, 0xca, 0x8a, 0x2c, 0x3f,
  0x9f, 0x8f, 0x2c, 0x3f, 0x74, 0x94, 0x2c, 0x3f, 0x49, 0x99, 0x2c, 0x3f,
  0x1e, 0x9e, 0x2c, 0x3f, 0xf3, 0xa2, 0x2c, 0x3f, 0xc8, 0xa7, 0x2c, 0x3f,
  0x9c, 0xac, 0x2c, 0x3f, 0x70, 0xb1, 0x2c, 0x3f, 0x44, 0xb6, 0x2c, 0x3f,
  0x18, 0xbb, 0x2c, 0x3f, 0xec, 0xbf, 0x2c, 0x3f, 0xbf, 0xc4, 0x2c, 0x3f,
  0x92, 0xc9, 0x2c, 0x3f, 0x66, 0xce, 0x2c, 0x3f, 0x39, 0xd3, 0x2c, 0x3f,
  0x0b, 0xd8, 0x2c, 0x3f, 0xde, 0xdc, 0x2c, 0x3f, 0xb0, 0xe1, 0x2c, 0x3f,
  0x83, 0xe6, 0x2c, 0x3f, 0x55, 0xeb, 0x2c, 0x3f, 0x26, 0xf0, 0x2c, 0x3f,
  0xf8, 0xf4, 0x2c, 0x3f, 0xca, 0xf9, 0x2c, 0x3f, 0x9b, 0xfe, 0x2c, 0x3f,
  0x6c, 0x03, 0x2d, 0x3f, 0x3e, 0x08, 0x2d, 0x3f, 0x0e, 0x0d, 0x2d, 0x3f,
  0xdf, 0x11, 0x2d, 0x3f, 0xb0, 0x16, 0x2d, 0x3f, 0x80, 0x1b, 0x2d, 0x3f,
  0x50, 0x20, 0x2d, 0x3f, 0x20, 0x25, 0x2d, 0x3f, 0xf0, 0x29, 0x2d, 0x3f,
  0xc0, 0x2e, 0x2d, 0x3f, 0x8f, 0x33, 0x2d, 0x3f, 0x5f, 0x38, 0x2d, 0x3f,
  0x2e, 0x3d, 0x2d, 0x3f, 0xfd, 0x41, 0x2d, 0x3f, 0xcb, 0x46, 0x2d, 0x3f,
  0x9a, 0x4b, 0x2d, 0x3f, 0x69, 0x50, 0x2d, 0x3f, 0x37, 0x55, 0x2d, 0x3f,
  0x05, 0x5a, 0x2d, 0x3f, 0xd3, 0x5e, 0x2d, 0x3f, 0xa1, 0x63, 0x2d, 0x3f,
  0x6e, 0x68, 0x2d, 0x3f, 0x3c, 0x6d, 0x2d, 0x3f, 0x09, 0x72, 0x2d, 0x3f,
  0xd6, 0x76, 0x2d, 0x3f, 0xa3, 0x7b, 0x2d, 0x3f, 0x70, 0x80, 0x2d, 0x3f,
  0x3c, 0x85, 0x2d, 0x3f, 0x09, 0x8a, 0x2d, 0x3f, 0xd5, 0x8e, 0x2d, 0x3f,
  0xa1, 0x93, 0x2d, 0x3f, 0x6d, 0x98, 0x2d, 0x3f, 0x38, 0x9d, 0x2d, 0x3f,
  0x04, 0xa2, 0x2d, 0x3f, 0xcf, 0xa6, 0x2d, 0x3f, 0x9b, 0xab, 0x2d, 0x3f,
  0x66, 0xb0, 0x2d, 0x3f, 0x30, 0xb5, 0x2d, 0x3f, 0xfb, 0xb9, 0x2d, 0x3f,
  0xc6, 0xbe, 0x2d, 0x3f, 0x90, 0xc3, 0x2d, 0x3f, 0x5a, 0xc8, 0x2d, 0x3f,
  0x24, 0xcd, 0x2d, 0x3f, 0xee, 0xd1, 0x2d, 0x3f, 0xb8, 0xd6, 0x2d, 0x3f,
  0x81, 0xdb, 0x2d, 0x3f, 0x4a, 0xe0, 0x2d, 0x3f, 0x13, 0xe5, 0x2d, 0x3f,
  0xdd, 0xe9, 0x2d, 0x3f, 0xa5, 0xee, 0x2d, 0x3f, 0x6e, 0xf3, 0x2d, 0x3f,
  0x36, 0xf8, 0x2d, 0x3f, 0xff, 0xfc, 0x2d, 0x3f, 0xc7, 0x01, 0x2e, 0x3f,
  0x8f, 0x06, 0x2e, 0x3f, 0x56, 0x0b, 0x2e, 0x3f, 0x1e, 0x10, 0x2e, 0x3f,
  0xe6, 0x14, 0x2e, 0x3f, 0xad, 0x19, 0x2e, 0x3f, 0x74, 0x1e, 0x2e, 0x3f,
  0x3b, 0x23, 0x2e, 0x3f, 0x02, 0x28, 0x2e, 0x3f, 0xc8, 0x2c, 0x2e, 0x3f,
  0x8f, 0x31, 0x2e, 0x3f, 0x55, 0x36, 0x2e, 0x3f, 0x1b, 0x3b, 0x2e, 0x3f,
  0xe1, 0x3f, 0x2e, 0x3f, 0xa7, 0x44, 0x2e, 0x3f, 0x6c, 0x49, 0x2e, 0x3f,
  0x31, 0x4e, 0x2e, 0x3f, 0xf7, 0x52, 0x2e, 0x3f, 0xbc, 0x57, 0x2e, 0x3f,
  0x81, 0x5c, 0x2e, 0x3f, 0x45, 0x61, 0x2e, 0x3f, 0x0a, 0x66, 0x2e, 0x3f,
  0xce, 0x6a, 0x2e, 0x3f, 0x93, 0x6f, 0x2e, 0x3f, 0x56, 0x74, 0x2e, 0x3f,
  0x1a, 0x79, 0x2e, 0x3f, 0xde, 0x7d, 0x2e, 0x3f, 0xa2, 0x82, 0x2e, 0x3f,
  0x65, 0x87, 0x2e, 0x3f, 0x28, 0x8c, 0x2e, 0x3f, 0xeb, 0x90, 0x2e, 0x3f,
  0xae, 0x95, 0x2e, 0x3f, 0x71, 0x9a, 0x2e, 0x3f, 0x33, 0x9f, 0x2e, 0x3f,
  0xf6, 0xa3, 0x2e, 0x3f, 0xb8, 0xa8, 0x2e, 0x3f, 0x7a, 0xad, 0x2e, 0x3f,
  0x3c, 0xb2, 0x2e, 0x3f, 0xfd, 0xb6, 0x2e, 0x3f, 0xbf, 0xbb, 0x2e, 0x3f,
  0x80, 0xc0, 0x2e, 0x3f, 0x42, 0xc5, 0x2e, 0x3f, 0x03, 0xca, 0x2e, 0x3f,
  0xc3, 0xce, 0x2e, 0x3f, 0x84, 0xd3, 0x2e, 0x3f, 0x45, 0xd8, 0x2e, 0x3f,
  0x05, 0xdd, 0x2e, 0x3f, 0xc5, 0xe1, 0x2e, 0x3f, 0x85, 0xe6, 0x2e, 0x3f,
  0x45, 0xeb, 0x2e, 0x3f, 0x05, 0xf0, 0x2e, 0x3f, 0xc4, 0xf4, 0x2e, 0x3f,
  0x84, 0xf9, 0x2e, 0x3f, 0x43, 0xfe, 0x2e, 0x3f, 0x02, 0x03, 0x2f, 0x3f,
  0xc1, 0x07, 0x2f, 0x3f, 0x7f, 0x0c, 0x2f, 0x3f, 0x3e, 0x11, 0x2f, 0x3f,
  0xfc, 0x15, 0x2f, 0x3f, 0xbb, 0x1a, 0x2f, 0x3f, 0x78, 0x1f, 0x2f, 0x3f,
  0x36, 0x24, 0x2f, 0x3f, 0xf4, 0x28, 0x2f, 0x3f, 0xb2, 0x2d, 0x2f, 0x3f,
  0x6f, 0x32, 0x2f, 0x3f, 0x2c, 0x37, 0x2f, 0x3f, 0xe9, 0x3b, 0x2f, 0x3f,
  0xa6, 0x40, 0x2f, 0x3f, 0x63, 0x45, 0x2f, 0x3f, 0x1f, 0x4a, 0x2f, 0x3f,
  0xdb, 0x4e, 0x2f, 0x3f, 0x98, 0x53, 0x2f, 0x3f, 0x54, 0x58, 0x2f, 0x3f,
  0x10, 0x5d, 0x2f, 0x3f, 0xcb, 0x61, 0x2f, 0x3f, 0x87, 0x66, 0x2f, 0x3f,
  0x42, 0x6b, 0x2f, 0x3f, 0xfd, 0x6f, 0x2f, 0x3f, 0xb8, 0x74, 0x2f, 0x3f,
  0x73, 0x79, 0x2f, 0x3f, 0x2e, 0x7e, 0x2f, 0x3f, 0xe9, 0x82, 0x2f, 0x3f,
  0xa3, 0x87, 0x2f, 0x3f, 0x5d, 0x8c, 0x2f, 0x3f, 0x17, 0x91, 0x2f, 0x3f,
  0xd1, 0x95, 0x2f, 0x3f, 0x8b, 0x9a, 0x2f, 0x3f, 0x44, 0x9f, 0x2f, 0x3f,
  0xfe, 0xa3, 0x2f, 0x3f, 0xb7, 0xa8, 0x2f, 0x3f, 0x70, 0xad, 0x2f, 0x3f,
  0x29, 0xb2, 0x2f, 0x3f, 0xe1, 0xb6, 0x2f, 0x3f, 0x9a, 0xbb, 0x2f, 0x3f,
  0x52, 0xc0, 0x2f, 0x3f, 0x0b, 0xc5, 0x2f, 0x3f, 0xc3, 0xc9, 0x2f, 0x3f,
  0x7b, 0xce, 0x2f, 0x3f, 0x32, 0xd3, 0x2f, 0x3f, 0xea, 0xd7, 0x2f, 0x3f,
  0xa2, 0xdc, 0x2f, 0x3f, 0x58, 0xe1, 0x2f, 0x3f, 0x10, 0xe6, 0x2f, 0x3f,
  0xc7, 0xea, 0x2f, 0x3f, 0x7d, 0xef, 0x2f, 0x3f, 0x34, 0xf4, 0x2f, 0x3f,
  0xea, 0xf8, 0x2f, 0x3f, 0xa1, 0xfd, 0x2f, 0x3f, 0x57, 0x02, 0x30, 0x3f,
  0x0d, 0x07, 0x30, 0x3f, 0xc2, 0x0b, 0x30, 0x3f, 0x78, 0x10, 0x30, 0x3f,
  0x2e, 0x15, 0x30, 0x3f, 0xe3, 0x19, 0x30, 0x3f, 0x98, 0x1e, 0x30, 0x3f,
  0x4d, 0x23, 0x30, 0x3f, 0x02, 0x28, 0x30, 0x3f, 0xb6, 0x2c, 0x30, 0x3f,
  0x6b, 0x31, 0x30, 0x3f, 0x1f, 0x36, 0x30, 0x3f, 0xd3, 0x3a, 0x30, 0x3f,
  0x87, 0x3f, 0x30, 0x3f, 0x3b, 0x44, 0x30, 0x3f, 0xef, 0x48, 0x30, 0x3f,
  0xa2, 0x4d, 0x30, 0x3f, 0x55, 0x52, 0x30, 0x3f, 0x09, 0x57, 0x30, 0x3f,
  0xbc, 0x5b, 0x30, 0x3f, 0x6e, 0x60, 0x30, 0x3f, 0x21, 0x65, 0x30, 0x3f,
  0xd4, 0x69, 0x30, 0x3f, 0x86, 0x6e, 0x30, 0x3f, 0x38, 0x73, 0x30, 0x3f,
  0xea, 0x77, 0x30, 0x3f, 0x9c, 0x7c, 0x30, 0x3f, 0x4e, 0x81, 0x30, 0x3f,
  0x00, 0x86, 0x30, 0x3f, 0xb1, 0x8a, 0x30, 0x3f, 0x62, 0x8f, 0x30, 0x3f,
  0x13, 0x94, 0x30, 0x3f, 0xc4, 0x98, 0x30, 0x3f, 0x75, 0x9d, 0x30, 0x3f,
  0x25, 0xa2, 0x30, 0x3f, 0xd6, 0xa6, 0x30, 0x3f, 0x86, 0xab, 0x30, 0x3f,
  0x36, 0xb0, 0x30, 0x3f, 0xe6, 0xb4, 0x30, 0x3f, 0x96, 0xb9, 0x30, 0x3f,
  0x45, 0xbe, 0x30, 0x3f, 0xf5, 0xc2, 0x30, 0x3f, 0xa4, 0xc7, 0x30, 0x3f,
  0x53, 0xcc, 0x30, 0x3f, 0x02, 0xd1, 0x30, 0x3f, 0xb1, 0xd5, 0x30, 0x3f,
  0x60, 0xda, 0x30, 0x3f, 0x0e, 0xdf, 0x30, 0x3f, 0xbc, 0xe3, 0x30, 0x3f,
  0x6b, 0xe8, 0x30, 0x3f, 0x19, 0xed, 0x30, 0x3f, 0xc7, 0xf1, 0x30, 0x3f,
  0x74, 0xf6, 0x30, 0x3f, 0x22, 0xfb, 0x30, 0x3f, 0xcf, 0xff, 0x30, 0x3f,
  0x7c, 0x04, 0x31, 0x3f, 0x29, 0x09, 0x31, 0x3f, 0xd6, 0x0d, 0x31, 0x3f,
  0x83, 0x12, 0x31, 0x3f, 0x2f, 0x17, 0x31, 0x3f, 0xdc, 0x1b, 0x31, 0x3f,
  0x88, 0x20, 0x31, 0x3f, 0x34, 0x25, 0x31, 0x3f, 0xe0, 0x29, 0x31, 0x3f,
  0x8c, 0x2e, 0x31, 0x3f, 0x37, 0x33, 0x31, 0x3f, 0xe3, 0x37, 0x31, 0x3f,
  0x8e, 0x3c, 0x31, 0x3f, 0x39, 0x41, 0x31, 0x3f, 0xe4, 0x45, 0x31, 0x3f,
  0x8f, 0x4a, 0x31, 0x3f, 0x3a, 0x4f, 0x31, 0x3f, 0xe4, 0x53, 0x31, 0x3f,
  0x8e, 0x58, 0x31, 0x3f, 0x38, 0x5d, 0x31, 0x3f, 0xe2, 0x61, 0x31, 0x3f,
  0x8c, 0x66, 0x31, 0x3f, 0x36, 0x6b, 0x31, 0x3f, 0xe0, 0x6f, 0x31, 0x3f,
  0x89, 0x74, 0x31, 0x3f, 0x32, 0x79, 0x31, 0x3f, 0xdb, 0x7d, 0x31, 0x3f,
  0x84, 0x82, 0x31, 0x3f, 0x2d, 0x87, 0x31, 0x3f, 0xd5, 0x8b, 0x31, 0x3f,
  0x7e, 0x90, 0x31, 0x3f, 0x26, 0x95, 0x31, 0x3f, 0xce, 0x99, 0x31, 0x3f,
  0x76, 0x9e, 0x31, 0x3f, 0x1e, 0xa3, 0x31, 0x3f, 0xc6, 0xa7, 0x31, 0x3f,
  0x6d, 0xac, 0x31, 0x3f, 0x15, 0xb1, 0x31, 0x3f, 0xbb, 0xb5, 0x31, 0x3f,
  0x62, 0xba, 0x31, 0x3f, 0x09, 0xbf, 0x31, 0x3f, 0xb0, 0xc3, 0x31, 0x3f,
  0x56, 0xc8, 0x31, 0x3f, 0xfd, 0xcc, 0x31, 0x3f, 0xa3, 0xd1, 0x31, 0x3f,
  0x49, 0xd6, 0x31, 0x3f, 0xef, 0xda, 0x31, 0x3f, 0x95, 0xdf, 0x31, 0x3f,
  0x3a, 0xe4, 0x31, 0x3f, 0xe0, 0xe8, 0x31, 0x3f, 0x85, 0xed, 0x31, 0x3f,
  0x2a, 0xf2, 0x31, 0x3f, 0xcf, 0xf6, 0x31, 0x3f, 0x74, 0xfb, 0x31, 0x3f,
  0x19, 0x00, 0x32, 0x3f, 0xbd, 0x04, 0x32, 0x3f, 0x61, 0x09, 0x32, 0x3f,
  0x05, 0x0e, 0x32, 0x3f, 0xa9, 0x12, 0x32, 0x3f, 0x4d, 0x17, 0x32, 0x3f,
  0xf1, 0x1b, 0x32, 0x3f, 0x94, 0x20, 0x32, 0x3f, 0x38, 0x25, 0x32, 0x3f,
  0xdb, 0x29, 0x32, 0x3f, 0x7e, 0x2e, 0x32, 0x3f, 0x21, 0x33, 0x32, 0x3f,
  0xc4, 0x37, 0x32, 0x3f, 0x66, 0x3c, 0x32, 0x3f, 0x09, 0x41, 0x32, 0x3f,
  0xab, 0x45, 0x32, 0x3f, 0x4d, 0x4a, 0x32, 0x3f, 0xef, 0x4e, 0x32, 0x3f,
  0x91, 0x53, 0x32, 0x3f, 0x33, 0x58, 0x32, 0x3f, 0xd4, 0x5c, 0x32, 0x3f,
  0x75, 0x61, 0x32, 0x3f, 0x17, 0x66, 0x32, 0x3f, 0xb8, 0x6a, 0x32, 0x3f,
  0x58, 0x6f, 0x32, 0x3f, 0xf9, 0x73, 0x32, 0x3f, 0x9a, 0x78, 0x32, 0x3f,
  0x3a, 0x7d, 0x32, 0x3f, 0xdb, 0x81, 0x32, 0x3f, 0x7a, 0x86, 0x32, 0x3f,
  0x1b, 0x8b, 0x32, 0x3f, 0xba, 0x8f, 0x32, 0x3f, 0x5a, 0x94, 0x32, 0x3f,
  0xf9, 0x98, 0x32, 0x3f, 0x99, 0x9d, 0x32, 0x3f, 0x38, 0xa2, 0x32, 0x3f,
  0xd7, 0xa6, 0x32, 0x3f, 0x76, 0xab, 0x32, 0x3f, 0x14, 0xb0, 0x32, 0x3f,
  0xb3, 0xb4, 0x32, 0x3f, 0x51, 0xb9, 0x32, 0x3f, 0xf0, 0xbd, 0x32, 0x3f,
  0x8e, 0xc2, 0x32, 0x3f, 0x2c, 0xc7, 0x32, 0x3f, 0xc9, 0xcb, 0x32, 0x3f,
  0x67, 0xd0, 0x32, 0x3f, 0x05, 0xd5, 0x32, 0x3f, 0xa2, 0xd9, 0x32, 0x3f,
  0x3f, 0xde, 0x32, 0x3f, 0xdc, 0xe2, 0x32, 0x3f, 0x79, 0xe7, 0x32, 0x3f,
  0x15, 0xec, 0x32, 0x3f, 0xb2, 0xf0, 0x32, 0x3f, 0x4e, 0xf5, 0x32, 0x3f,
  0xeb, 0xf9, 0x32, 0x3f, 0x87, 0xfe, 0x32, 0x3f, 0x22, 0x03, 0x33, 0x3f,
  0xbe, 0x07, 0x33, 0x3f, 0x5a, 0x0c, 0x33, 0x3f, 0xf6, 0x10, 0x33, 0x3f,
  0x91, 0x15, 0x33, 0x3f, 0x2c, 0x1a, 0x33, 0x3f, 0xc7, 0x1e, 0x33, 0x3f,
  0x62, 0x23, 0x33, 0x3f, 0xfd, 0x27, 0x33, 0x3f, 0x97, 0x2c, 0x33, 0x3f,
  0x31, 0x31, 0x33, 0x3f, 0xcc, 0x35, 0x33, 0x3f, 0x66, 0x3a, 0x33, 0x3f,
  0xff, 0x3e, 0x33, 0x3f, 0x99, 0x43, 0x33, 0x3f, 0x33, 0x48, 0x33, 0x3f,
  0xcc, 0x4c, 0x33, 0x3f, 0x66, 0x51, 0x33, 0x3f, 0xff, 0x55, 0x33, 0x3f,
  0x98, 0x5a, 0x33, 0x3f, 0x31, 0x5f, 0x33, 0x3f, 0xc9, 0x63, 0x33, 0x3f,
  0x62, 0x68, 0x33, 0x3f, 0xfa, 0x6c, 0x33, 0x3f, 0x93, 0x71, 0x33, 0x3f,
  0x2b, 0x76, 0x33, 0x3f, 0xc3, 0x7a, 0x33, 0x3f, 0x5a, 0x7f, 0x33, 0x3f,
  0xf2, 0x83, 0x33, 0x3f, 0x89, 0x88, 0x33, 0x3f, 0x21, 0x8d, 0x33, 0x3f,
  0xb8, 0x91, 0x33, 0x3f, 0x4f, 0x96, 0x33, 0x3f, 0xe6, 0x9a, 0x33, 0x3f,
  0x7d, 0x9f, 0x33, 0x3f, 0x13, 0xa4, 0x33, 0x3f, 0xa9, 0xa8, 0x33, 0x3f,
  0x40, 0xad, 0x33, 0x3f, 0xd6, 0xb1, 0x33, 0x3f, 0x6c, 0xb6, 0x33, 0x3f,
  0x02, 0xbb, 0x33, 0x3f, 0x97, 0xbf, 0x33, 0x3f, 0x2d, 0xc4, 0x33, 0x3f,
  0xc2, 0xc8, 0x33, 0x3f, 0x57, 0xcd, 0x33, 0x3f, 0xec, 0xd1, 0x33, 0x3f,
  0x81, 0xd6, 0x33, 0x3f, 0x16, 0xdb, 0x33, 0x3f, 0xab, 0xdf, 0x33, 0x3f,
  0x3f, 0xe4, 0x33, 0x3f, 0xd3, 0xe8, 0x33, 0x3f, 0x67, 0xed, 0x33, 0x3f,
  0xfb, 0xf1, 0x33, 0x3f, 0x8f, 0xf6, 0x33, 0x3f, 0x23, 0xfb, 0x33, 0x3f,
  0xb6, 0xff, 0x33, 0x3f, 0x4a, 0x04, 0x34, 0x3f, 0xdd, 0x08, 0x34, 0x3f,
  0x70, 0x0d, 0x34, 0x3f, 0x03, 0x12, 0x34, 0x3f, 0x96, 0x16, 0x34, 0x3f,
  0x28, 0x1b, 0x34, 0x3f, 0xbb, 0x1f, 0x34, 0x3f, 0x4d, 0x24, 0x34, 0x3f,
  0xdf, 0x28, 0x34, 0x3f, 0x71, 0x2d, 0x34, 0x3f, 0x03, 0x32, 0x34, 0x3f,
  0x95, 0x36, 0x34, 0x3f, 0x26, 0x3b, 0x34, 0x3f, 0xb8, 0x3f, 0x34, 0x3f,
  0x49, 0x44, 0x34, 0x3f, 0xda, 0x48, 0x34, 0x3f, 0x6b, 0x4d, 0x34, 0x3f,
  0xfc, 0x51, 0x34, 0x3f, 0x8d, 0x56, 0x34, 0x3f, 0x1d, 0x5b, 0x34, 0x3f,
  0xae, 0x5f, 0x34, 0x3f, 0x3e, 0x64, 0x34, 0x3f, 0xce, 0x68, 0x34, 0x3f,
  0x5e, 0x6d, 0x34, 0x3f, 0xee, 0x71, 0x34, 0x3f, 0x7d, 0x76, 0x34, 0x3f,
  0x0d, 0x7b, 0x34, 0x3f, 0x9c, 0x7f, 0x34, 0x3f, 0x2b, 0x84, 0x34, 0x3f,
  0xba, 0x88, 0x34, 0x3f, 0x49, 0x8d, 0x34, 0x3f, 0xd8, 0x91, 0x34, 0x3f,
  0x66, 0x96, 0x34, 0x3f, 0xf5, 0x9a, 0x34, 0x3f, 0x83, 0x9f, 0x34, 0x3f,
  0x11, 0xa4, 0x34, 0x3f, 0x9f, 0xa8, 0x34, 0x3f, 0x2d, 0xad, 0x34, 0x3f,
  0xbb, 0xb1, 0x34, 0x3f, 0x48, 0xb6, 0x34, 0x3f, 0xd6, 0xba, 0x34, 0x3f,
  0x63, 0xbf, 0x34, 0x3f, 0xf0, 0xc3, 0x34, 0x3f, 0x7d, 0xc8, 0x34, 0x3f,
  0x09, 0xcd, 0x34, 0x3f, 0x96, 0xd1, 0x34, 0x3f, 0x23, 0xd6, 0x34, 0x3f,
  0xaf, 0xda, 0x34, 0x3f, 0x3b, 0xdf, 0x34, 0x3f, 0xc7, 0xe3, 0x34, 0x3f,
  0x53, 0xe8, 0x34, 0x3f, 0xdf, 0xec, 0x34, 0x3f, 0x6a, 0xf1, 0x34, 0x3f,
  0xf6, 0xf5, 0x34, 0x3f, 0x81, 0xfa, 0x34, 0x3f, 0x0c, 0xff, 0x34, 0x3f,
  0x98, 0x03, 0x35, 0x3f, 0x22, 0x08, 0x35, 0x3f, 0xad, 0x0c, 0x35, 0x3f,
  0x38, 0x11, 0x35, 0x3f, 0xc2, 0x15, 0x35, 0x3f, 0x4c, 0x1a, 0x35, 0x3f,
  0xd6, 0x1e, 0x35, 0x3f, 0x60, 0x23, 0x35, 0x3f, 0xea, 0x27, 0x35, 0x3f,
  0x74, 0x2c, 0x35, 0x3f, 0xfd, 0x30, 0x35, 0x3f, 0x87, 0x35, 0x35, 0x3f,
  0x10, 0x3a, 0x35, 0x3f, 0x99, 0x3e, 0x35, 0x3f, 0x22, 0x43, 0x35, 0x3f,
  0xab, 0x47, 0x35, 0x3f, 0x33, 0x4c, 0x35, 0x3f, 0xbc, 0x50, 0x35, 0x3f,
  0x44, 0x55, 0x35, 0x3f, 0xcc, 0x59, 0x35, 0x3f, 0x54, 0x5e, 0x35, 0x3f,
  0xdc, 0x62, 0x35, 0x3f, 0x64, 0x67, 0x35, 0x3f, 0xeb, 0x6b, 0x35, 0x3f,
  0x73, 0x70, 0x35, 0x3f, 0xfa, 0x74, 0x35, 0x3f, 0x82, 0x79, 0x35, 0x3f,
  0x09, 0x7e, 0x35, 0x3f, 0x8f, 0x82, 0x35, 0x3f, 0x16, 0x87, 0x35, 0x3f,
  0x9d, 0x8b, 0x35, 0x3f, 0x23, 0x90, 0x35, 0x3f, 0xaa, 0x94, 0x35, 0x3f,
  0x30, 0x99, 0x35, 0x3f, 0xb6, 0x9d, 0x35, 0x3f, 0x3c, 0xa2, 0x35, 0x3f,
  0xc1, 0xa6, 0x35, 0x3f, 0x47, 0xab, 0x35, 0x3f, 0xcc, 0xaf, 0x35, 0x3f,
  0x51, 0xb4, 0x35, 0x3f, 0xd7, 0xb8, 0x35, 0x3f, 0x5c, 0xbd, 0x35, 0x3f,
  0xe0, 0xc1, 0x35, 0x3f, 0x65, 0xc6, 0x35, 0x3f, 0xea, 0xca, 0x35, 0x3f,
  0x6e, 0xcf, 0x35, 0x3f, 0xf2, 0xd3, 0x35, 0x3f, 0x76, 0xd8, 0x35, 0x3f,
  0xfa, 0xdc, 0x35, 0x3f, 0x7e, 0xe1, 0x35, 0x3f, 0x02, 0xe6, 0x35, 0x3f,
  0x85, 0xea, 0x35, 0x3f, 0x09, 0xef, 0x35, 0x3f, 0x8c, 0xf3, 0x35, 0x3f,
  0x0f, 0xf8, 0x35, 0x3f, 0x92, 0xfc, 0x35, 0x3f, 0x14, 0x01, 0x36, 0x3f,
  0x97, 0x05, 0x36, 0x3f, 0x1a, 0x0a, 0x36, 0x3f, 0x9c, 0x0e, 0x36, 0x3f,
  0x1e, 0x13, 0x36, 0x3f, 0xa0, 0x17, 0x36, 0x3f, 0x22, 0x1c, 0x36, 0x3f,
  0xa4, 0x20, 0x36, 0x3f, 0x25, 0x25, 0x36, 0x3f, 0xa7, 0x29, 0x36, 0x3f,
  0x28, 0x2e, 0x36, 0x3f, 0xaa, 0x32, 0x36, 0x3f, 0x2b, 0x37, 0x36, 0x3f,
  0xab, 0x3b, 0x36, 0x3f, 0x2c, 0x40, 0x36, 0x3f, 0xad, 0x44, 0x36, 0x3f,
  0x2e, 0x49, 0x36, 0x3f, 0xae, 0x4d, 0x36, 0x3f, 0x2e, 0x52, 0x36, 0x3f,
  0xae, 0x56, 0x36, 0x3f, 0x2e, 0x5b, 0x36, 0x3f, 0xae, 0x5f, 0x36, 0x3f,
  0x2d, 0x64, 0x36, 0x3f, 0xad, 0x68, 0x36, 0x3f, 0x2c, 0x6d, 0x36, 0x3f,
  0xab, 0x71, 0x36, 0x3f, 0x2a, 0x76, 0x36, 0x3f, 0xa9, 0x7a, 0x36, 0x3f,
  0x28, 0x7f, 0x36, 0x3f, 0xa6, 0x83, 0x36, 0x3f, 0x25, 0x88, 0x36, 0x3f,
  0xa3, 0x8c, 0x36, 0x3f, 0x21, 0x91, 0x36, 0x3f, 0x9f, 0x95, 0x36, 0x3f,
  0x1d, 0x9a, 0x36, 0x3f, 0x9b, 0x9e, 0x36, 0x3f, 0x18, 0xa3, 0x36, 0x3f,
  0x96, 0xa7, 0x36, 0x3f, 0x13, 0xac, 0x36, 0x3f, 0x91, 0xb0, 0x36, 0x3f,
  0x0d, 0xb5, 0x36, 0x3f, 0x8a, 0xb9, 0x36, 0x3f, 0x07, 0xbe, 0x36, 0x3f,
  0x84, 0xc2, 0x36, 0x3f, 0x00, 0xc7, 0x36, 0x3f, 0x7c, 0xcb, 0x36, 0x3f,
  0xf8, 0xcf, 0x36, 0x3f, 0x75, 0xd4, 0x36, 0x3f, 0xf1, 0xd8, 0x36, 0x3f,
  0x6c, 0xdd, 0x36, 0x3f, 0xe8, 0xe1, 0x36, 0x3f, 0x63, 0xe6, 0x36, 0x3f,
  0xdf, 0xea, 0x36, 0x3f, 0x59, 0xef, 0x36, 0x3f, 0xd4, 0xf3, 0x36, 0x3f,
  0x4f, 0xf8, 0x36, 0x3f, 0xca, 0xfc, 0x36, 0x3f, 0x45, 0x01, 0x37, 0x3f,
  0xbf, 0x05, 0x37, 0x3f, 0x39, 0x0a, 0x37, 0x3f, 0xb4, 0x0e, 0x37, 0x3f,
  0x2e, 0x13, 0x37, 0x3f, 0xa7, 0x17, 0x37, 0x3f, 0x21, 0x1c, 0x37, 0x3f,
  0x9b, 0x20, 0x37, 0x3f, 0x14, 0x25, 0x37, 0x3f, 0x8e, 0x29, 0x37, 0x3f,
  0x07, 0x2e, 0x37, 0x3f, 0x80, 0x32, 0x37, 0x3f, 0xf9, 0x36, 0x37, 0x3f,
  0x72, 0x3b, 0x37, 0x3f, 0xea, 0x3f, 0x37, 0x3f, 0x62, 0x44, 0x37, 0x3f,
  0xdb, 0x48, 0x37, 0x3f, 0x53, 0x4d, 0x37, 0x3f, 0xcb, 0x51, 0x37, 0x3f,
  0x43, 0x56, 0x37, 0x3f, 0xbb, 0x5a, 0x37, 0x3f, 0x32, 0x5f, 0x37, 0x3f,
  0xaa, 0x63, 0x37, 0x3f, 0x21, 0x68, 0x37, 0x3f, 0x98, 0x6c, 0x37, 0x3f,
  0x0f, 0x71, 0x37, 0x3f, 0x86, 0x75, 0x37, 0x3f, 0xfd, 0x79, 0x37, 0x3f,
  0x73, 0x7e, 0x37, 0x3f, 0xea, 0x82, 0x37, 0x3f, 0x60, 0x87, 0x37, 0x3f,
  0xd7, 0x8b, 0x37, 0x3f, 0x4d, 0x90, 0x37, 0x3f, 0xc2, 0x94, 0x37, 0x3f,
  0x38, 0x99, 0x37, 0x3f, 0xae, 0x9d, 0x37, 0x3f, 0x23, 0xa2, 0x37, 0x3f,
  0x98, 0xa6, 0x37, 0x3f, 0x0e, 0xab, 0x37, 0x3f, 0x83, 0xaf, 0x37, 0x3f,
  0xf8, 0xb3, 0x37, 0x3f, 0x6d, 0xb8, 0x37, 0x3f, 0xe1, 0xbc, 0x37, 0x3f,
  0x56, 0xc1, 0x37, 0x3f, 0xca, 0xc5, 0x37, 0x3f, 0x3e, 0xca, 0x37, 0x3f,
  0xb2, 0xce, 0x37, 0x3f, 0x26, 0xd3, 0x37, 0x3f, 0x9a, 0xd7, 0x37, 0x3f,
  0x0e, 0xdc, 0x37, 0x3f, 0x81, 0xe0, 0x37, 0x3f, 0xf5, 0xe4, 0x37, 0x3f,
  0x68, 0xe9, 0x37, 0x3f, 0xdb, 0xed, 0x37, 0x3f, 0x4e, 0xf2, 0x37, 0x3f,
  0xc1, 0xf6, 0x37, 0x3f, 0x33, 0xfb, 0x37, 0x3f, 0xa6, 0xff, 0x37, 0x3f,
  0x19, 0x04, 0x38, 0x3f, 0x8b, 0x08, 0x38, 0x3f, 0xfd, 0x0c, 0x38, 0x3f,
  0x6f, 0x11, 0x38, 0x3f, 0xe1, 0x15, 0x38, 0x3f, 0x52, 0x1a, 0x38, 0x3f,
  0xc4, 0x1e, 0x38, 0x3f, 0x35, 0x23, 0x38, 0x3f, 0xa7, 0x27, 0x38, 0x3f,
  0x18, 0x2c, 0x38, 0x3f, 0x89, 0x30, 0x38, 0x3f, 0xfa, 0x34, 0x38, 0x3f,
  0x6a, 0x39, 0x38, 0x3f, 0xdb, 0x3d, 0x38, 0x3f, 0x4b, 0x42, 0x38, 0x3f,
  0xbc, 0x46, 0x38, 0x3f, 0x2c, 0x4b, 0x38, 0x3f, 0x9c, 0x4f, 0x38, 0x3f,
  0x0c, 0x54, 0x38, 0x3f, 0x7c, 0x58, 0x38, 0x3f, 0xeb, 0x5c, 0x38, 0x3f,
  0x5b, 0x61, 0x38, 0x3f, 0xca, 0x65, 0x38, 0x3f, 0x39, 0x6a, 0x38, 0x3f,
  0xa8, 0x6e, 0x38, 0x3f, 0x17, 0x73, 0x38, 0x3f, 0x86, 0x77, 0x38, 0x3f,
  0xf5, 0x7b, 0x38, 0x3f, 0x63, 0x80, 0x38, 0x3f, 0xd1, 0x84, 0x38, 0x3f,
  0x40, 0x89, 0x38, 0x3f, 0xae, 0x8d, 0x38, 0x3f, 0x1c, 0x92, 0x38, 0x3f,
  0x89, 0x96, 0x38, 0x3f, 0xf7, 0x9a, 0x38, 0x3f, 0x65, 0x9f, 0x38, 0x3f,
  0xd2, 0xa3, 0x38, 0x3f, 0x40, 0xa8, 0x38, 0x3f, 0xac, 0xac, 0x38, 0x3f,
  0x19, 0xb1, 0x38, 0x3f, 0x86, 0xb5, 0x38, 0x3f, 0xf3, 0xb9, 0x38, 0x3f,
  0x5f, 0xbe, 0x38, 0x3f, 0xcc, 0xc2, 0x38, 0x3f, 0x38, 0xc7, 0x38, 0x3f,
  0xa5, 0xcb, 0x38, 0x3f, 0x11, 0xd0, 0x38, 0x3f, 0x7c, 0xd4, 0x38, 0x3f,
  0xe8, 0xd8, 0x38, 0x3f, 0x54, 0xdd, 0x38, 0x3f, 0xbf, 0xe1, 0x38, 0x3f,
  0x2a, 0xe6, 0x38, 0x3f, 0x96, 0xea, 0x38, 0x3f, 0x01, 0xef, 0x38, 0x3f,
  0x6c, 0xf3, 0x38, 0x3f, 0xd7, 0xf7, 0x38, 0x3f, 0x41, 0xfc, 0x38, 0x3f,
  0xac, 0x00, 0x39, 0x3f, 0x16, 0x05, 0x39, 0x3f, 0x80, 0x09, 0x39, 0x3f,
  0xea, 0x0d, 0x39, 0x3f, 0x54, 0x12, 0x39, 0x3f, 0xbe, 0x16, 0x39, 0x3f,
  0x28, 0x1b, 0x39, 0x3f, 0x91, 0x1f, 0x39, 0x3f, 0xfb, 0x23, 0x39, 0x3f,
  0x64, 0x28, 0x39, 0x3f, 0xcd, 0x2c, 0x39, 0x3f, 0x36, 0x31, 0x39, 0x3f,
  0x9f, 0x35, 0x39, 0x3f, 0x08, 0x3a, 0x39, 0x3f, 0x70, 0x3e, 0x39, 0x3f,
  0xd9, 0x42, 0x39, 0x3f, 0x41, 0x47, 0x39, 0x3f, 0xa9, 0x4b, 0x39, 0x3f,
  0x11, 0x50, 0x39, 0x3f, 0x79, 0x54, 0x39, 0x3f, 0xe1, 0x58, 0x39, 0x3f,
  0x49, 0x5d, 0x39, 0x3f, 0xb0, 0x61, 0x39, 0x3f, 0x18, 0x66, 0x39, 0x3f,
  0x7f, 0x6a, 0x39, 0x3f, 0xe6, 0x6e, 0x39, 0x3f, 0x4d, 0x73, 0x39, 0x3f,
  0xb4, 0x77, 0x39, 0x3f, 0x1a, 0x7c, 0x39, 0x3f, 0x81, 0x80, 0x39, 0x3f,
  0xe7, 0x84, 0x39, 0x3f, 0x4d, 0x89, 0x39, 0x3f, 0xb4, 0x8d, 0x39, 0x3f,
  0x1a, 0x92, 0x39, 0x3f, 0x80, 0x96, 0x39, 0x3f, 0xe5, 0x9a, 0x39, 0x3f,
  0x4b, 0x9f, 0x39, 0x3f, 0xb0, 0xa3, 0x39, 0x3f, 0x16, 0xa8, 0x39, 0x3f,
  0x7b, 0xac, 0x39, 0x3f, 0xe0, 0xb0, 0x39, 0x3f, 0x45, 0xb5, 0x39, 0x3f,
  0xaa, 0xb9, 0x39, 0x3f, 0x0e, 0xbe, 0x39, 0x3f, 0x73, 0xc2, 0x39, 0x3f,
  0xd7, 0xc6, 0x39, 0x3f, 0x3c, 0xcb, 0x39, 0x3f, 0xa0, 0xcf, 0x39, 0x3f,
  0x04, 0xd4, 0x39, 0x3f, 0x67, 0xd8, 0x39, 0x3f, 0xcb, 0xdc, 0x39, 0x3f,
  0x2f, 0xe1, 0x39, 0x3f, 0x92, 0xe5, 0x39, 0x3f, 0xf5, 0xe9, 0x39, 0x3f,
  0x59, 0xee, 0x39, 0x3f, 0xbc, 0xf2, 0x39, 0x3f, 0x1f, 0xf7, 0x39, 0x3f,
  0x81, 0xfb, 0x39, 0x3f, 0xe4, 0xff, 0x39, 0x3f, 0x46, 0x04, 0x3a, 0x3f,
  0xa9, 0x08, 0x3a, 0x3f, 0x0b, 0x0d, 0x3a, 0x3f, 0x6d, 0x11, 0x3a, 0x3f,
  0xcf, 0x15, 0x3a, 0x3f, 0x31, 0x1a, 0x3a, 0x3f, 0x93, 0x1e, 0x3a, 0x3f,
  0xf4, 0x22, 0x3a, 0x3f, 0x55, 0x27, 0x3a, 0x3f, 0xb7, 0x2b, 0x3a, 0x3f,
  0x18, 0x30, 0x3a, 0x3f, 0x79, 0x34, 0x3a, 0x3f, 0xda, 0x38, 0x3a, 0x3f,
  0x3b, 0x3d, 0x3a, 0x3f, 0x9b, 0x41, 0x3a, 0x3f, 0xfc, 0x45, 0x3a, 0x3f,
  0x5c, 0x4a, 0x3a, 0x3f, 0xbc, 0x4e, 0x3a, 0x3f, 0x1c, 0x53, 0x3a, 0x3f,
  0x7c, 0x57, 0x3a, 0x3f, 0xdc, 0x5b, 0x3a, 0x3f, 0x3c, 0x60, 0x3a, 0x3f,
  0x9b, 0x64, 0x3a, 0x3f, 0xfb, 0x68, 0x3a, 0x3f, 0x5a, 0x6d, 0x3a, 0x3f,
  0xb9, 0x71, 0x3a, 0x3f, 0x18, 0x76, 0x3a, 0x3f, 0x77, 0x7a, 0x3a, 0x3f,
  0xd6, 0x7e, 0x3a, 0x3f, 0x35, 0x83, 0x3a, 0x3f, 0x93, 0x87, 0x3a, 0x3f,
  0xf1, 0x8b, 0x3a, 0x3f, 0x4f, 0x90, 0x3a, 0x3f, 0xae, 0x94, 0x3a, 0x3f,
  0x0c, 0x99, 0x3a, 0x3f, 0x69, 0x9d, 0x3a, 0x3f, 0xc7, 0xa1, 0x3a, 0x3f,
  0x25, 0xa6, 0x3a, 0x3f, 0x82, 0xaa, 0x3a, 0x3f, 0xdf, 0xae, 0x3a, 0x3f,
  0x3c, 0xb3, 0x3a, 0x3f, 0x99, 0xb7, 0x3a, 0x3f, 0xf6, 0xbb, 0x3a, 0x3f,
  0x53, 0xc0, 0x3a, 0x3f, 0xb0, 0xc4, 0x3a, 0x3f, 0x0c, 0xc9, 0x3a, 0x3f,
  0x68, 0xcd, 0x3a, 0x3f, 0xc5, 0xd1, 0x3a, 0x3f, 0x21, 0xd6, 0x3a, 0x3f,
  0x7d, 0xda, 0x3a, 0x3f, 0xd9, 0xde, 0x3a, 0x3f, 0x34, 0xe3, 0x3a, 0x3f,
  0x90, 0xe7, 0x3a, 0x3f, 0xeb, 0xeb, 0x3a, 0x3f, 0x46, 0xf0, 0x3a, 0x3f,
  0xa2, 0xf4, 0x3a, 0x3f, 0xfd, 0xf8, 0x3a, 0x3f, 0x57, 0xfd, 0x3a, 0x3f,
  0xb2, 0x01, 0x3b, 0x3f, 0x0d, 0x06, 0x3b, 0x3f, 0x68, 0x0a, 0x3b, 0x3f,
  0xc2, 0x0e, 0x3b, 0x3f, 0x1c, 0x13, 0x3b, 0x3f, 0x76, 0x17, 0x3b, 0x3f,
  0xd0, 0x1b, 0x3b, 0x3f, 0x2a, 0x20, 0x3b, 0x3f, 0x84, 0x24, 0x3b, 0x3f,
  0xdd, 0x28, 0x3b, 0x3f, 0x37, 0x2d, 0x3b, 0x3f, 0x90, 0x31, 0x3b, 0x3f,
  0xe9, 0x35, 0x3b, 0x3f, 0x42, 0x3a, 0x3b, 0x3f, 0x9b, 0x3e, 0x3b, 0x3f,
  0xf4, 0x42, 0x3b, 0x3f, 0x4d, 0x47, 0x3b, 0x3f, 0xa5, 0x4b, 0x3b, 0x3f,
  0xfe, 0x4f, 0x3b, 0x3f, 0x56, 0x54, 0x3b, 0x3f, 0xae, 0x58, 0x3b, 0x3f,
  0x06, 0x5d, 0x3b, 0x3f, 0x5e, 0x61, 0x3b, 0x3f, 0xb6, 0x65, 0x3b, 0x3f,
  0x0d, 0x6a, 0x3b, 0x3f, 0x65, 0x6e, 0x3b, 0x3f, 0xbc, 0x72, 0x3b, 0x3f,
  0x13, 0x77, 0x3b, 0x3f, 0x6a, 0x7b, 0x3b, 0x3f, 0xc1, 0x7f, 0x3b, 0x3f,
  0x18, 0x84, 0x3b, 0x3f, 0x6f, 0x88, 0x3b, 0x3f, 0xc5, 0x8c, 0x3b, 0x3f,
  0x1c, 0x91, 0x3b, 0x3f, 0x72, 0x95, 0x3b, 0x3f, 0xc8, 0x99, 0x3b, 0x3f,
  0x1e, 0x9e, 0x3b, 0x3f, 0x74, 0xa2, 0x3b, 0x3f, 0xca, 0xa6, 0x3b, 0x3f,
  0x20, 0xab, 0x3b, 0x3f, 0x75, 0xaf, 0x3b, 0x3f, 0xca, 0xb3, 0x3b, 0x3f,
  0x20, 0xb8, 0x3b, 0x3f, 0x75, 0xbc, 0x3b, 0x3f, 0xca, 0xc0, 0x3b, 0x3f,
  0x1f, 0xc5, 0x3b, 0x3f, 0x74, 0xc9, 0x3b, 0x3f, 0xc8, 0xcd, 0x3b, 0x3f,
  0x1d, 0xd2, 0x3b, 0x3f, 0x71, 0xd6, 0x3b, 0x3f, 0xc5, 0xda, 0x3b, 0x3f,
  0x19, 0xdf, 0x3b, 0x3f, 0x6d, 0xe3, 0x3b, 0x3f, 0xc1, 0xe7, 0x3b, 0x3f,
  0x15, 0xec, 0x3b, 0x3f, 0x68, 0xf0, 0x3b, 0x3f, 0xbc, 0xf4, 0x3b, 0x3f,
  0x0f, 0xf9, 0x3b, 0x3f, 0x62, 0xfd, 0x3b, 0x3f, 0xb5, 0x01, 0x3c, 0x3f,
  0x08, 0x06, 0x3c, 0x3f, 0x5b, 0x0a, 0x3c, 0x3f, 0xae, 0x0e, 0x3c, 0x3f,
  0x00, 0x13, 0x3c, 0x3f, 0x53, 0x17, 0x3c, 0x3f, 0xa5, 0x1b, 0x3c, 0x3f,
  0xf7, 0x1f, 0x3c, 0x3f, 0x49, 0x24, 0x3c, 0x3f, 0x9b, 0x28, 0x3c, 0x3f,
  0xed, 0x2c, 0x3c, 0x3f, 0x3e, 0x31, 0x3c, 0x3f, 0x90, 0x35, 0x3c, 0x3f,
  0xe1, 0x39, 0x3c, 0x3f, 0x32, 0x3e, 0x3c, 0x3f, 0x84, 0x42, 0x3c, 0x3f,
  0xd5, 0x46, 0x3c, 0x3f, 0x25, 0x4b, 0x3c, 0x3f, 0x76, 0x4f, 0x3c, 0x3f,
  0xc7, 0x53, 0x3c, 0x3f, 0x17, 0x58, 0x3c, 0x3f, 0x67, 0x5c, 0x3c, 0x3f,
  0xb8, 0x60, 0x3c, 0x3f, 0x08, 0x65, 0x3c, 0x3f, 0x58, 0x69, 0x3c, 0x3f,
  0xa8, 0x6d, 0x3c, 0x3f, 0xf7, 0x71, 0x3c, 0x3f, 0x47, 0x76, 0x3c, 0x3f,
  0x97, 0x7a, 0x3c, 0x3f, 0xe5, 0x7e, 0x3c, 0x3f, 0x34, 0x83, 0x3c, 0x3f,
  0x84, 0x87, 0x3c, 0x3f, 0xd3, 0x8b, 0x3c, 0x3f, 0x21, 0x90, 0x3c, 0x3f,
  0x70, 0x94, 0x3c, 0x3f, 0xbf, 0x98, 0x3c, 0x3f, 0x0d, 0x9d, 0x3c, 0x3f,
  0x5c, 0xa1, 0x3c, 0x3f, 0xa9, 0xa5, 0x3c, 0x3f, 0xf7, 0xa9, 0x3c, 0x3f,
  0x45, 0xae, 0x3c, 0x3f, 0x93, 0xb2, 0x3c, 0x3f, 0xe1, 0xb6, 0x3c, 0x3f,
  0x2e, 0xbb, 0x3c, 0x3f, 0x7c, 0xbf, 0x3c, 0x3f, 0xc9, 0xc3, 0x3c, 0x3f,
  0x16, 0xc8, 0x3c, 0x3f, 0x63, 0xcc, 0x3c, 0x3f, 0xb0, 0xd0, 0x3c, 0x3f,
  0xfd, 0xd4, 0x3c, 0x3f, 0x49, 0xd9, 0x3c, 0x3f, 0x96, 0xdd, 0x3c, 0x3f,
  0xe2, 0xe1, 0x3c, 0x3f, 0x2f, 0xe6, 0x3c, 0x3f, 0x7b, 0xea, 0x3c, 0x3f,
  0xc7, 0xee, 0x3c, 0x3f, 0x12, 0xf3, 0x3c, 0x3f, 0x5e, 0xf7, 0x3c, 0x3f,
  0xaa, 0xfb, 0x3c, 0x3f, 0xf5, 0xff, 0x3c, 0x3f, 0x41, 0x04, 0x3d, 0x3f,
  0x8c, 0x08, 0x3d, 0x3f, 0xd7, 0x0c, 0x3d, 0x3f, 0x22, 0x11, 0x3d, 0x3f,
  0x6d, 0x15, 0x3d, 0x3f, 0xb7, 0x19, 0x3d, 0x3f, 0x02, 0x1e, 0x3d, 0x3f,
  0x4c, 0x22, 0x3d, 0x3f, 0x97, 0x26, 0x3d, 0x3f, 0xe1, 0x2a, 0x3d, 0x3f,
  0x2b, 0x2f, 0x3d, 0x3f, 0x75, 0x33, 0x3d, 0x3f, 0xbf, 0x37, 0x3d, 0x3f,
  0x09, 0x3c, 0x3d, 0x3f, 0x52, 0x40, 0x3d, 0x3f, 0x9b, 0x44, 0x3d, 0x3f,
  0xe5, 0x48, 0x3d, 0x3f, 0x2e, 0x4d, 0x3d, 0x3f, 0x77, 0x51, 0x3d, 0x3f,
  0xc0, 0x55, 0x3d, 0x3f, 0x09, 0x5a, 0x3d, 0x3f, 0x52, 0x5e, 0x3d, 0x3f,
  0x9a, 0x62, 0x3d, 0x3f, 0xe2, 0x66, 0x3d, 0x3f, 0x2b, 0x6b, 0x3d, 0x3f,
  0x73, 0x6f, 0x3d, 0x3f, 0xbb, 0x73, 0x3d, 0x3f, 0x03, 0x78, 0x3d, 0x3f,
  0x4b, 0x7c, 0x3d, 0x3f, 0x93, 0x80, 0x3d, 0x3f, 0xda, 0x84, 0x3d, 0x3f,
  0x22, 0x89, 0x3d, 0x3f, 0x69, 0x8d, 0x3d, 0x3f, 0xb0, 0x91, 0x3d, 0x3f,
  0xf7, 0x95, 0x3d, 0x3f, 0x3e, 0x9a, 0x3d, 0x3f, 0x85, 0x9e, 0x3d, 0x3f,
  0xcc, 0xa2, 0x3d, 0x3f, 0x12, 0xa7, 0x3d, 0x3f, 0x59, 0xab, 0x3d, 0x3f,
  0x9f, 0xaf, 0x3d, 0x3f, 0xe5, 0xb3, 0x3d, 0x3f, 0x2b, 0xb8, 0x3d, 0x3f,
  0x71, 0xbc, 0x3d, 0x3f, 0xb7, 0xc0, 0x3d, 0x3f, 0xfc, 0xc4, 0x3d, 0x3f,
  0x42, 0xc9, 0x3d, 0x3f, 0x87, 0xcd, 0x3d, 0x3f, 0xcd, 0xd1, 0x3d, 0x3f,
  0x12, 0xd6, 0x3d, 0x3f, 0x56, 0xda, 0x3d, 0x3f, 0x9b, 0xde, 0x3d, 0x3f,
  0xe0, 0xe2, 0x3d, 0x3f, 0x25, 0xe7, 0x3d, 0x3f, 0x6a, 0xeb, 0x3d, 0x3f,
  0xae, 0xef, 0x3d, 0x3f, 0xf3, 0xf3, 0x3d, 0x3f, 0x37, 0xf8, 0x3d, 0x3f,
  0x7b, 0xfc, 0x3d, 0x3f, 0xbe, 0x00, 0x3e, 0x3f, 0x02, 0x05, 0x3e, 0x3f,
  0x46, 0x09, 0x3e, 0x3f, 0x89, 0x0d, 0x3e, 0x3f, 0xcd, 0x11, 0x3e, 0x3f,
  0x10, 0x16, 0x3e, 0x3f, 0x54, 0x1a, 0x3e, 0x3f, 0x97, 0x1e, 0x3e, 0x3f,
  0xda, 0x22, 0x3e, 0x3f, 0x1c, 0x27, 0x3e, 0x3f, 0x5f, 0x2b, 0x3e, 0x3f,
  0xa1, 0x2f, 0x3e, 0x3f, 0xe4, 0x33, 0x3e, 0x3f, 0x26, 0x38, 0x3e, 0x3f,
  0x68, 0x3c, 0x3e, 0x3f, 0xaa, 0x40, 0x3e, 0x3f, 0xec, 0x44, 0x3e, 0x3f,
  0x2e, 0x49, 0x3e, 0x3f, 0x6f, 0x4d, 0x3e, 0x3f, 0xb1, 0x51, 0x3e, 0x3f,
  0xf3, 0x55, 0x3e, 0x3f, 0x34, 0x5a, 0x3e, 0x3f, 0x75, 0x5e, 0x3e, 0x3f,
  0xb6, 0x62, 0x3e, 0x3f, 0xf7, 0x66, 0x3e, 0x3f, 0x38, 0x6b, 0x3e, 0x3f,
  0x79, 0x6f, 0x3e, 0x3f, 0xb9, 0x73, 0x3e, 0x3f, 0xf9, 0x77, 0x3e, 0x3f,
  0x3a, 0x7c, 0x3e, 0x3f, 0x7a, 0x80, 0x3e, 0x3f, 0xba, 0x84, 0x3e, 0x3f,
  0xfa, 0x88, 0x3e, 0x3f, 0x3a, 0x8d, 0x3e, 0x3f, 0x7a, 0x91, 0x3e, 0x3f,
  0xba, 0x95, 0x3e, 0x3f, 0xf8, 0x99, 0x3e, 0x3f, 0x38, 0x9e, 0x3e, 0x3f,
  0x77, 0xa2, 0x3e, 0x3f, 0xb6, 0xa6, 0x3e, 0x3f, 0xf5, 0xaa, 0x3e, 0x3f,
  0x34, 0xaf, 0x3e, 0x3f, 0x73, 0xb3, 0x3e, 0x3f, 0xb2, 0xb7, 0x3e, 0x3f,
  0xf0, 0xbb, 0x3e, 0x3f, 0x2e, 0xc0, 0x3e, 0x3f, 0x6c, 0xc4, 0x3e, 0x3f,
  0xaa, 0xc8, 0x3e, 0x3f, 0xe8, 0xcc, 0x3e, 0x3f, 0x26, 0xd1, 0x3e, 0x3f,
  0x64, 0xd5, 0x3e, 0x3f, 0xa2, 0xd9, 0x3e, 0x3f, 0xdf, 0xdd, 0x3e, 0x3f,
  0x1d, 0xe2, 0x3e, 0x3f, 0x59, 0xe6, 0x3e, 0x3f, 0x97, 0xea, 0x3e, 0x3f,
  0xd4, 0xee, 0x3e, 0x3f, 0x11, 0xf3, 0x3e, 0x3f, 0x4d, 0xf7, 0x3e, 0x3f,
  0x8a, 0xfb, 0x3e, 0x3f, 0xc7, 0xff, 0x3e, 0x3f, 0x03, 0x04, 0x3f, 0x3f,
  0x3f, 0x08, 0x3f, 0x3f, 0x7b, 0x0c, 0x3f, 0x3f, 0xb7, 0x10, 0x3f, 0x3f,
  0xf3, 0x14, 0x3f, 0x3f, 0x2f, 0x19, 0x3f, 0x3f, 0x6b, 0x1d, 0x3f, 0x3f,
  0xa6, 0x21, 0x3f, 0x3f, 0xe2, 0x25, 0x3f, 0x3f, 0x1d, 0x2a, 0x3f, 0x3f,
  0x58, 0x2e, 0x3f, 0x3f, 0x93, 0x32, 0x3f, 0x3f, 0xce, 0x36, 0x3f, 0x3f,
  0x08, 0x3b, 0x3f, 0x3f, 0x43, 0x3f, 0x3f, 0x3f, 0x7e, 0x43, 0x3f, 0x3f,
  0xb8, 0x47, 0x3f, 0x3f, 0xf3, 0x4b, 0x3f, 0x3f, 0x2d, 0x50, 0x3f, 0x3f,
  0x67, 0x54, 0x3f, 0x3f, 0xa0, 0x58, 0x3f, 0x3f, 0xda, 0x5c, 0x3f, 0x3f,
  0x14, 0x61, 0x3f, 0x3f, 0x4e, 0x65, 0x3f, 0x3f, 0x87, 0x69, 0x3f, 0x3f,
  0xc1, 0x6d, 0x3f, 0x3f, 0xfa, 0x71, 0x3f, 0x3f, 0x33, 0x76, 0x3f, 0x3f,
  0x6c, 0x7a, 0x3f, 0x3f, 0xa4, 0x7e, 0x3f, 0x3f, 0xdd, 0x82, 0x3f, 0x3f,
  0x16, 0x87, 0x3f, 0x3f, 0x4e, 0x8b, 0x3f, 0x3f, 0x87, 0x8f, 0x3f, 0x3f,
  0xbf, 0x93, 0x3f, 0x3f, 0xf7, 0x97, 0x3f, 0x3f, 0x2f, 0x9c, 0x3f, 0x3f,
  0x67, 0xa0, 0x3f, 0x3f, 0x9e, 0xa4, 0x3f, 0x3f, 0xd6, 0xa8, 0x3f, 0x3f,
  0x0e, 0xad, 0x3f, 0x3f, 0x45, 0xb1, 0x3f, 0x3f, 0x7d, 0xb5, 0x3f, 0x3f,
  0xb4, 0xb9, 0x3f, 0x3f, 0xeb, 0xbd, 0x3f, 0x3f, 0x22, 0xc2, 0x3f, 0x3f,
  0x59, 0xc6, 0x3f, 0x3f, 0x8f, 0xca, 0x3f, 0x3f, 0xc5, 0xce, 0x3f, 0x3f,
  0xfc, 0xd2, 0x3f, 0x3f, 0x32, 0xd7, 0x3f, 0x3f, 0x68, 0xdb, 0x3f, 0x3f,
  0x9f, 0xdf, 0x3f, 0x3f, 0xd5, 0xe3, 0x3f, 0x3f, 0x0a, 0xe8, 0x3f, 0x3f,
  0x40, 0xec, 0x3f, 0x3f, 0x75, 0xf0, 0x3f, 0x3f, 0xab, 0xf4, 0x3f, 0x3f,
  0xe0, 0xf8, 0x3f, 0x3f, 0x15, 0xfd, 0x3f, 0x3f, 0x4b, 0x01, 0x40, 0x3f,
  0x80, 0x05, 0x40, 0x3f, 0xb5, 0x09, 0x40, 0x3f, 0xe9, 0x0d, 0x40, 0x3f,
  0x1e, 0x12, 0x40, 0x3f, 0x53, 0x16, 0x40, 0x3f, 0x86, 0x1a, 0x40, 0x3f,
  0xbb, 0x1e, 0x40, 0x3f, 0xef, 0x22, 0x40, 0x3f, 0x23, 0x27, 0x40, 0x3f,
  0x57, 0x2b, 0x40, 0x3f, 0x8b, 0x2f, 0x40, 0x3f, 0xbf, 0x33, 0x40, 0x3f,
  0xf2, 0x37, 0x40, 0x3f, 0x26, 0x3c, 0x40, 0x3f, 0x58, 0x40, 0x40, 0x3f,
  0x8c, 0x44, 0x40, 0x3f, 0xbf, 0x48, 0x40, 0x3f, 0xf2, 0x4c, 0x40, 0x3f,
  0x25, 0x51, 0x40, 0x3f, 0x57, 0x55, 0x40, 0x3f, 0x8a, 0x59, 0x40, 0x3f,
  0xbd, 0x5d, 0x40, 0x3f, 0xef, 0x61, 0x40, 0x3f, 0x21, 0x66, 0x40, 0x3f,
  0x53, 0x6a, 0x40, 0x3f, 0x85, 0x6e, 0x40, 0x3f, 0xb7, 0x72, 0x40, 0x3f,
  0xe9, 0x76, 0x40, 0x3f, 0x1a, 0x7b, 0x40, 0x3f, 0x4c, 0x7f, 0x40, 0x3f,
  0x7d, 0x83, 0x40, 0x3f, 0xaf, 0x87, 0x40, 0x3f, 0xdf, 0x8b, 0x40, 0x3f,
  0x10, 0x90, 0x40, 0x3f, 0x41, 0x94, 0x40, 0x3f, 0x72, 0x98, 0x40, 0x3f,
  0xa3, 0x9c, 0x40, 0x3f, 0xd3, 0xa0, 0x40, 0x3f, 0x04, 0xa5, 0x40, 0x3f,
  0x34, 0xa9, 0x40, 0x3f, 0x65, 0xad, 0x40, 0x3f, 0x94, 0xb1, 0x40, 0x3f,
  0xc4, 0xb5, 0x40, 0x3f, 0xf4, 0xb9, 0x40, 0x3f, 0x24, 0xbe, 0x40, 0x3f,
  0x54, 0xc2, 0x40, 0x3f, 0x83, 0xc6, 0x40, 0x3f, 0xb3, 0xca, 0x40, 0x3f,
  0xe2, 0xce, 0x40, 0x3f, 0x11, 0xd3, 0x40, 0x3f, 0x3f, 0xd7, 0x40, 0x3f,
  0x6e, 0xdb, 0x40, 0x3f, 0x9d, 0xdf, 0x40, 0x3f, 0xcc, 0xe3, 0x40, 0x3f,
  0xfb, 0xe7, 0x40, 0x3f, 0x29, 0xec, 0x40, 0x3f, 0x57, 0xf0, 0x40, 0x3f,
  0x86, 0xf4, 0x40, 0x3f, 0xb4, 0xf8, 0x40, 0x3f, 0xe1, 0xfc, 0x40, 0x3f,
  0x0f, 0x01, 0x41, 0x3f, 0x3d, 0x05, 0x41, 0x3f, 0x6b, 0x09, 0x41, 0x3f,
  0x98, 0x0d, 0x41, 0x3f, 0xc5, 0x11, 0x41, 0x3f, 0xf3, 0x15, 0x41, 0x3f,
  0x20, 0x1a, 0x41, 0x3f, 0x4d, 0x1e, 0x41, 0x3f, 0x79, 0x22, 0x41, 0x3f,
  0xa6, 0x26, 0x41, 0x3f, 0xd3, 0x2a, 0x41, 0x3f, 0x00, 0x2f, 0x41, 0x3f,
  0x2c, 0x33, 0x41, 0x3f, 0x58, 0x37, 0x41, 0x3f, 0x85, 0x3b, 0x41, 0x3f,
  0xb1, 0x3f, 0x41, 0x3f, 0xdd, 0x43, 0x41, 0x3f, 0x08, 0x48, 0x41, 0x3f,
  0x34, 0x4c, 0x41, 0x3f, 0x5f, 0x50, 0x41, 0x3f, 0x8b, 0x54, 0x41, 0x3f,
  0xb6, 0x58, 0x41, 0x3f, 0xe2, 0x5c, 0x41, 0x3f, 0x0d, 0x61, 0x41, 0x3f,
  0x38, 0x65, 0x41, 0x3f, 0x63, 0x69, 0x41, 0x3f, 0x8d, 0x6d, 0x41, 0x3f,
  0xb8, 0x71, 0x41, 0x3f, 0xe2, 0x75, 0x41, 0x3f, 0x0d, 0x7a, 0x41, 0x3f,
  0x37, 0x7e, 0x41, 0x3f, 0x62, 0x82, 0x41, 0x3f, 0x8c, 0x86, 0x41, 0x3f,
  0xb6, 0x8a, 0x41, 0x3f, 0xe0, 0x8e, 0x41, 0x3f, 0x09, 0x93, 0x41, 0x3f,
  0x32, 0x97, 0x41, 0x3f, 0x5c, 0x9b, 0x41, 0x3f, 0x85, 0x9f, 0x41, 0x3f,
  0xaf, 0xa3, 0x41, 0x3f, 0xd8, 0xa7, 0x41, 0x3f, 0x01, 0xac, 0x41, 0x3f,
  0x2a, 0xb0, 0x41, 0x3f, 0x53, 0xb4, 0x41, 0x3f, 0x7b, 0xb8, 0x41, 0x3f,
  0xa4, 0xbc, 0x41, 0x3f, 0xcc, 0xc0, 0x41, 0x3f, 0xf4, 0xc4, 0x41, 0x3f,
  0x1d, 0xc9, 0x41, 0x3f, 0x45, 0xcd, 0x41, 0x3f, 0x6d, 0xd1, 0x41, 0x3f,
  0x95, 0xd5, 0x41, 0x3f, 0xbd, 0xd9, 0x41, 0x3f, 0xe4, 0xdd, 0x41, 0x3f,
  0x0b, 0xe2, 0x41, 0x3f, 0x33, 0xe6, 0x41, 0x3f, 0x5a, 0xea, 0x41, 0x3f,
  0x81, 0xee, 0x41, 0x3f, 0xa8, 0xf2, 0x41, 0x3f, 0xcf, 0xf6, 0x41, 0x3f,
  0xf6, 0xfa, 0x41, 0x3f, 0x1d, 0xff, 0x41, 0x3f, 0x43, 0x03, 0x42, 0x3f,
  0x69, 0x07, 0x42, 0x3f, 0x90, 0x0b, 0x42, 0x3f, 0xb6, 0x0f, 0x42, 0x3f,
  0xdc, 0x13, 0x42, 0x3f, 0x02, 0x18, 0x42, 0x3f, 0x28, 0x1c, 0x42, 0x3f,
  0x4e, 0x20, 0x42, 0x3f, 0x74, 0x24, 0x42, 0x3f, 0x99, 0x28, 0x42, 0x3f,
  0xbe, 0x2c, 0x42, 0x3f, 0xe4, 0x30, 0x42, 0x3f, 0x09, 0x35, 0x42, 0x3f,
  0x2e, 0x39, 0x42, 0x3f, 0x53, 0x3d, 0x42, 0x3f, 0x78, 0x41, 0x42, 0x3f,
  0x9d, 0x45, 0x42, 0x3f, 0xc1, 0x49, 0x42, 0x3f, 0xe5, 0x4d, 0x42, 0x3f,
  0x0a, 0x52, 0x42, 0x3f, 0x2e, 0x56, 0x42, 0x3f, 0x52, 0x5a, 0x42, 0x3f,
  0x76, 0x5e, 0x42, 0x3f, 0x9a, 0x62, 0x42, 0x3f, 0xbe, 0x66, 0x42, 0x3f,
  0xe2, 0x6a, 0x42, 0x3f, 0x06, 0x6f, 0x42, 0x3f, 0x29, 0x73, 0x42, 0x3f,
  0x4c, 0x77, 0x42, 0x3f, 0x6f, 0x7b, 0x42, 0x3f, 0x93, 0x7f, 0x42, 0x3f,
  0xb6, 0x83, 0x42, 0x3f, 0xd9, 0x87, 0x42, 0x3f, 0xfb, 0x8b, 0x42, 0x3f,
  0x1e, 0x90, 0x42, 0x3f, 0x41, 0x94, 0x42, 0x3f, 0x63, 0x98, 0x42, 0x3f,
  0x85, 0x9c, 0x42, 0x3f, 0xa7, 0xa0, 0x42, 0x3f, 0xc9, 0xa4, 0x42, 0x3f,
  0xeb, 0xa8, 0x42, 0x3f, 0x0d, 0xad, 0x42, 0x3f, 0x2f, 0xb1, 0x42, 0x3f,
  0x51, 0xb5, 0x42, 0x3f, 0x72, 0xb9, 0x42, 0x3f, 0x93, 0xbd, 0x42, 0x3f,
  0xb5, 0xc1, 0x42, 0x3f, 0xd6, 0xc5, 0x42, 0x3f, 0xf7, 0xc9, 0x42, 0x3f,
  0x18, 0xce, 0x42, 0x3f, 0x39, 0xd2, 0x42, 0x3f, 0x5a, 0xd6, 0x42, 0x3f,
  0x7a, 0xda, 0x42, 0x3f, 0x9b, 0xde, 0x42, 0x3f, 0xbb, 0xe2, 0x42, 0x3f,
  0xdb, 0xe6, 0x42, 0x3f, 0xfb, 0xea, 0x42, 0x3f, 0x1b, 0xef, 0x42, 0x3f,
  0x3b, 0xf3, 0x42, 0x3f, 0x5b, 0xf7, 0x42, 0x3f, 0x7b, 0xfb, 0x42, 0x3f,
  0x9a, 0xff, 0x42, 0x3f, 0xba, 0x03, 0x43, 0x3f, 0xd9, 0x07, 0x43, 0x3f,
  0xf8, 0x0b, 0x43, 0x3f, 0x17, 0x10, 0x43, 0x3f, 0x36, 0x14, 0x43, 0x3f,
  0x55, 0x18, 0x43, 0x3f, 0x74, 0x1c, 0x43, 0x3f, 0x93, 0x20, 0x43, 0x3f,
  0xb1, 0x24, 0x43, 0x3f, 0xd0, 0x28, 0x43, 0x3f, 0xee, 0x2c, 0x43, 0x3f,
  0x0c, 0x31, 0x43, 0x3f, 0x2a, 0x35, 0x43, 0x3f, 0x48, 0x39, 0x43, 0x3f,
  0x66, 0x3d, 0x43, 0x3f, 0x84, 0x41, 0x43, 0x3f, 0xa1, 0x45, 0x43, 0x3f,
  0xbf, 0x49, 0x43, 0x3f, 0xdd, 0x4d, 0x43, 0x3f, 0xf9, 0x51, 0x43, 0x3f,
  0x17, 0x56, 0x43, 0x3f, 0x34, 0x5a, 0x43, 0x3f, 0x51, 0x5e, 0x43, 0x3f,
  0x6e, 0x62, 0x43, 0x3f, 0x8a, 0x66, 0x43, 0x3f, 0xa7, 0x6a, 0x43, 0x3f,
  0xc4, 0x6e, 0x43, 0x3f, 0xe0, 0x72, 0x43, 0x3f, 0xfc, 0x76, 0x43, 0x3f,
  0x18, 0x7b, 0x43, 0x3f, 0x34, 0x7f, 0x43, 0x3f, 0x50, 0x83, 0x43, 0x3f,
  0x6c, 0x87, 0x43, 0x3f, 0x88, 0x8b, 0x43, 0x3f, 0xa4, 0x8f, 0x43, 0x3f,
  0xbf, 0x93, 0x43, 0x3f, 0xdb, 0x97, 0x43, 0x3f, 0xf6, 0x9b, 0x43, 0x3f,
  0x10, 0xa0, 0x43, 0x3f, 0x2c, 0xa4, 0x43, 0x3f, 0x47, 0xa8, 0x43, 0x3f,
  0x61, 0xac, 0x43, 0x3f, 0x7c, 0xb0, 0x43, 0x3f, 0x97, 0xb4, 0x43, 0x3f,
  0xb1, 0xb8, 0x43, 0x3f, 0xcc, 0xbc, 0x43, 0x3f, 0xe6, 0xc0, 0x43, 0x3f,
  0x00, 0xc5, 0x43, 0x3f, 0x1a, 0xc9, 0x43, 0x3f, 0x34, 0xcd, 0x43, 0x3f,
  0x4e, 0xd1, 0x43, 0x3f, 0x67, 0xd5, 0x43, 0x3f, 0x81, 0xd9, 0x43, 0x3f,
  0x9b, 0xdd, 0x43, 0x3f, 0xb4, 0xe1, 0x43, 0x3f, 0xcd, 0xe5, 0x43, 0x3f,
  0xe6, 0xe9, 0x43, 0x3f, 0xff, 0xed, 0x43, 0x3f, 0x18, 0xf2, 0x43, 0x3f,
  0x31, 0xf6, 0x43, 0x3f, 0x4a, 0xfa, 0x43, 0x3f, 0x62, 0xfe, 0x43, 0x3f,
  0x7b, 0x02, 0x44, 0x3f, 0x93, 0x06, 0x44, 0x3f, 0xab, 0x0a, 0x44, 0x3f,
  0xc3, 0x0e, 0x44, 0x3f, 0xdb, 0x12, 0x44, 0x3f, 0xf3, 0x16, 0x44, 0x3f,
  0x0b, 0x1b, 0x44, 0x3f, 0x23, 0x1f, 0x44, 0x3f, 0x3a, 0x23, 0x44, 0x3f,
  0x52, 0x27, 0x44, 0x3f, 0x69, 0x2b, 0x44, 0x3f, 0x81, 0x2f, 0x44, 0x3f,
  0x97, 0x33, 0x44, 0x3f, 0xae, 0x37, 0x44, 0x3f, 0xc5, 0x3b, 0x44, 0x3f,
  0xdc, 0x3f, 0x44, 0x3f, 0xf3, 0x43, 0x44, 0x3f, 0x09, 0x48, 0x44, 0x3f,
  0x20, 0x4c, 0x44, 0x3f, 0x36, 0x50, 0x44, 0x3f, 0x4d, 0x54, 0x44, 0x3f,
  0x62, 0x58, 0x44, 0x3f, 0x78, 0x5c, 0x44, 0x3f, 0x8e, 0x60, 0x44, 0x3f,
  0xa4, 0x64, 0x44, 0x3f, 0xba, 0x68, 0x44, 0x3f, 0xcf, 0x6c, 0x44, 0x3f,
  0xe5, 0x70, 0x44, 0x3f, 0xfa, 0x74, 0x44, 0x3f, 0x10, 0x79, 0x44, 0x3f,
  0x24, 0x7d, 0x44, 0x3f, 0x39, 0x81, 0x44, 0x3f, 0x4e, 0x85, 0x44, 0x3f,
  0x63, 0x89, 0x44, 0x3f, 0x78, 0x8d, 0x44, 0x3f, 0x8c, 0x91, 0x44, 0x3f,
  0xa1, 0x95, 0x44, 0x3f, 0xb5, 0x99, 0x44, 0x3f, 0xca, 0x9d, 0x44, 0x3f,
  0xdd, 0xa1, 0x44, 0x3f, 0xf1, 0xa5, 0x44, 0x3f, 0x05, 0xaa, 0x44, 0x3f,
  0x19, 0xae, 0x44, 0x3f, 0x2d, 0xb2, 0x44, 0x3f, 0x41, 0xb6, 0x44, 0x3f,
  0x54, 0xba, 0x44, 0x3f, 0x67, 0xbe, 0x44, 0x3f, 0x7b, 0xc2, 0x44, 0x3f,
  0x8d, 0xc6, 0x44, 0x3f, 0xa0, 0xca, 0x44, 0x3f, 0xb3, 0xce, 0x44, 0x3f,
  0xc6, 0xd2, 0x44, 0x3f, 0xd9, 0xd6, 0x44, 0x3f, 0xec, 0xda, 0x44, 0x3f,
  0xfe, 0xde, 0x44, 0x3f, 0x11, 0xe3, 0x44, 0x3f, 0x23, 0xe7, 0x44, 0x3f,
  0x35, 0xeb, 0x44, 0x3f, 0x47, 0xef, 0x44, 0x3f, 0x59, 0xf3, 0x44, 0x3f,
  0x6b, 0xf7, 0x44, 0x3f, 0x7c, 0xfb, 0x44, 0x3f, 0x8e, 0xff, 0x44, 0x3f,
  0x9f, 0x03, 0x45, 0x3f, 0xb1, 0x07, 0x45, 0x3f, 0xc2, 0x0b, 0x45, 0x3f,
  0xd3, 0x0f, 0x45, 0x3f, 0xe4, 0x13, 0x45, 0x3f, 0xf5, 0x17, 0x45, 0x3f,
  0x06, 0x1c, 0x45, 0x3f, 0x17, 0x20, 0x45, 0x3f, 0x27, 0x24, 0x45, 0x3f,
  0x38, 0x28, 0x45, 0x3f, 0x48, 0x2c, 0x45, 0x3f, 0x59, 0x30, 0x45, 0x3f,
  0x68, 0x34, 0x45, 0x3f, 0x78, 0x38, 0x45, 0x3f, 0x88, 0x3c, 0x45, 0x3f,
  0x98, 0x40, 0x45, 0x3f, 0xa8, 0x44, 0x45, 0x3f, 0xb8, 0x48, 0x45, 0x3f,
  0xc7, 0x4c, 0x45, 0x3f, 0xd7, 0x50, 0x45, 0x3f, 0xe6, 0x54, 0x45, 0x3f,
  0xf5, 0x58, 0x45, 0x3f, 0x04, 0x5d, 0x45, 0x3f, 0x13, 0x61, 0x45, 0x3f,
  0x22, 0x65, 0x45, 0x3f, 0x31, 0x69, 0x45, 0x3f, 0x3f, 0x6d, 0x45, 0x3f,
  0x4e, 0x71, 0x45, 0x3f, 0x5c, 0x75, 0x45, 0x3f, 0x6b, 0x79, 0x45, 0x3f,
  0x79, 0x7d, 0x45, 0x3f, 0x87, 0x81, 0x45, 0x3f, 0x95, 0x85, 0x45, 0x3f,
  0xa3, 0x89, 0x45, 0x3f, 0xb1, 0x8d, 0x45, 0x3f, 0xbe, 0x91, 0x45, 0x3f,
  0xcc, 0x95, 0x45, 0x3f, 0xd9, 0x99, 0x45, 0x3f, 0xe7, 0x9d, 0x45, 0x3f,
  0xf3, 0xa1, 0x45, 0x3f, 0x01, 0xa6, 0x45, 0x3f, 0x0e, 0xaa, 0x45, 0x3f,
  0x1b, 0xae, 0x45, 0x3f, 0x27, 0xb2, 0x45, 0x3f, 0x34, 0xb6, 0x45, 0x3f,
  0x41, 0xba, 0x45, 0x3f, 0x4d, 0xbe, 0x45, 0x3f, 0x5a, 0xc2, 0x45, 0x3f,
  0x66, 0xc6, 0x45, 0x3f, 0x72, 0xca, 0x45, 0x3f, 0x7e, 0xce, 0x45, 0x3f,
  0x8a, 0xd2, 0x45, 0x3f, 0x96, 0xd6, 0x45, 0x3f, 0xa1, 0xda, 0x45, 0x3f,
  0xad, 0xde, 0x45, 0x3f, 0xb9, 0xe2, 0x45, 0x3f, 0xc4, 0xe6, 0x45, 0x3f,
  0xcf, 0xea, 0x45, 0x3f, 0xda, 0xee, 0x45, 0x3f, 0xe5, 0xf2, 0x45, 0x3f,
  0xf0, 0xf6, 0x45, 0x3f, 0xfb, 0xfa, 0x45, 0x3f, 0x06, 0xff, 0x45, 0x3f,
  0x11, 0x03, 0x46, 0x3f, 0x1b, 0x07, 0x46, 0x3f, 0x26, 0x0b, 0x46, 0x3f,
  0x2f, 0x0f, 0x46, 0x3f, 0x3a, 0x13, 0x46, 0x3f, 0x44, 0x17, 0x46, 0x3f,
  0x4e, 0x1b, 0x46, 0x3f, 0x58, 0x1f, 0x46, 0x3f, 0x62, 0x23, 0x46, 0x3f,
  0x6b, 0x27, 0x46, 0x3f, 0x75, 0x2b, 0x46, 0x3f, 0x7f, 0x2f, 0x46, 0x3f,
  0x87, 0x33, 0x46, 0x3f, 0x91, 0x37, 0x46, 0x3f, 0x9a, 0x3b, 0x46, 0x3f,
  0xa3, 0x3f, 0x46, 0x3f, 0xac, 0x43, 0x46, 0x3f, 0xb5, 0x47, 0x46, 0x3f,
  0xbd, 0x4b, 0x46, 0x3f, 0xc6, 0x4f, 0x46, 0x3f, 0xcf, 0x53, 0x46, 0x3f,
  0xd6, 0x57, 0x46, 0x3f, 0xdf, 0x5b, 0x46, 0x3f, 0xe7, 0x5f, 0x46, 0x3f,
  0xef, 0x63, 0x46, 0x3f, 0xf7, 0x67, 0x46, 0x3f, 0xff, 0x6b, 0x46, 0x3f,
  0x07, 0x70, 0x46, 0x3f, 0x0f, 0x74, 0x46, 0x3f, 0x16, 0x78, 0x46, 0x3f,
  0x1d, 0x7c, 0x46, 0x3f, 0x24, 0x80, 0x46, 0x3f, 0x2c, 0x84, 0x46, 0x3f,
  0x33, 0x88, 0x46, 0x3f, 0x3a, 0x8c, 0x46, 0x3f, 0x41, 0x90, 0x46, 0x3f,
  0x48, 0x94, 0x46, 0x3f, 0x4e, 0x98, 0x46, 0x3f, 0x55, 0x9c, 0x46, 0x3f,
  0x5b, 0xa0, 0x46, 0x3f, 0x61, 0xa4, 0x46, 0x3f, 0x67, 0xa8, 0x46, 0x3f,
  0x6e, 0xac, 0x46, 0x3f, 0x74, 0xb0, 0x46, 0x3f, 0x7a, 0xb4, 0x46, 0x3f,
  0x80, 0xb8, 0x46, 0x3f, 0x85, 0xbc, 0x46, 0x3f, 0x8b, 0xc0, 0x46, 0x3f,
  0x90, 0xc4, 0x46, 0x3f, 0x95, 0xc8, 0x46, 0x3f, 0x9b, 0xcc, 0x46, 0x3f,
  0xa0, 0xd0, 0x46, 0x3f, 0xa5, 0xd4, 0x46, 0x3f, 0xaa, 0xd8, 0x46, 0x3f,
  0xaf, 0xdc, 0x46, 0x3f, 0xb4, 0xe0, 0x46, 0x3f, 0xb9, 0xe4, 0x46, 0x3f,
  0xbd, 0xe8, 0x46, 0x3f, 0xc1, 0xec, 0x46, 0x3f, 0xc5, 0xf0, 0x46, 0x3f,
  0xca, 0xf4, 0x46, 0x3f, 0xce, 0xf8, 0x46, 0x3f, 0xd2, 0xfc, 0x46, 0x3f,
  0xd6, 0x00, 0x47, 0x3f, 0xda, 0x04, 0x47, 0x3f, 0xdd, 0x08, 0x47, 0x3f,
  0xe0, 0x0c, 0x47, 0x3f, 0xe4, 0x10, 0x47, 0x3f, 0xe7, 0x14, 0x47, 0x3f,
  0xeb, 0x18, 0x47, 0x3f, 0xee, 0x1c, 0x47, 0x3f, 0xf1, 0x20, 0x47, 0x3f,
  0xf4, 0x24, 0x47, 0x3f, 0xf7, 0x28, 0x47, 0x3f, 0xfa, 0x2c, 0x47, 0x3f,
  0xfd, 0x30, 0x47, 0x3f, 0xfe, 0x34, 0x47, 0x3f, 0x01, 0x39, 0x47, 0x3f,
  0x03, 0x3d, 0x47, 0x3f, 0x06, 0x41, 0x47, 0x3f, 0x08, 0x45, 0x47, 0x3f,
  0x0a, 0x49, 0x47, 0x3f, 0x0c, 0x4d, 0x47, 0x3f, 0x0e, 0x51, 0x47, 0x3f,
  0x0f, 0x55, 0x47, 0x3f, 0x10, 0x59, 0x47, 0x3f, 0x12, 0x5d, 0x47, 0x3f,
  0x13, 0x61, 0x47, 0x3f, 0x15, 0x65, 0x47, 0x3f, 0x16, 0x69, 0x47, 0x3f,
  0x17, 0x6d, 0x47, 0x3f, 0x18, 0x71, 0x47, 0x3f, 0x19, 0x75, 0x47, 0x3f,
  0x1a, 0x79, 0x47, 0x3f, 0x1a, 0x7d, 0x47, 0x3f, 0x1a, 0x81, 0x47, 0x3f,
  0x1b, 0x85, 0x47, 0x3f, 0x1b, 0x89, 0x47, 0x3f, 0x1b, 0x8d, 0x47, 0x3f,
  0x1c, 0x91, 0x47, 0x3f, 0x1c, 0x95, 0x47, 0x3f, 0x1c, 0x99, 0x47, 0x3f,
  0x1b, 0x9d, 0x47, 0x3f, 0x1b, 0xa1, 0x47, 0x3f, 0x1a, 0xa5, 0x47, 0x3f,
  0x1a, 0xa9, 0x47, 0x3f, 0x19, 0xad, 0x47, 0x3f, 0x19, 0xb1, 0x47, 0x3f,
  0x18, 0xb5, 0x47, 0x3f, 0x17, 0xb9, 0x47, 0x3f, 0x16, 0xbd, 0x47, 0x3f,
  0x15, 0xc1, 0x47, 0x3f, 0x13, 0xc5, 0x47, 0x3f, 0x12, 0xc9, 0x47, 0x3f,
  0x10, 0xcd, 0x47, 0x3f, 0x0f, 0xd1, 0x47, 0x3f, 0x0d, 0xd5, 0x47, 0x3f,
  0x0b, 0xd9, 0x47, 0x3f, 0x0a, 0xdd, 0x47, 0x3f, 0x08, 0xe1, 0x47, 0x3f,
  0x06, 0xe5, 0x47, 0x3f, 0x03, 0xe9, 0x47, 0x3f, 0x01, 0xed, 0x47, 0x3f,
  0xfe, 0xf0, 0x47, 0x3f, 0xfc, 0xf4, 0x47, 0x3f, 0xf9, 0xf8, 0x47, 0x3f,
  0xf7, 0xfc, 0x47, 0x3f, 0xf4, 0x00, 0x48, 0x3f, 0xf1, 0x04, 0x48, 0x3f,
  0xee, 0x08, 0x48, 0x3f, 0xea, 0x0c, 0x48, 0x3f, 0xe7, 0x10, 0x48, 0x3f,
  0xe4, 0x14, 0x48, 0x3f, 0xe1, 0x18, 0x48, 0x3f, 0xdd, 0x1c, 0x48, 0x3f,
  0xda, 0x20, 0x48, 0x3f, 0xd6, 0x24, 0x48, 0x3f, 0xd2, 0x28, 0x48, 0x3f,
  0xce, 0x2c, 0x48, 0x3f, 0xc9, 0x30, 0x48, 0x3f, 0xc5, 0x34, 0x48, 0x3f,
  0xc1, 0x38, 0x48, 0x3f, 0xbd, 0x3c, 0x48, 0x3f, 0xb8, 0x40, 0x48, 0x3f,
  0xb4, 0x44, 0x48, 0x3f, 0xaf, 0x48, 0x48, 0x3f, 0xab, 0x4c, 0x48, 0x3f,
  0xa6, 0x50, 0x48, 0x3f, 0xa0, 0x54, 0x48, 0x3f, 0x9b, 0x58, 0x48, 0x3f,
  0x96, 0x5c, 0x48, 0x3f, 0x91, 0x60, 0x48, 0x3f, 0x8b, 0x64, 0x48, 0x3f,
  0x86, 0x68, 0x48, 0x3f, 0x80, 0x6c, 0x48, 0x3f, 0x7b, 0x70, 0x48, 0x3f,
  0x75, 0x74, 0x48, 0x3f, 0x6e, 0x78, 0x48, 0x3f, 0x68, 0x7c, 0x48, 0x3f,
  0x62, 0x80, 0x48, 0x3f, 0x5c, 0x84, 0x48, 0x3f, 0x56, 0x88, 0x48, 0x3f,
  0x50, 0x8c, 0x48, 0x3f, 0x49, 0x90, 0x48, 0x3f, 0x42, 0x94, 0x48, 0x3f,
  0x3c, 0x98, 0x48, 0x3f, 0x34, 0x9c, 0x48, 0x3f, 0x2d, 0xa0, 0x48, 0x3f,
  0x26, 0xa4, 0x48, 0x3f, 0x1f, 0xa8, 0x48, 0x3f, 0x18, 0xac, 0x48, 0x3f,
  0x11, 0xb0, 0x48, 0x3f, 0x09, 0xb4, 0x48, 0x3f, 0x02, 0xb8, 0x48, 0x3f,
  0xfa, 0xbb, 0x48, 0x3f, 0xf2, 0xbf, 0x48, 0x3f, 0xea, 0xc3, 0x48, 0x3f,
  0xe2, 0xc7, 0x48, 0x3f, 0xda, 0xcb, 0x48, 0x3f, 0xd2, 0xcf, 0x48, 0x3f,
  0xca, 0xd3, 0x48, 0x3f, 0xc1, 0xd7, 0x48, 0x3f, 0xb9, 0xdb, 0x48, 0x3f,
  0xb0, 0xdf, 0x48, 0x3f, 0xa7, 0xe3, 0x48, 0x3f, 0x9e, 0xe7, 0x48, 0x3f,
  0x96, 0xeb, 0x48, 0x3f, 0x8d, 0xef, 0x48, 0x3f, 0x84, 0xf3, 0x48, 0x3f,
  0x7a, 0xf7, 0x48, 0x3f, 0x71, 0xfb, 0x48, 0x3f, 0x68, 0xff, 0x48, 0x3f,
  0x5e, 0x03, 0x49, 0x3f, 0x54, 0x07, 0x49, 0x3f, 0x4b, 0x0b, 0x49, 0x3f,
  0x41, 0x0f, 0x49, 0x3f, 0x37, 0x13, 0x49, 0x3f, 0x2d, 0x17, 0x49, 0x3f,
  0x23, 0x1b, 0x49, 0x3f, 0x19, 0x1f, 0x49, 0x3f, 0x0e, 0x23, 0x49, 0x3f,
  0x04, 0x27, 0x49, 0x3f, 0xf9, 0x2a, 0x49, 0x3f, 0xee, 0x2e, 0x49, 0x3f,
  0xe4, 0x32, 0x49, 0x3f, 0xd9, 0x36, 0x49, 0x3f, 0xce, 0x3a, 0x49, 0x3f,
  0xc3, 0x3e, 0x49, 0x3f, 0xb8, 0x42, 0x49, 0x3f, 0xad, 0x46, 0x49, 0x3f,
  0xa1, 0x4a, 0x49, 0x3f, 0x95, 0x4e, 0x49, 0x3f, 0x8a, 0x52, 0x49, 0x3f,
  0x7e, 0x56, 0x49, 0x3f, 0x73, 0x5a, 0x49, 0x3f, 0x67, 0x5e, 0x49, 0x3f,
  0x5b, 0x62, 0x49, 0x3f, 0x4f, 0x66, 0x49, 0x3f, 0x43, 0x6a, 0x49, 0x3f,
  0x36, 0x6e, 0x49, 0x3f, 0x2a, 0x72, 0x49, 0x3f, 0x1d, 0x76, 0x49, 0x3f,
  0x11, 0x7a, 0x49, 0x3f, 0x04, 0x7e, 0x49, 0x3f, 0xf7, 0x81, 0x49, 0x3f,
  0xea, 0x85, 0x49, 0x3f, 0xde, 0x89, 0x49, 0x3f, 0xd1, 0x8d, 0x49, 0x3f,
  0xc3, 0x91, 0x49, 0x3f, 0xb6, 0x95, 0x49, 0x3f, 0xa8, 0x99, 0x49, 0x3f,
  0x9b, 0x9d, 0x49, 0x3f, 0x8d, 0xa1, 0x49, 0x3f, 0x80, 0xa5, 0x49, 0x3f,
  0x72, 0xa9, 0x49, 0x3f, 0x64, 0xad, 0x49, 0x3f, 0x56, 0xb1, 0x49, 0x3f,
  0x48, 0xb5, 0x49, 0x3f, 0x39, 0xb9, 0x49, 0x3f, 0x2b, 0xbd, 0x49, 0x3f,
  0x1d, 0xc1, 0x49, 0x3f, 0x0e, 0xc5, 0x49, 0x3f, 0x00, 0xc9, 0x49, 0x3f,
  0xf1, 0xcc, 0x49, 0x3f, 0xe2, 0xd0, 0x49, 0x3f, 0xd4, 0xd4, 0x49, 0x3f,
  0xc5, 0xd8, 0x49, 0x3f, 0xb5, 0xdc, 0x49, 0x3f, 0xa6, 0xe0, 0x49, 0x3f,
  0x97, 0xe4, 0x49, 0x3f, 0x87, 0xe8, 0x49, 0x3f, 0x78, 0xec, 0x49, 0x3f,
  0x68, 0xf0, 0x49, 0x3f, 0x59, 0xf4, 0x49, 0x3f, 0x49, 0xf8, 0x49, 0x3f,
  0x39, 0xfc, 0x49, 0x3f, 0x28, 0x00, 0x4a, 0x3f, 0x18, 0x04, 0x4a, 0x3f,
  0x08, 0x08, 0x4a, 0x3f, 0xf8, 0x0b, 0x4a, 0x3f, 0xe8, 0x0f, 0x4a, 0x3f,
  0xd7, 0x13, 0x4a, 0x3f, 0xc7, 0x17, 0x4a, 0x3f, 0xb6, 0x1b, 0x4a, 0x3f,
  0xa5, 0x1f, 0x4a, 0x3f, 0x94, 0x23, 0x4a, 0x3f, 0x83, 0x27, 0x4a, 0x3f,
  0x72, 0x2b, 0x4a, 0x3f, 0x61, 0x2f, 0x4a, 0x3f, 0x4f, 0x33, 0x4a, 0x3f,
  0x3e, 0x37, 0x4a, 0x3f, 0x2d, 0x3b, 0x4a, 0x3f, 0x1b, 0x3f, 0x4a, 0x3f,
  0x09, 0x43, 0x4a, 0x3f, 0xf7, 0x46, 0x4a, 0x3f, 0xe5, 0x4a, 0x4a, 0x3f,
  0xd3, 0x4e, 0x4a, 0x3f, 0xc1, 0x52, 0x4a, 0x3f, 0xaf, 0x56, 0x4a, 0x3f,
  0x9d, 0x5a, 0x4a, 0x3f, 0x8a, 0x5e, 0x4a, 0x3f, 0x78, 0x62, 0x4a, 0x3f,
  0x65, 0x66, 0x4a, 0x3f, 0x52, 0x6a, 0x4a, 0x3f, 0x3f, 0x6e, 0x4a, 0x3f,
  0x2d, 0x72, 0x4a, 0x3f, 0x1a, 0x76, 0x4a, 0x3f, 0x07, 0x7a, 0x4a, 0x3f,
  0xf3, 0x7d, 0x4a, 0x3f, 0xe0, 0x81, 0x4a, 0x3f, 0xcd, 0x85, 0x4a, 0x3f,
  0xb9, 0x89, 0x4a, 0x3f, 0xa6, 0x8d, 0x4a, 0x3f, 0x92, 0x91, 0x4a, 0x3f,
  0x7e, 0x95, 0x4a, 0x3f, 0x6a, 0x99, 0x4a, 0x3f, 0x56, 0x9d, 0x4a, 0x3f,
  0x42, 0xa1, 0x4a, 0x3f, 0x2e, 0xa5, 0x4a, 0x3f, 0x1a, 0xa9, 0x4a, 0x3f,
  0x05, 0xad, 0x4a, 0x3f, 0xf1, 0xb0, 0x4a, 0x3f, 0xdc, 0xb4, 0x4a, 0x3f,
  0xc7, 0xb8, 0x4a, 0x3f, 0xb2, 0xbc, 0x4a, 0x3f, 0x9d, 0xc0, 0x4a, 0x3f,
  0x88, 0xc4, 0x4a, 0x3f, 0x73, 0xc8, 0x4a, 0x3f, 0x5e, 0xcc, 0x4a, 0x3f,
  0x49, 0xd0, 0x4a, 0x3f, 0x34, 0xd4, 0x4a, 0x3f, 0x1e, 0xd8, 0x4a, 0x3f,
  0x08, 0xdc, 0x4a, 0x3f, 0xf3, 0xdf, 0x4a, 0x3f, 0xdd, 0xe3, 0x4a, 0x3f,
  0xc7, 0xe7, 0x4a, 0x3f, 0xb1, 0xeb, 0x4a, 0x3f, 0x9b, 0xef, 0x4a, 0x3f,
  0x85, 0xf3, 0x4a, 0x3f, 0x6f, 0xf7, 0x4a, 0x3f, 0x58, 0xfb, 0x4a, 0x3f,
  0x41, 0xff, 0x4a, 0x3f, 0x2b, 0x03, 0x4b, 0x3f, 0x14, 0x07, 0x4b, 0x3f,
  0xfd, 0x0a, 0x4b, 0x3f, 0xe7, 0x0e, 0x4b, 0x3f, 0xd0, 0x12, 0x4b, 0x3f,
  0xb9, 0x16, 0x4b, 0x3f, 0xa2, 0x1a, 0x4b, 0x3f, 0x8a, 0x1e, 0x4b, 0x3f,
  0x72, 0x22, 0x4b, 0x3f, 0x5b, 0x26, 0x4b, 0x3f, 0x44, 0x2a, 0x4b, 0x3f,
  0x2c, 0x2e, 0x4b, 0x3f, 0x14, 0x32, 0x4b, 0x3f, 0xfc, 0x35, 0x4b, 0x3f,
  0xe5, 0x39, 0x4b, 0x3f, 0xcd, 0x3d, 0x4b, 0x3f, 0xb4, 0x41, 0x4b, 0x3f,
  0x9c, 0x45, 0x4b, 0x3f, 0x83, 0x49, 0x4b, 0x3f, 0x6b, 0x4d, 0x4b, 0x3f,
  0x52, 0x51, 0x4b, 0x3f, 0x3a, 0x55, 0x4b, 0x3f, 0x21, 0x59, 0x4b, 0x3f,
  0x08, 0x5d, 0x4b, 0x3f, 0xf0, 0x60, 0x4b, 0x3f, 0xd6, 0x64, 0x4b, 0x3f,
  0xbd, 0x68, 0x4b, 0x3f, 0xa4, 0x6c, 0x4b, 0x3f, 0x8a, 0x70, 0x4b, 0x3f,
  0x71, 0x74, 0x4b, 0x3f, 0x58, 0x78, 0x4b, 0x3f, 0x3e, 0x7c, 0x4b, 0x3f,
  0x24, 0x80, 0x4b, 0x3f, 0x0b, 0x84, 0x4b, 0x3f, 0xf0, 0x87, 0x4b, 0x3f,
  0xd6, 0x8b, 0x4b, 0x3f, 0xbc, 0x8f, 0x4b, 0x3f, 0xa2, 0x93, 0x4b, 0x3f,
  0x88, 0x97, 0x4b, 0x3f, 0x6d, 0x9b, 0x4b, 0x3f, 0x53, 0x9f, 0x4b, 0x3f,
  0x38, 0xa3, 0x4b, 0x3f, 0x1e, 0xa7, 0x4b, 0x3f, 0x02, 0xab, 0x4b, 0x3f,
  0xe8, 0xae, 0x4b, 0x3f, 0xcd, 0xb2, 0x4b, 0x3f, 0xb2, 0xb6, 0x4b, 0x3f,
  0x96, 0xba, 0x4b, 0x3f, 0x7b, 0xbe, 0x4b, 0x3f, 0x60, 0xc2, 0x4b, 0x3f,
  0x44, 0xc6, 0x4b, 0x3f, 0x29, 0xca, 0x4b, 0x3f, 0x0d, 0xce, 0x4b, 0x3f,
  0xf1, 0xd1, 0x4b, 0x3f, 0xd5, 0xd5, 0x4b, 0x3f, 0xb9, 0xd9, 0x4b, 0x3f,
  0x9d, 0xdd, 0x4b, 0x3f, 0x81, 0xe1, 0x4b, 0x3f, 0x65, 0xe5, 0x4b, 0x3f,
  0x49, 0xe9, 0x4b, 0x3f, 0x2c, 0xed, 0x4b, 0x3f, 0x0f, 0xf1, 0x4b, 0x3f,
  0xf3, 0xf4, 0x4b, 0x3f, 0xd6, 0xf8, 0x4b, 0x3f, 0xb9, 0xfc, 0x4b, 0x3f,
  0x9c, 0x00, 0x4c, 0x3f, 0x7f, 0x04, 0x4c, 0x3f, 0x62, 0x08, 0x4c, 0x3f,
  0x45, 0x0c, 0x4c, 0x3f, 0x28, 0x10, 0x4c, 0x3f, 0x0a, 0x14, 0x4c, 0x3f,
  0xec, 0x17, 0x4c, 0x3f, 0xcf, 0x1b, 0x4c, 0x3f, 0xb1, 0x1f, 0x4c, 0x3f,
  0x93, 0x23, 0x4c, 0x3f, 0x76, 0x27, 0x4c, 0x3f, 0x58, 0x2b, 0x4c, 0x3f,
  0x3a, 0x2f, 0x4c, 0x3f, 0x1b, 0x33, 0x4c, 0x3f, 0xfd, 0x36, 0x4c, 0x3f,
  0xde, 0x3a, 0x4c, 0x3f, 0xc0, 0x3e, 0x4c, 0x3f, 0xa1, 0x42, 0x4c, 0x3f,
  0x83, 0x46, 0x4c, 0x3f, 0x64, 0x4a, 0x4c, 0x3f, 0x45, 0x4e, 0x4c, 0x3f,
  0x26, 0x52, 0x4c, 0x3f, 0x07, 0x56, 0x4c, 0x3f, 0xe7, 0x59, 0x4c, 0x3f,
  0xc8, 0x5d, 0x4c, 0x3f, 0xa9, 0x61, 0x4c, 0x3f, 0x8a, 0x65, 0x4c, 0x3f,
  0x6a, 0x69, 0x4c, 0x3f, 0x4b, 0x6d, 0x4c, 0x3f, 0x2b, 0x71, 0x4c, 0x3f,
  0x0b, 0x75, 0x4c, 0x3f, 0xeb, 0x78, 0x4c, 0x3f, 0xcb, 0x7c, 0x4c, 0x3f,
  0xab, 0x80, 0x4c, 0x3f, 0x8a, 0x84, 0x4c, 0x3f, 0x6a, 0x88, 0x4c, 0x3f,
  0x4a, 0x8c, 0x4c, 0x3f, 0x29, 0x90, 0x4c, 0x3f, 0x09, 0x94, 0x4c, 0x3f,
  0xe8, 0x97, 0x4c, 0x3f, 0xc7, 0x9b, 0x4c, 0x3f, 0xa6, 0x9f, 0x4c, 0x3f,
  0x85, 0xa3, 0x4c, 0x3f, 0x64, 0xa7, 0x4c, 0x3f, 0x43, 0xab, 0x4c, 0x3f,
  0x22, 0xaf, 0x4c, 0x3f, 0x00, 0xb3, 0x4c, 0x3f, 0xdf, 0xb6, 0x4c, 0x3f,
  0xbd, 0xba, 0x4c, 0x3f, 0x9c, 0xbe, 0x4c, 0x3f, 0x7a, 0xc2, 0x4c, 0x3f,
  0x58, 0xc6, 0x4c, 0x3f, 0x36, 0xca, 0x4c, 0x3f, 0x14, 0xce, 0x4c, 0x3f,
  0xf2, 0xd1, 0x4c, 0x3f, 0xd0, 0xd5, 0x4c, 0x3f, 0xad, 0xd9, 0x4c, 0x3f,
  0x8b, 0xdd, 0x4c, 0x3f, 0x68, 0xe1, 0x4c, 0x3f, 0x45, 0xe5, 0x4c, 0x3f,
  0x23, 0xe9, 0x4c, 0x3f, 0x00, 0xed, 0x4c, 0x3f, 0xdd, 0xf0, 0x4c, 0x3f,
  0xba, 0xf4, 0x4c, 0x3f, 0x97, 0xf8, 0x4c, 0x3f, 0x74, 0xfc, 0x4c, 0x3f,
  0x51, 0x00, 0x4d, 0x3f, 0x2d, 0x04, 0x4d, 0x3f, 0x09, 0x08, 0x4d, 0x3f,
  0xe6, 0x0b, 0x4d, 0x3f, 0xc2, 0x0f, 0x4d, 0x3f, 0x9f, 0x13, 0x4d, 0x3f,
  0x7b, 0x17, 0x4d, 0x3f, 0x57, 0x1b, 0x4d, 0x3f, 0x33, 0x1f, 0x4d, 0x3f,
  0x0f, 0x23, 0x4d, 0x3f, 0xeb, 0x26, 0x4d, 0x3f, 0xc6, 0x2a, 0x4d, 0x3f,
  0xa1, 0x2e, 0x4d, 0x3f, 0x7d, 0x32, 0x4d, 0x3f, 0x58, 0x36, 0x4d, 0x3f,
  0x34, 0x3a, 0x4d, 0x3f, 0x0f, 0x3e, 0x4d, 0x3f, 0xea, 0x41, 0x4d, 0x3f,
  0xc5, 0x45, 0x4d, 0x3f, 0xa0, 0x49, 0x4d, 0x3f, 0x7a, 0x4d, 0x4d, 0x3f,
  0x55, 0x51, 0x4d, 0x3f, 0x30, 0x55, 0x4d, 0x3f, 0x0a, 0x59, 0x4d, 0x3f,
  0xe5, 0x5c, 0x4d, 0x3f, 0xbf, 0x60, 0x4d, 0x3f, 0x9a, 0x64, 0x4d, 0x3f,
  0x74, 0x68, 0x4d, 0x3f, 0x4e, 0x6c, 0x4d, 0x3f, 0x27, 0x70, 0x4d, 0x3f,
  0x01, 0x74, 0x4d, 0x3f, 0xdb, 0x77, 0x4d, 0x3f, 0xb5, 0x7b, 0x4d, 0x3f,
  0x8f, 0x7f, 0x4d, 0x3f, 0x68, 0x83, 0x4d, 0x3f, 0x42, 0x87, 0x4d, 0x3f,
  0x1b, 0x8b, 0x4d, 0x3f, 0xf4, 0x8e, 0x4d, 0x3f, 0xcd, 0x92, 0x4d, 0x3f,
  0xa6, 0x96, 0x4d, 0x3f, 0x7f, 0x9a, 0x4d, 0x3f, 0x58, 0x9e, 0x4d, 0x3f,
  0x30, 0xa2, 0x4d, 0x3f, 0x09, 0xa6, 0x4d, 0x3f, 0xe2, 0xa9, 0x4d, 0x3f,
  0xba, 0xad, 0x4d, 0x3f, 0x93, 0xb1, 0x4d, 0x3f, 0x6a, 0xb5, 0x4d, 0x3f,
  0x43, 0xb9, 0x4d, 0x3f, 0x1b, 0xbd, 0x4d, 0x3f, 0xf3, 0xc0, 0x4d, 0x3f,
  0xcb, 0xc4, 0x4d, 0x3f, 0xa3, 0xc8, 0x4d, 0x3f, 0x7a, 0xcc, 0x4d, 0x3f,
  0x52, 0xd0, 0x4d, 0x3f, 0x2a, 0xd4, 0x4d, 0x3f, 0x00, 0xd8, 0x4d, 0x3f,
  0xd8, 0xdb, 0x4d, 0x3f, 0xaf, 0xdf, 0x4d, 0x3f, 0x86, 0xe3, 0x4d, 0x3f,
  0x5d, 0xe7, 0x4d, 0x3f, 0x34, 0xeb, 0x4d, 0x3f, 0x0b, 0xef, 0x4d, 0x3f,
  0xe2, 0xf2, 0x4d, 0x3f, 0xb9, 0xf6, 0x4d, 0x3f, 0x8f, 0xfa, 0x4d, 0x3f,
  0x65, 0xfe, 0x4d, 0x3f, 0x3c, 0x02, 0x4e, 0x3f, 0x12, 0x06, 0x4e, 0x3f,
  0xe8, 0x09, 0x4e, 0x3f, 0xbf, 0x0d, 0x4e, 0x3f, 0x95, 0x11, 0x4e, 0x3f,
  0x6b, 0x15, 0x4e, 0x3f, 0x41, 0x19, 0x4e, 0x3f, 0x16, 0x1d, 0x4e, 0x3f,
  0xeb, 0x20, 0x4e, 0x3f, 0xc1, 0x24, 0x4e, 0x3f, 0x97, 0x28, 0x4e, 0x3f,
  0x6c, 0x2c, 0x4e, 0x3f, 0x41, 0x30, 0x4e, 0x3f, 0x17, 0x34, 0x4e, 0x3f,
  0xec, 0x37, 0x4e, 0x3f, 0xc1, 0x3b, 0x4e, 0x3f, 0x96, 0x3f, 0x4e, 0x3f,
  0x6a, 0x43, 0x4e, 0x3f, 0x3f, 0x47, 0x4e, 0x3f, 0x13, 0x4b, 0x4e, 0x3f,
  0xe8, 0x4e, 0x4e, 0x3f, 0xbc, 0x52, 0x4e, 0x3f, 0x91, 0x56, 0x4e, 0x3f,
  0x65, 0x5a, 0x4e, 0x3f, 0x39, 0x5e, 0x4e, 0x3f, 0x0d, 0x62, 0x4e, 0x3f,
  0xe1, 0x65, 0x4e, 0x3f, 0xb5, 0x69, 0x4e, 0x3f, 0x89, 0x6d, 0x4e, 0x3f,
  0x5c, 0x71, 0x4e, 0x3f, 0x30, 0x75, 0x4e, 0x3f, 0x03, 0x79, 0x4e, 0x3f,
  0xd7, 0x7c, 0x4e, 0x3f, 0xaa, 0x80, 0x4e, 0x3f, 0x7e, 0x84, 0x4e, 0x3f,
  0x50, 0x88, 0x4e, 0x3f, 0x23, 0x8c, 0x4e, 0x3f, 0xf6, 0x8f, 0x4e, 0x3f,
  0xc9, 0x93, 0x4e, 0x3f, 0x9c, 0x97, 0x4e, 0x3f, 0x6f, 0x9b, 0x4e, 0x3f,
  0x41, 0x9f, 0x4e, 0x3f, 0x14, 0xa3, 0x4e, 0x3f, 0xe6, 0xa6, 0x4e, 0x3f,
  0xb8, 0xaa, 0x4e, 0x3f, 0x8a, 0xae, 0x4e, 0x3f, 0x5c, 0xb2, 0x4e, 0x3f,
  0x2e, 0xb6, 0x4e, 0x3f, 0x00, 0xba, 0x4e, 0x3f, 0xd2, 0xbd, 0x4e, 0x3f,
  0xa4, 0xc1, 0x4e, 0x3f, 0x76, 0xc5, 0x4e, 0x3f, 0x47, 0xc9, 0x4e, 0x3f,
  0x18, 0xcd, 0x4e, 0x3f, 0xea, 0xd0, 0x4e, 0x3f, 0xbb, 0xd4, 0x4e, 0x3f,
  0x8c, 0xd8, 0x4e, 0x3f, 0x5d, 0xdc, 0x4e, 0x3f, 0x2e, 0xe0, 0x4e, 0x3f,
  0xff, 0xe3, 0x4e, 0x3f, 0xd0, 0xe7, 0x4e, 0x3f, 0xa1, 0xeb, 0x4e, 0x3f,
  0x71, 0xef, 0x4e, 0x3f, 0x42, 0xf3, 0x4e, 0x3f, 0x12, 0xf7, 0x4e, 0x3f,
  0xe3, 0xfa, 0x4e, 0x3f, 0xb3, 0xfe, 0x4e, 0x3f, 0x83, 0x02, 0x4f, 0x3f,
  0x53, 0x06, 0x4f, 0x3f, 0x23, 0x0a, 0x4f, 0x3f, 0xf3, 0x0d, 0x4f, 0x3f,
  0xc3, 0x11, 0x4f, 0x3f, 0x92, 0x15, 0x4f, 0x3f, 0x62, 0x19, 0x4f, 0x3f,
  0x32, 0x1d, 0x4f, 0x3f, 0x01, 0x21, 0x4f, 0x3f, 0xd0, 0x24, 0x4f, 0x3f,
  0xa0, 0x28, 0x4f, 0x3f, 0x6f, 0x2c, 0x4f, 0x3f, 0x3e, 0x30, 0x4f, 0x3f,
  0x0c, 0x34, 0x4f, 0x3f, 0xdb, 0x37, 0x4f, 0x3f, 0xaa, 0x3b, 0x4f, 0x3f,
  0x79, 0x3f, 0x4f, 0x3f, 0x48, 0x43, 0x4f, 0x3f, 0x16, 0x47, 0x4f, 0x3f,
  0xe5, 0x4a, 0x4f, 0x3f, 0xb3, 0x4e, 0x4f, 0x3f, 0x81, 0x52, 0x4f, 0x3f,
  0x4f, 0x56, 0x4f, 0x3f, 0x1d, 0x5a, 0x4f, 0x3f, 0xeb, 0x5d, 0x4f, 0x3f,
  0xb9, 0x61, 0x4f, 0x3f, 0x87, 0x65, 0x4f, 0x3f, 0x55, 0x69, 0x4f, 0x3f,
  0x22, 0x6d, 0x4f, 0x3f, 0xf0, 0x70, 0x4f, 0x3f, 0xbd, 0x74, 0x4f, 0x3f,
  0x8a, 0x78, 0x4f, 0x3f, 0x57, 0x7c, 0x4f, 0x3f, 0x25, 0x80, 0x4f, 0x3f,
  0xf2, 0x83, 0x4f, 0x3f, 0xbf, 0x87, 0x4f, 0x3f, 0x8c, 0x8b, 0x4f, 0x3f,
  0x58, 0x8f, 0x4f, 0x3f, 0x25, 0x93, 0x4f, 0x3f, 0xf2, 0x96, 0x4f, 0x3f,
  0xbe, 0x9a, 0x4f, 0x3f, 0x8a, 0x9e, 0x4f, 0x3f, 0x57, 0xa2, 0x4f, 0x3f,
  0x23, 0xa6, 0x4f, 0x3f, 0xef, 0xa9, 0x4f, 0x3f, 0xbb, 0xad, 0x4f, 0x3f,
  0x87, 0xb1, 0x4f, 0x3f, 0x53, 0xb5, 0x4f, 0x3f, 0x1f, 0xb9, 0x4f, 0x3f,
  0xea, 0xbc, 0x4f, 0x3f, 0xb6, 0xc0, 0x4f, 0x3f, 0x81, 0xc4, 0x4f, 0x3f,
  0x4d, 0xc8, 0x4f, 0x3f, 0x18, 0xcc, 0x4f, 0x3f, 0xe3, 0xcf, 0x4f, 0x3f,
  0xaf, 0xd3, 0x4f, 0x3f, 0x7a, 0xd7, 0x4f, 0x3f, 0x45, 0xdb, 0x4f, 0x3f,
  0x0f, 0xdf, 0x4f, 0x3f, 0xda, 0xe2, 0x4f, 0x3f, 0xa5, 0xe6, 0x4f, 0x3f,
  0x6f, 0xea, 0x4f, 0x3f, 0x3a, 0xee, 0x4f, 0x3f, 0x04, 0xf2, 0x4f, 0x3f,
  0xcf, 0xf5, 0x4f, 0x3f, 0x99, 0xf9, 0x4f, 0x3f, 0x63, 0xfd, 0x4f, 0x3f,
  0x2d, 0x01, 0x50, 0x3f, 0xf7, 0x04, 0x50, 0x3f, 0xc0, 0x08, 0x50, 0x3f,
  0x8a, 0x0c, 0x50, 0x3f, 0x54, 0x10, 0x50, 0x3f, 0x1e, 0x14, 0x50, 0x3f,
  0xe7, 0x17, 0x50, 0x3f, 0xb1, 0x1b, 0x50, 0x3f, 0x7a, 0x1f, 0x50, 0x3f,
  0x43, 0x23, 0x50, 0x3f, 0x0c, 0x27, 0x50, 0x3f, 0xd5, 0x2a, 0x50, 0x3f,
  0x9e, 0x2e, 0x50, 0x3f, 0x67, 0x32, 0x50, 0x3f, 0x30, 0x36, 0x50, 0x3f,
  0xf9, 0x39, 0x50, 0x3f, 0xc1, 0x3d, 0x50, 0x3f, 0x8a, 0x41, 0x50, 0x3f,
  0x52, 0x45, 0x50, 0x3f, 0x1a, 0x49, 0x50, 0x3f, 0xe2, 0x4c, 0x50, 0x3f,
  0xab, 0x50, 0x50, 0x3f, 0x73, 0x54, 0x50, 0x3f, 0x3b, 0x58, 0x50, 0x3f,
  0x03, 0x5c, 0x50, 0x3f, 0xcb, 0x5f, 0x50, 0x3f, 0x92, 0x63, 0x50, 0x3f,
  0x59, 0x67, 0x50, 0x3f, 0x21, 0x6b, 0x50, 0x3f, 0xe8, 0x6e, 0x50, 0x3f,
  0xb0, 0x72, 0x50, 0x3f, 0x77, 0x76, 0x50, 0x3f, 0x3e, 0x7a, 0x50, 0x3f,
  0x06, 0x7e, 0x50, 0x3f, 0xcd, 0x81, 0x50, 0x3f, 0x94, 0x85, 0x50, 0x3f,
  0x5a, 0x89, 0x50, 0x3f, 0x21, 0x8d, 0x50, 0x3f, 0xe7, 0x90, 0x50, 0x3f,
  0xae, 0x94, 0x50, 0x3f, 0x74, 0x98, 0x50, 0x3f, 0x3b, 0x9c, 0x50, 0x3f,
  0x01, 0xa0, 0x50, 0x3f, 0xc7, 0xa3, 0x50, 0x3f, 0x8d, 0xa7, 0x50, 0x3f,
  0x53, 0xab, 0x50, 0x3f, 0x19, 0xaf, 0x50, 0x3f, 0xdf, 0xb2, 0x50, 0x3f,
  0xa5, 0xb6, 0x50, 0x3f, 0x6a, 0xba, 0x50, 0x3f, 0x30, 0xbe, 0x50, 0x3f,
  0xf5, 0xc1, 0x50, 0x3f, 0xbb, 0xc5, 0x50, 0x3f, 0x80, 0xc9, 0x50, 0x3f,
  0x45, 0xcd, 0x50, 0x3f, 0x0a, 0xd1, 0x50, 0x3f, 0xcf, 0xd4, 0x50, 0x3f,
  0x94, 0xd8, 0x50, 0x3f, 0x59, 0xdc, 0x50, 0x3f, 0x1e, 0xe0, 0x50, 0x3f,
  0xe2, 0xe3, 0x50, 0x3f, 0xa7, 0xe7, 0x50, 0x3f, 0x6c, 0xeb, 0x50, 0x3f,
  0x2f, 0xef, 0x50, 0x3f, 0xf4, 0xf2, 0x50, 0x3f, 0xb8, 0xf6, 0x50, 0x3f,
  0x7c, 0xfa, 0x50, 0x3f, 0x40, 0xfe, 0x50, 0x3f, 0x04, 0x02, 0x51, 0x3f,
  0xc8, 0x05, 0x51, 0x3f, 0x8c, 0x09, 0x51, 0x3f, 0x50, 0x0d, 0x51, 0x3f,
  0x13, 0x11, 0x51, 0x3f, 0xd6, 0x14, 0x51, 0x3f, 0x9a, 0x18, 0x51, 0x3f,
  0x5d, 0x1c, 0x51, 0x3f, 0x20, 0x20, 0x51, 0x3f, 0xe4, 0x23, 0x51, 0x3f,
  0xa7, 0x27, 0x51, 0x3f, 0x6a, 0x2b, 0x51, 0x3f, 0x2d, 0x2f, 0x51, 0x3f,
  0xf0, 0x32, 0x51, 0x3f, 0xb2, 0x36, 0x51, 0x3f, 0x74, 0x3a, 0x51, 0x3f,
  0x37, 0x3e, 0x51, 0x3f, 0xf9, 0x41, 0x51, 0x3f, 0xbc, 0x45, 0x51, 0x3f,
  0x7e, 0x49, 0x51, 0x3f, 0x40, 0x4d, 0x51, 0x3f, 0x03, 0x51, 0x51, 0x3f,
  0xc5, 0x54, 0x51, 0x3f, 0x86, 0x58, 0x51, 0x3f, 0x48, 0x5c, 0x51, 0x3f,
  0x0a, 0x60, 0x51, 0x3f, 0xcb, 0x63, 0x51, 0x3f, 0x8d, 0x67, 0x51, 0x3f,
  0x4e, 0x6b, 0x51, 0x3f, 0x10, 0x6f, 0x51, 0x3f, 0xd1, 0x72, 0x51, 0x3f,
  0x92, 0x76, 0x51, 0x3f, 0x53, 0x7a, 0x51, 0x3f, 0x14, 0x7e, 0x51, 0x3f,
  0xd5, 0x81, 0x51, 0x3f, 0x96, 0x85, 0x51, 0x3f, 0x57, 0x89, 0x51, 0x3f,
  0x18, 0x8d, 0x51, 0x3f, 0xd8, 0x90, 0x51, 0x3f, 0x99, 0x94, 0x51, 0x3f,
  0x59, 0x98, 0x51, 0x3f, 0x19, 0x9c, 0x51, 0x3f, 0xd9, 0x9f, 0x51, 0x3f,
  0x99, 0xa3, 0x51, 0x3f, 0x5a, 0xa7, 0x51, 0x3f, 0x1a, 0xab, 0x51, 0x3f,
  0xda, 0xae, 0x51, 0x3f, 0x99, 0xb2, 0x51, 0x3f, 0x59, 0xb6, 0x51, 0x3f,
  0x19, 0xba, 0x51, 0x3f, 0xd8, 0xbd, 0x51, 0x3f, 0x97, 0xc1, 0x51, 0x3f,
  0x57, 0xc5, 0x51, 0x3f, 0x16, 0xc9, 0x51, 0x3f, 0xd5, 0xcc, 0x51, 0x3f,
  0x94, 0xd0, 0x51, 0x3f, 0x53, 0xd4, 0x51, 0x3f, 0x12, 0xd8, 0x51, 0x3f,
  0xd1, 0xdb, 0x51, 0x3f, 0x8f, 0xdf, 0x51, 0x3f, 0x4e, 0xe3, 0x51, 0x3f,
  0x0d, 0xe7, 0x51, 0x3f, 0xcb, 0xea, 0x51, 0x3f, 0x8a, 0xee, 0x51, 0x3f,
  0x48, 0xf2, 0x51, 0x3f, 0x06, 0xf6, 0x51, 0x3f, 0xc4, 0xf9, 0x51, 0x3f,
  0x83, 0xfd, 0x51, 0x3f, 0x40, 0x01, 0x52, 0x3f, 0xfe, 0x04, 0x52, 0x3f,
  0xbc, 0x08, 0x52, 0x3f, 0x79, 0x0c, 0x52, 0x3f, 0x37, 0x10, 0x52, 0x3f,
  0xf5, 0x13, 0x52, 0x3f, 0xb2, 0x17, 0x52, 0x3f, 0x70, 0x1b, 0x52, 0x3f,
  0x2d, 0x1f, 0x52, 0x3f, 0xe9, 0x22, 0x52, 0x3f, 0xa7, 0x26, 0x52, 0x3f,
  0x64, 0x2a, 0x52, 0x3f, 0x21, 0x2e, 0x52, 0x3f, 0xdd, 0x31, 0x52, 0x3f,
  0x9a, 0x35, 0x52, 0x3f, 0x57, 0x39, 0x52, 0x3f, 0x14, 0x3d, 0x52, 0x3f,
  0xd0, 0x40, 0x52, 0x3f, 0x8c, 0x44, 0x52, 0x3f, 0x48, 0x48, 0x52, 0x3f,
  0x04, 0x4c, 0x52, 0x3f, 0xc1, 0x4f, 0x52, 0x3f, 0x7d, 0x53, 0x52, 0x3f,
  0x39, 0x57, 0x52, 0x3f, 0xf5, 0x5a, 0x52, 0x3f, 0xb0, 0x5e, 0x52, 0x3f,
  0x6c, 0x62, 0x52, 0x3f, 0x27, 0x66, 0x52, 0x3f, 0xe3, 0x69, 0x52, 0x3f,
  0x9e, 0x6d, 0x52, 0x3f, 0x5a, 0x71, 0x52, 0x3f, 0x15, 0x75, 0x52, 0x3f,
  0xd0, 0x78, 0x52, 0x3f, 0x8b, 0x7c, 0x52, 0x3f, 0x46, 0x80, 0x52, 0x3f,
  0x01, 0x84, 0x52, 0x3f, 0xbc, 0x87, 0x52, 0x3f, 0x76, 0x8b, 0x52, 0x3f,
  0x31, 0x8f, 0x52, 0x3f, 0xec, 0x92, 0x52, 0x3f, 0xa6, 0x96, 0x52, 0x3f,
  0x61, 0x9a, 0x52, 0x3f, 0x1b, 0x9e, 0x52, 0x3f, 0xd5, 0xa1, 0x52, 0x3f,
  0x8f, 0xa5, 0x52, 0x3f, 0x49, 0xa9, 0x52, 0x3f, 0x03, 0xad, 0x52, 0x3f,
  0xbd, 0xb0, 0x52, 0x3f, 0x77, 0xb4, 0x52, 0x3f, 0x30, 0xb8, 0x52, 0x3f,
  0xea, 0xbb, 0x52, 0x3f, 0xa4, 0xbf, 0x52, 0x3f, 0x5d, 0xc3, 0x52, 0x3f,
  0x16, 0xc7, 0x52, 0x3f, 0xcf, 0xca, 0x52, 0x3f, 0x88, 0xce, 0x52, 0x3f,
  0x42, 0xd2, 0x52, 0x3f, 0xfb, 0xd5, 0x52, 0x3f, 0xb4, 0xd9, 0x52, 0x3f,
  0x6c, 0xdd, 0x52, 0x3f, 0x25, 0xe1, 0x52, 0x3f, 0xde, 0xe4, 0x52, 0x3f,
  0x97, 0xe8, 0x52, 0x3f, 0x4e, 0xec, 0x52, 0x3f, 0x07, 0xf0, 0x52, 0x3f,
  0xbf, 0xf3, 0x52, 0x3f, 0x78, 0xf7, 0x52, 0x3f, 0x30, 0xfb, 0x52, 0x3f,
  0xe8, 0xfe, 0x52, 0x3f, 0xa0, 0x02, 0x53, 0x3f, 0x58, 0x06, 0x53, 0x3f,
  0x10, 0x0a, 0x53, 0x3f, 0xc7, 0x0d, 0x53, 0x3f, 0x7e, 0x11, 0x53, 0x3f,
  0x36, 0x15, 0x53, 0x3f, 0xee, 0x18, 0x53, 0x3f, 0xa5, 0x1c, 0x53, 0x3f,
  0x5c, 0x20, 0x53, 0x3f, 0x14, 0x24, 0x53, 0x3f, 0xcb, 0x27, 0x53, 0x3f,
  0x82, 0x2b, 0x53, 0x3f, 0x38, 0x2f, 0x53, 0x3f, 0xef, 0x32, 0x53, 0x3f,
  0xa6, 0x36, 0x53, 0x3f, 0x5d, 0x3a, 0x53, 0x3f, 0x13, 0x3e, 0x53, 0x3f,
  0xca, 0x41, 0x53, 0x3f, 0x80, 0x45, 0x53, 0x3f, 0x37, 0x49, 0x53, 0x3f,
  0xed, 0x4c, 0x53, 0x3f, 0xa3, 0x50, 0x53, 0x3f, 0x59, 0x54, 0x53, 0x3f,
  0x0f, 0x58, 0x53, 0x3f, 0xc5, 0x5b, 0x53, 0x3f, 0x7b, 0x5f, 0x53, 0x3f,
  0x30, 0x63, 0x53, 0x3f, 0xe6, 0x66, 0x53, 0x3f, 0x9c, 0x6a, 0x53, 0x3f,
  0x51, 0x6e, 0x53, 0x3f, 0x06, 0x72, 0x53, 0x3f, 0xbb, 0x75, 0x53, 0x3f,
  0x71, 0x79, 0x53, 0x3f, 0x26, 0x7d, 0x53, 0x3f, 0xdb, 0x80, 0x53, 0x3f,
  0x90, 0x84, 0x53, 0x3f, 0x45, 0x88, 0x53, 0x3f, 0xfa, 0x8b, 0x53, 0x3f,
  0xaf, 0x8f, 0x53, 0x3f, 0x63, 0x93, 0x53, 0x3f, 0x17, 0x97, 0x53, 0x3f,
  0xcc, 0x9a, 0x53, 0x3f, 0x80, 0x9e, 0x53, 0x3f, 0x34, 0xa2, 0x53, 0x3f,
  0xe9, 0xa5, 0x53, 0x3f, 0x9d, 0xa9, 0x53, 0x3f, 0x51, 0xad, 0x53, 0x3f,
  0x05, 0xb1, 0x53, 0x3f, 0xb8, 0xb4, 0x53, 0x3f, 0x6c, 0xb8, 0x53, 0x3f,
  0x20, 0xbc, 0x53, 0x3f, 0xd4, 0xbf, 0x53, 0x3f, 0x87, 0xc3, 0x53, 0x3f,
  0x3b, 0xc7, 0x53, 0x3f, 0xee, 0xca, 0x53, 0x3f, 0xa1, 0xce, 0x53, 0x3f,
  0x55, 0xd2, 0x53, 0x3f, 0x07, 0xd6, 0x53, 0x3f, 0xba, 0xd9, 0x53, 0x3f,
  0x6d, 0xdd, 0x53, 0x3f, 0x20, 0xe1, 0x53, 0x3f, 0xd3, 0xe4, 0x53, 0x3f,
  0x86, 0xe8, 0x53, 0x3f, 0x38, 0xec, 0x53, 0x3f, 0xeb, 0xef, 0x53, 0x3f,
  0x9d, 0xf3, 0x53, 0x3f, 0x4f, 0xf7, 0x53, 0x3f, 0x01, 0xfb, 0x53, 0x3f,
  0xb4, 0xfe, 0x53, 0x3f, 0x66, 0x02, 0x54, 0x3f, 0x18, 0x06, 0x54, 0x3f,
  0xca, 0x09, 0x54, 0x3f, 0x7c, 0x0d, 0x54, 0x3f, 0x2d, 0x11, 0x54, 0x3f,
  0xdf, 0x14, 0x54, 0x3f, 0x90, 0x18, 0x54, 0x3f, 0x42, 0x1c, 0x54, 0x3f,
  0xf3, 0x1f, 0x54, 0x3f, 0xa4, 0x23, 0x54, 0x3f, 0x56, 0x27, 0x54, 0x3f,
  0x07, 0x2b, 0x54, 0x3f, 0xb8, 0x2e, 0x54, 0x3f, 0x69, 0x32, 0x54, 0x3f,
  0x1a, 0x36, 0x54, 0x3f, 0xca, 0x39, 0x54, 0x3f, 0x7b, 0x3d, 0x54, 0x3f,
  0x2c, 0x41, 0x54, 0x3f, 0xdc, 0x44, 0x54, 0x3f, 0x8d, 0x48, 0x54, 0x3f,
  0x3d, 0x4c, 0x54, 0x3f, 0xee, 0x4f, 0x54, 0x3f, 0x9e, 0x53, 0x54, 0x3f,
  0x4e, 0x57, 0x54, 0x3f, 0xfe, 0x5a, 0x54, 0x3f, 0xae, 0x5e, 0x54, 0x3f,
  0x5e, 0x62, 0x54, 0x3f, 0x0e, 0x66, 0x54, 0x3f, 0xbd, 0x69, 0x54, 0x3f,
  0x6d, 0x6d, 0x54, 0x3f, 0x1d, 0x71, 0x54, 0x3f, 0xcc, 0x74, 0x54, 0x3f,
  0x7c, 0x78, 0x54, 0x3f, 0x2b, 0x7c, 0x54, 0x3f, 0xda, 0x7f, 0x54, 0x3f,
  0x89, 0x83, 0x54, 0x3f, 0x38, 0x87, 0x54, 0x3f, 0xe7, 0x8a, 0x54, 0x3f,
  0x96, 0x8e, 0x54, 0x3f, 0x45, 0x92, 0x54, 0x3f, 0xf3, 0x95, 0x54, 0x3f,
  0xa2, 0x99, 0x54, 0x3f, 0x51, 0x9d, 0x54, 0x3f, 0xff, 0xa0, 0x54, 0x3f,
  0xad, 0xa4, 0x54, 0x3f, 0x5b, 0xa8, 0x54, 0x3f, 0x0a, 0xac, 0x54, 0x3f,
  0xb8, 0xaf, 0x54, 0x3f, 0x66, 0xb3, 0x54, 0x3f, 0x14, 0xb7, 0x54, 0x3f,
  0xc2, 0xba, 0x54, 0x3f, 0x70, 0xbe, 0x54, 0x3f, 0x1d, 0xc2, 0x54, 0x3f,
  0xcb, 0xc5, 0x54, 0x3f, 0x78, 0xc9, 0x54, 0x3f, 0x26, 0xcd, 0x54, 0x3f,
  0xd3, 0xd0, 0x54, 0x3f, 0x80, 0xd4, 0x54, 0x3f, 0x2e, 0xd8, 0x54, 0x3f,
  0xdb, 0xdb, 0x54, 0x3f, 0x88, 0xdf, 0x54, 0x3f, 0x34, 0xe3, 0x54, 0x3f,
  0xe1, 0xe6, 0x54, 0x3f, 0x8e, 0xea, 0x54, 0x3f, 0x3b, 0xee, 0x54, 0x3f,
  0xe8, 0xf1, 0x54, 0x3f, 0x94, 0xf5, 0x54, 0x3f, 0x41, 0xf9, 0x54, 0x3f,
  0xed, 0xfc, 0x54, 0x3f, 0x99, 0x00, 0x55, 0x3f, 0x45, 0x04, 0x55, 0x3f,
  0xf1, 0x07, 0x55, 0x3f, 0x9d, 0x0b, 0x55, 0x3f, 0x49, 0x0f, 0x55, 0x3f,
  0xf5, 0x12, 0x55, 0x3f, 0xa1, 0x16, 0x55, 0x3f, 0x4d, 0x1a, 0x55, 0x3f,
  0xf9, 0x1d, 0x55, 0x3f, 0xa4, 0x21, 0x55, 0x3f, 0x4f, 0x25, 0x55, 0x3f,
  0xfb, 0x28, 0x55, 0x3f, 0xa6, 0x2c, 0x55, 0x3f, 0x51, 0x30, 0x55, 0x3f,
  0xfc, 0x33, 0x55, 0x3f, 0xa7, 0x37, 0x55, 0x3f, 0x52, 0x3b, 0x55, 0x3f,
  0xfd, 0x3e, 0x55, 0x3f, 0xa8, 0x42, 0x55, 0x3f, 0x52, 0x46, 0x55, 0x3f,
  0xfd, 0x49, 0x55, 0x3f, 0xa8, 0x4d, 0x55, 0x3f, 0x52, 0x51, 0x55, 0x3f,
  0xfd, 0x54, 0x55, 0x3f, 0xa7, 0x58, 0x55, 0x3f, 0x51, 0x5c, 0x55, 0x3f,
  0xfb, 0x5f, 0x55, 0x3f, 0xa6, 0x63, 0x55, 0x3f, 0x4f, 0x67, 0x55, 0x3f,
  0xf9, 0x6a, 0x55, 0x3f, 0xa3, 0x6e, 0x55, 0x3f, 0x4d, 0x72, 0x55, 0x3f,
  0xf6, 0x75, 0x55, 0x3f, 0xa0, 0x79, 0x55, 0x3f, 0x49, 0x7d, 0x55, 0x3f,
  0xf3, 0x80, 0x55, 0x3f, 0x9c, 0x84, 0x55, 0x3f, 0x45, 0x88, 0x55, 0x3f,
  0xee, 0x8b, 0x55, 0x3f, 0x97, 0x8f, 0x55, 0x3f, 0x40, 0x93, 0x55, 0x3f,
  0xe9, 0x96, 0x55, 0x3f, 0x92, 0x9a, 0x55, 0x3f, 0x3b, 0x9e, 0x55, 0x3f,
  0xe4, 0xa1, 0x55, 0x3f, 0x8c, 0xa5, 0x55, 0x3f, 0x34, 0xa9, 0x55, 0x3f,
  0xdd, 0xac, 0x55, 0x3f, 0x85, 0xb0, 0x55, 0x3f, 0x2d, 0xb4, 0x55, 0x3f,
  0xd5, 0xb7, 0x55, 0x3f, 0x7e, 0xbb, 0x55, 0x3f, 0x26, 0xbf, 0x55, 0x3f,
  0xce, 0xc2, 0x55, 0x3f, 0x75, 0xc6, 0x55, 0x3f, 0x1d, 0xca, 0x55, 0x3f,
  0xc4, 0xcd, 0x55, 0x3f, 0x6c, 0xd1, 0x55, 0x3f, 0x14, 0xd5, 0x55, 0x3f,
  0xbb, 0xd8, 0x55, 0x3f, 0x62, 0xdc, 0x55, 0x3f, 0x0a, 0xe0, 0x55, 0x3f,
  0xb1, 0xe3, 0x55, 0x3f, 0x58, 0xe7, 0x55, 0x3f, 0xff, 0xea, 0x55, 0x3f,
  0xa6, 0xee, 0x55, 0x3f, 0x4c, 0xf2, 0x55, 0x3f, 0xf3, 0xf5, 0x55, 0x3f,
  0x9a, 0xf9, 0x55, 0x3f, 0x41, 0xfd, 0x55, 0x3f, 0xe7, 0x00, 0x56, 0x3f,
  0x8e, 0x04, 0x56, 0x3f, 0x34, 0x08, 0x56, 0x3f, 0xda, 0x0b, 0x56, 0x3f,
  0x80, 0x0f, 0x56, 0x3f, 0x26, 0x13, 0x56, 0x3f, 0xcc, 0x16, 0x56, 0x3f,
  0x72, 0x1a, 0x56, 0x3f, 0x18, 0x1e, 0x56, 0x3f, 0xbe, 0x21, 0x56, 0x3f,
  0x64, 0x25, 0x56, 0x3f, 0x0a, 0x29, 0x56, 0x3f, 0xaf, 0x2c, 0x56, 0x3f,
  0x54, 0x30, 0x56, 0x3f, 0xf9, 0x33, 0x56, 0x3f, 0x9f, 0x37, 0x56, 0x3f,
  0x44, 0x3b, 0x56, 0x3f, 0xe9, 0x3e, 0x56, 0x3f, 0x8e, 0x42, 0x56, 0x3f,
  0x33, 0x46, 0x56, 0x3f, 0xd8, 0x49, 0x56, 0x3f, 0x7d, 0x4d, 0x56, 0x3f,
  0x21, 0x51, 0x56, 0x3f, 0xc6, 0x54, 0x56, 0x3f, 0x6b, 0x58, 0x56, 0x3f,
  0x0f, 0x5c, 0x56, 0x3f, 0xb4, 0x5f, 0x56, 0x3f, 0x58, 0x63, 0x56, 0x3f,
  0xfc, 0x66, 0x56, 0x3f, 0xa0, 0x6a, 0x56, 0x3f, 0x44, 0x6e, 0x56, 0x3f,
  0xe8, 0x71, 0x56, 0x3f, 0x8c, 0x75, 0x56, 0x3f, 0x30, 0x79, 0x56, 0x3f,
  0xd4, 0x7c, 0x56, 0x3f, 0x77, 0x80, 0x56, 0x3f, 0x1b, 0x84, 0x56, 0x3f,
  0xbf, 0x87, 0x56, 0x3f, 0x62, 0x8b, 0x56, 0x3f, 0x05, 0x8f, 0x56, 0x3f,
  0xa8, 0x92, 0x56, 0x3f, 0x4b, 0x96, 0x56, 0x3f, 0xef, 0x99, 0x56, 0x3f,
  0x92, 0x9d, 0x56, 0x3f, 0x35, 0xa1, 0x56, 0x3f, 0xd8, 0xa4, 0x56, 0x3f,
  0x7a, 0xa8, 0x56, 0x3f, 0x1d, 0xac, 0x56, 0x3f, 0xbf, 0xaf, 0x56, 0x3f,
  0x62, 0xb3, 0x56, 0x3f, 0x04, 0xb7, 0x56, 0x3f, 0xa7, 0xba, 0x56, 0x3f,
  0x49, 0xbe, 0x56, 0x3f, 0xeb, 0xc1, 0x56, 0x3f, 0x8e, 0xc5, 0x56, 0x3f,
  0x30, 0xc9, 0x56, 0x3f, 0xd2, 0xcc, 0x56, 0x3f, 0x73, 0xd0, 0x56, 0x3f,
  0x15, 0xd4, 0x56, 0x3f, 0xb7, 0xd7, 0x56, 0x3f, 0x58, 0xdb, 0x56, 0x3f,
  0xfa, 0xde, 0x56, 0x3f, 0x9b, 0xe2, 0x56, 0x3f, 0x3d, 0xe6, 0x56, 0x3f,
  0xde, 0xe9, 0x56, 0x3f, 0x80, 0xed, 0x56, 0x3f, 0x20, 0xf1, 0x56, 0x3f,
  0xc1, 0xf4, 0x56, 0x3f, 0x62, 0xf8, 0x56, 0x3f, 0x03, 0xfc, 0x56, 0x3f,
  0xa4, 0xff, 0x56, 0x3f, 0x45, 0x03, 0x57, 0x3f, 0xe6, 0x06, 0x57, 0x3f,
  0x86, 0x0a, 0x57, 0x3f, 0x27, 0x0e, 0x57, 0x3f, 0xc7, 0x11, 0x57, 0x3f,
  0x67, 0x15, 0x57, 0x3f, 0x08, 0x19, 0x57, 0x3f, 0xa8, 0x1c, 0x57, 0x3f,
  0x48, 0x20, 0x57, 0x3f, 0xe8, 0x23, 0x57, 0x3f, 0x88, 0x27, 0x57, 0x3f,
  0x28, 0x2b, 0x57, 0x3f, 0xc8, 0x2e, 0x57, 0x3f, 0x67, 0x32, 0x57, 0x3f,
  0x07, 0x36, 0x57, 0x3f, 0xa6, 0x39, 0x57, 0x3f, 0x46, 0x3d, 0x57, 0x3f,
  0xe5, 0x40, 0x57, 0x3f, 0x85, 0x44, 0x57, 0x3f, 0x24, 0x48, 0x57, 0x3f,
  0xc3, 0x4b, 0x57, 0x3f, 0x62, 0x4f, 0x57, 0x3f, 0x01, 0x53, 0x57, 0x3f,
  0xa0, 0x56, 0x57, 0x3f, 0x3f, 0x5a, 0x57, 0x3f, 0xde, 0x5d, 0x57, 0x3f,
  0x7c, 0x61, 0x57, 0x3f, 0x1b, 0x65, 0x57, 0x3f, 0xb9, 0x68, 0x57, 0x3f,
  0x58, 0x6c, 0x57, 0x3f, 0xf6, 0x6f, 0x57, 0x3f, 0x94, 0x73, 0x57, 0x3f,
  0x32, 0x77, 0x57, 0x3f, 0xd0, 0x7a, 0x57, 0x3f, 0x6f, 0x7e, 0x57, 0x3f,
  0x0d, 0x82, 0x57, 0x3f, 0xaa, 0x85, 0x57, 0x3f, 0x48, 0x89, 0x57, 0x3f,
  0xe6, 0x8c, 0x57, 0x3f, 0x84, 0x90, 0x57, 0x3f, 0x21, 0x94, 0x57, 0x3f,
  0xbe, 0x97, 0x57, 0x3f, 0x5c, 0x9b, 0x57, 0x3f, 0xf9, 0x9e, 0x57, 0x3f,
  0x96, 0xa2, 0x57, 0x3f, 0x34, 0xa6, 0x57, 0x3f, 0xd1, 0xa9, 0x57, 0x3f,
  0x6e, 0xad, 0x57, 0x3f, 0x0b, 0xb1, 0x57, 0x3f, 0xa8, 0xb4, 0x57, 0x3f,
  0x44, 0xb8, 0x57, 0x3f, 0xe1, 0xbb, 0x57, 0x3f, 0x7d, 0xbf, 0x57, 0x3f,
  0x1a, 0xc3, 0x57, 0x3f, 0xb6, 0xc6, 0x57, 0x3f, 0x53, 0xca, 0x57, 0x3f,
  0xef, 0xcd, 0x57, 0x3f, 0x8b, 0xd1, 0x57, 0x3f, 0x28, 0xd5, 0x57, 0x3f,
  0xc3, 0xd8, 0x57, 0x3f, 0x5f, 0xdc, 0x57, 0x3f, 0xfb, 0xdf, 0x57, 0x3f,
  0x97, 0xe3, 0x57, 0x3f, 0x33, 0xe7, 0x57, 0x3f, 0xce, 0xea, 0x57, 0x3f,
  0x6a, 0xee, 0x57, 0x3f, 0x06, 0xf2, 0x57, 0x3f, 0xa1, 0xf5, 0x57, 0x3f,
  0x3c, 0xf9, 0x57, 0x3f, 0xd7, 0xfc, 0x57, 0x3f, 0x72, 0x00, 0x58, 0x3f,
  0x0d, 0x04, 0x58, 0x3f, 0xa9, 0x07, 0x58, 0x3f, 0x44, 0x0b, 0x58, 0x3f,
  0xde, 0x0e, 0x58, 0x3f, 0x79, 0x12, 0x58, 0x3f, 0x14, 0x16, 0x58, 0x3f,
  0xae, 0x19, 0x58, 0x3f, 0x49, 0x1d, 0x58, 0x3f, 0xe3, 0x20, 0x58, 0x3f,
  0x7e, 0x24, 0x58, 0x3f, 0x18, 0x28, 0x58, 0x3f, 0xb2, 0x2b, 0x58, 0x3f,
  0x4c, 0x2f, 0x58, 0x3f, 0xe7, 0x32, 0x58, 0x3f, 0x81, 0x36, 0x58, 0x3f,
  0x1a, 0x3a, 0x58, 0x3f, 0xb4, 0x3d, 0x58, 0x3f, 0x4e, 0x41, 0x58, 0x3f,
  0xe7, 0x44, 0x58, 0x3f, 0x81, 0x48, 0x58, 0x3f, 0x1b, 0x4c, 0x58, 0x3f,
  0xb4, 0x4f, 0x58, 0x3f, 0x4e, 0x53, 0x58, 0x3f, 0xe7, 0x56, 0x58, 0x3f,
  0x80, 0x5a, 0x58, 0x3f, 0x19, 0x5e, 0x58, 0x3f, 0xb2, 0x61, 0x58, 0x3f,
  0x4b, 0x65, 0x58, 0x3f, 0xe4, 0x68, 0x58, 0x3f, 0x7d, 0x6c, 0x58, 0x3f,
  0x15, 0x70, 0x58, 0x3f, 0xae, 0x73, 0x58, 0x3f, 0x47, 0x77, 0x58, 0x3f,
  0xdf, 0x7a, 0x58, 0x3f, 0x77, 0x7e, 0x58, 0x3f, 0x10, 0x82, 0x58, 0x3f,
  0xa8, 0x85, 0x58, 0x3f, 0x40, 0x89, 0x58, 0x3f, 0xd8, 0x8c, 0x58, 0x3f,
  0x70, 0x90, 0x58, 0x3f, 0x08, 0x94, 0x58, 0x3f, 0xa0, 0x97, 0x58, 0x3f,
  0x38, 0x9b, 0x58, 0x3f, 0xcf, 0x9e, 0x58, 0x3f, 0x67, 0xa2, 0x58, 0x3f,
  0xff, 0xa5, 0x58, 0x3f, 0x96, 0xa9, 0x58, 0x3f, 0x2e, 0xad, 0x58, 0x3f,
  0xc5, 0xb0, 0x58, 0x3f, 0x5c, 0xb4, 0x58, 0x3f, 0xf3, 0xb7, 0x58, 0x3f,
  0x8a, 0xbb, 0x58, 0x3f, 0x21, 0xbf, 0x58, 0x3f, 0xb8, 0xc2, 0x58, 0x3f,
  0x4f, 0xc6, 0x58, 0x3f, 0xe6, 0xc9, 0x58, 0x3f, 0x7c, 0xcd, 0x58, 0x3f,
  0x13, 0xd1, 0x58, 0x3f, 0xaa, 0xd4, 0x58, 0x3f, 0x40, 0xd8, 0x58, 0x3f,
  0xd6, 0xdb, 0x58, 0x3f, 0x6c, 0xdf, 0x58, 0x3f, 0x03, 0xe3, 0x58, 0x3f,
  0x99, 0xe6, 0x58, 0x3f, 0x2f, 0xea, 0x58, 0x3f, 0xc5, 0xed, 0x58, 0x3f,
  0x5b, 0xf1, 0x58, 0x3f, 0xf1, 0xf4, 0x58, 0x3f, 0x87, 0xf8, 0x58, 0x3f,
  0x1c, 0xfc, 0x58, 0x3f, 0xb2, 0xff, 0x58, 0x3f, 0x47, 0x03, 0x59, 0x3f,
  0xdd, 0x06, 0x59, 0x3f, 0x72, 0x0a, 0x59, 0x3f, 0x07, 0x0e, 0x59, 0x3f,
  0x9d, 0x11, 0x59, 0x3f, 0x32, 0x15, 0x59, 0x3f, 0xc7, 0x18, 0x59, 0x3f,
  0x5b, 0x1c, 0x59, 0x3f, 0xf0, 0x1f, 0x59, 0x3f, 0x85, 0x23, 0x59, 0x3f,
  0x1a, 0x27, 0x59, 0x3f, 0xaf, 0x2a, 0x59, 0x3f, 0x43, 0x2e, 0x59, 0x3f,
  0xd8, 0x31, 0x59, 0x3f, 0x6c, 0x35, 0x59, 0x3f, 0x01, 0x39, 0x59, 0x3f,
  0x95, 0x3c, 0x59, 0x3f, 0x29, 0x40, 0x59, 0x3f, 0xbd, 0x43, 0x59, 0x3f,
  0x51, 0x47, 0x59, 0x3f, 0xe5, 0x4a, 0x59, 0x3f, 0x79, 0x4e, 0x59, 0x3f,
  0x0d, 0x52, 0x59, 0x3f, 0xa1, 0x55, 0x59, 0x3f, 0x34, 0x59, 0x59, 0x3f,
  0xc8, 0x5c, 0x59, 0x3f, 0x5b, 0x60, 0x59, 0x3f, 0xef, 0x63, 0x59, 0x3f,
  0x82, 0x67, 0x59, 0x3f, 0x15, 0x6b, 0x59, 0x3f, 0xa9, 0x6e, 0x59, 0x3f,
  0x3c, 0x72, 0x59, 0x3f, 0xcf, 0x75, 0x59, 0x3f, 0x62, 0x79, 0x59, 0x3f,
  0xf4, 0x7c, 0x59, 0x3f, 0x87, 0x80, 0x59, 0x3f, 0x1a, 0x84, 0x59, 0x3f,
  0xad, 0x87, 0x59, 0x3f, 0x3f, 0x8b, 0x59, 0x3f, 0xd2, 0x8e, 0x59, 0x3f,
  0x64, 0x92, 0x59, 0x3f, 0xf7, 0x95, 0x59, 0x3f, 0x89, 0x99, 0x59, 0x3f,
  0x1b, 0x9d, 0x59, 0x3f, 0xad, 0xa0, 0x59, 0x3f, 0x3f, 0xa4, 0x59, 0x3f,
  0xd1, 0xa7, 0x59, 0x3f, 0x63, 0xab, 0x59, 0x3f, 0xf5, 0xae, 0x59, 0x3f,
  0x86, 0xb2, 0x59, 0x3f, 0x18, 0xb6, 0x59, 0x3f, 0xaa, 0xb9, 0x59, 0x3f,
  0x3b, 0xbd, 0x59, 0x3f, 0xcc, 0xc0, 0x59, 0x3f, 0x5e, 0xc4, 0x59, 0x3f,
  0xef, 0xc7, 0x59, 0x3f, 0x80, 0xcb, 0x59, 0x3f, 0x11, 0xcf, 0x59, 0x3f,
  0xa2, 0xd2, 0x59, 0x3f, 0x33, 0xd6, 0x59, 0x3f, 0xc4, 0xd9, 0x59, 0x3f,
  0x55, 0xdd, 0x59, 0x3f, 0xe6, 0xe0, 0x59, 0x3f, 0x76, 0xe4, 0x59, 0x3f,
  0x07, 0xe8, 0x59, 0x3f, 0x97, 0xeb, 0x59, 0x3f, 0x28, 0xef, 0x59, 0x3f,
  0xb8, 0xf2, 0x59, 0x3f, 0x49, 0xf6, 0x59, 0x3f, 0xd9, 0xf9, 0x59, 0x3f,
  0x68, 0xfd, 0x59, 0x3f, 0xf9, 0x00, 0x5a, 0x3f, 0x89, 0x04, 0x5a, 0x3f,
  0x18, 0x08, 0x5a, 0x3f, 0xa8, 0x0b, 0x5a, 0x3f, 0x38, 0x0f, 0x5a, 0x3f,
  0xc8, 0x12, 0x5a, 0x3f, 0x57, 0x16, 0x5a, 0x3f, 0xe7, 0x19, 0x5a, 0x3f,
  0x76, 0x1d, 0x5a, 0x3f, 0x05, 0x21, 0x5a, 0x3f, 0x95, 0x24, 0x5a, 0x3f,
  0x24, 0x28, 0x5a, 0x3f, 0xb3, 0x2b, 0x5a, 0x3f, 0x42, 0x2f, 0x5a, 0x3f,
  0xd1, 0x32, 0x5a, 0x3f, 0x60, 0x36, 0x5a, 0x3f, 0xef, 0x39, 0x5a, 0x3f,
  0x7d, 0x3d, 0x5a, 0x3f, 0x0c, 0x41, 0x5a, 0x3f, 0x9b, 0x44, 0x5a, 0x3f,
  0x29, 0x48, 0x5a, 0x3f, 0xb8, 0x4b, 0x5a, 0x3f, 0x46, 0x4f, 0x5a, 0x3f,
  0xd4, 0x52, 0x5a, 0x3f, 0x63, 0x56, 0x5a, 0x3f, 0xf1, 0x59, 0x5a, 0x3f,
  0x7e, 0x5d, 0x5a, 0x3f, 0x0c, 0x61, 0x5a, 0x3f, 0x9a, 0x64, 0x5a, 0x3f,
  0x28, 0x68, 0x5a, 0x3f, 0xb6, 0x6b, 0x5a, 0x3f, 0x44, 0x6f, 0x5a, 0x3f,
  0xd1, 0x72, 0x5a, 0x3f, 0x5f, 0x76, 0x5a, 0x3f, 0xed, 0x79, 0x5a, 0x3f,
  0x79, 0x7d, 0x5a, 0x3f, 0x07, 0x81, 0x5a, 0x3f, 0x94, 0x84, 0x5a, 0x3f,
  0x21, 0x88, 0x5a, 0x3f, 0xae, 0x8b, 0x5a, 0x3f, 0x3b, 0x8f, 0x5a, 0x3f,
  0xc8, 0x92, 0x5a, 0x3f, 0x55, 0x96, 0x5a, 0x3f, 0xe2, 0x99, 0x5a, 0x3f,
  0x6e, 0x9d, 0x5a, 0x3f, 0xfb, 0xa0, 0x5a, 0x3f, 0x88, 0xa4, 0x5a, 0x3f,
  0x14, 0xa8, 0x5a, 0x3f, 0xa0, 0xab, 0x5a, 0x3f, 0x2d, 0xaf, 0x5a, 0x3f,
  0xb9, 0xb2, 0x5a, 0x3f, 0x45, 0xb6, 0x5a, 0x3f, 0xd1, 0xb9, 0x5a, 0x3f,
  0x5e, 0xbd, 0x5a, 0x3f, 0xe9, 0xc0, 0x5a, 0x3f, 0x75, 0xc4, 0x5a, 0x3f,
  0x01, 0xc8, 0x5a, 0x3f, 0x8c, 0xcb, 0x5a, 0x3f, 0x18, 0xcf, 0x5a, 0x3f,
  0xa4, 0xd2, 0x5a, 0x3f, 0x2f, 0xd6, 0x5a, 0x3f, 0xbb, 0xd9, 0x5a, 0x3f,
  0x46, 0xdd, 0x5a, 0x3f, 0xd1, 0xe0, 0x5a, 0x3f, 0x5c, 0xe4, 0x5a, 0x3f,
  0xe7, 0xe7, 0x5a, 0x3f, 0x72, 0xeb, 0x5a, 0x3f, 0xfd, 0xee, 0x5a, 0x3f,
  0x88, 0xf2, 0x5a, 0x3f, 0x13, 0xf6, 0x5a, 0x3f, 0x9e, 0xf9, 0x5a, 0x3f,
  0x29, 0xfd, 0x5a, 0x3f, 0xb3, 0x00, 0x5b, 0x3f, 0x3d, 0x04, 0x5b, 0x3f,
  0xc8, 0x07, 0x5b, 0x3f, 0x52, 0x0b, 0x5b, 0x3f, 0xdc, 0x0e, 0x5b, 0x3f,
  0x67, 0x12, 0x5b, 0x3f, 0xf1, 0x15, 0x5b, 0x3f, 0x7b, 0x19, 0x5b, 0x3f,
  0x05, 0x1d, 0x5b, 0x3f, 0x8e, 0x20, 0x5b, 0x3f, 0x18, 0x24, 0x5b, 0x3f,
  0xa2, 0x27, 0x5b, 0x3f, 0x2c, 0x2b, 0x5b, 0x3f, 0xb5, 0x2e, 0x5b, 0x3f,
  0x3f, 0x32, 0x5b, 0x3f, 0xc8, 0x35, 0x5b, 0x3f, 0x52, 0x39, 0x5b, 0x3f,
  0xdb, 0x3c, 0x5b, 0x3f, 0x64, 0x40, 0x5b, 0x3f, 0xed, 0x43, 0x5b, 0x3f,
  0x76, 0x47, 0x5b, 0x3f, 0xff, 0x4a, 0x5b, 0x3f, 0x88, 0x4e, 0x5b, 0x3f,
  0x11, 0x52, 0x5b, 0x3f, 0x9a, 0x55, 0x5b, 0x3f, 0x23, 0x59, 0x5b, 0x3f,
  0xab, 0x5c, 0x5b, 0x3f, 0x33, 0x60, 0x5b, 0x3f, 0xbc, 0x63, 0x5b, 0x3f,
  0x44, 0x67, 0x5b, 0x3f, 0xcd, 0x6a, 0x5b, 0x3f, 0x55, 0x6e, 0x5b, 0x3f,
  0xdd, 0x71, 0x5b, 0x3f, 0x65, 0x75, 0x5b, 0x3f, 0xed, 0x78, 0x5b, 0x3f,
  0x75, 0x7c, 0x5b, 0x3f, 0xfd, 0x7f, 0x5b, 0x3f, 0x85, 0x83, 0x5b, 0x3f,
  0x0c, 0x87, 0x5b, 0x3f, 0x94, 0x8a, 0x5b, 0x3f, 0x1c, 0x8e, 0x5b, 0x3f,
  0xa3, 0x91, 0x5b, 0x3f, 0x2b, 0x95, 0x5b, 0x3f, 0xb2, 0x98, 0x5b, 0x3f,
  0x3a, 0x9c, 0x5b, 0x3f, 0xc0, 0x9f, 0x5b, 0x3f, 0x47, 0xa3, 0x5b, 0x3f,
  0xce, 0xa6, 0x5b, 0x3f, 0x56, 0xaa, 0x5b, 0x3f, 0xdc, 0xad, 0x5b, 0x3f,
  0x63, 0xb1, 0x5b, 0x3f, 0xea, 0xb4, 0x5b, 0x3f, 0x71, 0xb8, 0x5b, 0x3f,
  0xf8, 0xbb, 0x5b, 0x3f, 0x7e, 0xbf, 0x5b, 0x3f, 0x04, 0xc3, 0x5b, 0x3f,
  0x8b, 0xc6, 0x5b, 0x3f, 0x11, 0xca, 0x5b, 0x3f, 0x97, 0xcd, 0x5b, 0x3f,
  0x1d, 0xd1, 0x5b, 0x3f, 0xa3, 0xd4, 0x5b, 0x3f, 0x2a, 0xd8, 0x5b, 0x3f,
  0xb0, 0xdb, 0x5b, 0x3f, 0x35, 0xdf, 0x5b, 0x3f, 0xbb, 0xe2, 0x5b, 0x3f,
  0x41, 0xe6, 0x5b, 0x3f, 0xc6, 0xe9, 0x5b, 0x3f, 0x4c, 0xed, 0x5b, 0x3f,
  0xd1, 0xf0, 0x5b, 0x3f, 0x57, 0xf4, 0x5b, 0x3f, 0xdc, 0xf7, 0x5b, 0x3f,
  0x62, 0xfb, 0x5b, 0x3f, 0xe6, 0xfe, 0x5b, 0x3f, 0x6b, 0x02, 0x5c, 0x3f,
  0xf0, 0x05, 0x5c, 0x3f, 0x75, 0x09, 0x5c, 0x3f, 0xfa, 0x0c, 0x5c, 0x3f,
  0x7f, 0x10, 0x5c, 0x3f, 0x04, 0x14, 0x5c, 0x3f, 0x89, 0x17, 0x5c, 0x3f,
  0x0d, 0x1b, 0x5c, 0x3f, 0x92, 0x1e, 0x5c, 0x3f, 0x16, 0x22, 0x5c, 0x3f,
  0x9a, 0x25, 0x5c, 0x3f, 0x1f, 0x29, 0x5c, 0x3f, 0xa3, 0x2c, 0x5c, 0x3f,
  0x27, 0x30, 0x5c, 0x3f, 0xab, 0x33, 0x5c, 0x3f, 0x2f, 0x37, 0x5c, 0x3f,
  0xb3, 0x3a, 0x5c, 0x3f, 0x37, 0x3e, 0x5c, 0x3f, 0xbb, 0x41, 0x5c, 0x3f,
  0x3e, 0x45, 0x5c, 0x3f, 0xc2, 0x48, 0x5c, 0x3f, 0x46, 0x4c, 0x5c, 0x3f,
  0xc9, 0x4f, 0x5c, 0x3f, 0x4d, 0x53, 0x5c, 0x3f, 0xd0, 0x56, 0x5c, 0x3f,
  0x53, 0x5a, 0x5c, 0x3f, 0xd6, 0x5d, 0x5c, 0x3f, 0x59, 0x61, 0x5c, 0x3f,
  0xdc, 0x64, 0x5c, 0x3f, 0x5f, 0x68, 0x5c, 0x3f, 0xe2, 0x6b, 0x5c, 0x3f,
  0x65, 0x6f, 0x5c, 0x3f, 0xe8, 0x72, 0x5c, 0x3f, 0x6b, 0x76, 0x5c, 0x3f,
  0xee, 0x79, 0x5c, 0x3f, 0x70, 0x7d, 0x5c, 0x3f, 0xf2, 0x80, 0x5c, 0x3f,
  0x75, 0x84, 0x5c, 0x3f, 0xf7, 0x87, 0x5c, 0x3f, 0x79, 0x8b, 0x5c, 0x3f,
  0xfb, 0x8e, 0x5c, 0x3f, 0x7e, 0x92, 0x5c, 0x3f, 0x00, 0x96, 0x5c, 0x3f,
  0x82, 0x99, 0x5c, 0x3f, 0x03, 0x9d, 0x5c, 0x3f, 0x85, 0xa0, 0x5c, 0x3f,
  0x07, 0xa4, 0x5c, 0x3f, 0x88, 0xa7, 0x5c, 0x3f, 0x0a, 0xab, 0x5c, 0x3f,
  0x8b, 0xae, 0x5c, 0x3f, 0x0d, 0xb2, 0x5c, 0x3f, 0x8e, 0xb5, 0x5c, 0x3f,
  0x10, 0xb9, 0x5c, 0x3f, 0x90, 0xbc, 0x5c, 0x3f, 0x12, 0xc0, 0x5c, 0x3f,
  0x93, 0xc3, 0x5c, 0x3f, 0x14, 0xc7, 0x5c, 0x3f, 0x95, 0xca, 0x5c, 0x3f,
  0x16, 0xce, 0x5c, 0x3f, 0x96, 0xd1, 0x5c, 0x3f, 0x17, 0xd5, 0x5c, 0x3f,
  0x98, 0xd8, 0x5c, 0x3f, 0x18, 0xdc, 0x5c, 0x3f, 0x99, 0xdf, 0x5c, 0x3f,
  0x19, 0xe3, 0x5c, 0x3f, 0x99, 0xe6, 0x5c, 0x3f, 0x1a, 0xea, 0x5c, 0x3f,
  0x9a, 0xed, 0x5c, 0x3f, 0x1a, 0xf1, 0x5c, 0x3f, 0x9a, 0xf4, 0x5c, 0x3f,
  0x1a, 0xf8, 0x5c, 0x3f, 0x9a, 0xfb, 0x5c, 0x3f, 0x19, 0xff, 0x5c, 0x3f,
  0x99, 0x02, 0x5d, 0x3f, 0x19, 0x06, 0x5d, 0x3f, 0x99, 0x09, 0x5d, 0x3f,
  0x18, 0x0d, 0x5d, 0x3f, 0x98, 0x10, 0x5d, 0x3f, 0x17, 0x14, 0x5d, 0x3f,
  0x97, 0x17, 0x5d, 0x3f, 0x15, 0x1b, 0x5d, 0x3f, 0x95, 0x1e, 0x5d, 0x3f,
  0x14, 0x22, 0x5d, 0x3f, 0x93, 0x25, 0x5d, 0x3f, 0x12, 0x29, 0x5d, 0x3f,
  0x91, 0x2c, 0x5d, 0x3f, 0x10, 0x30, 0x5d, 0x3f, 0x8e, 0x33, 0x5d, 0x3f,
  0x0d, 0x37, 0x5d, 0x3f, 0x8b, 0x3a, 0x5d, 0x3f, 0x0a, 0x3e, 0x5d, 0x3f,
  0x88, 0x41, 0x5d, 0x3f, 0x07, 0x45, 0x5d, 0x3f, 0x85, 0x48, 0x5d, 0x3f,
  0x03, 0x4c, 0x5d, 0x3f, 0x81, 0x4f, 0x5d, 0x3f, 0x00, 0x53, 0x5d, 0x3f,
  0x7e, 0x56, 0x5d, 0x3f, 0xfb, 0x59, 0x5d, 0x3f, 0x79, 0x5d, 0x5d, 0x3f,
  0xf7, 0x60, 0x5d, 0x3f, 0x75, 0x64, 0x5d, 0x3f, 0xf2, 0x67, 0x5d, 0x3f,
  0x70, 0x6b, 0x5d, 0x3f, 0xed, 0x6e, 0x5d, 0x3f, 0x6b, 0x72, 0x5d, 0x3f,
  0xe8, 0x75, 0x5d, 0x3f, 0x65, 0x79, 0x5d, 0x3f, 0xe2, 0x7c, 0x5d, 0x3f,
  0x60, 0x80, 0x5d, 0x3f, 0xdd, 0x83, 0x5d, 0x3f, 0x5a, 0x87, 0x5d, 0x3f,
  0xd7, 0x8a, 0x5d, 0x3f, 0x54, 0x8e, 0x5d, 0x3f, 0xd0, 0x91, 0x5d, 0x3f,
  0x4d, 0x95, 0x5d, 0x3f, 0xc9, 0x98, 0x5d, 0x3f, 0x46, 0x9c, 0x5d, 0x3f,
  0xc3, 0x9f, 0x5d, 0x3f, 0x3f, 0xa3, 0x5d, 0x3f, 0xbb, 0xa6, 0x5d, 0x3f,
  0x38, 0xaa, 0x5d, 0x3f, 0xb4, 0xad, 0x5d, 0x3f, 0x30, 0xb1, 0x5d, 0x3f,
  0xac, 0xb4, 0x5d, 0x3f, 0x28, 0xb8, 0x5d, 0x3f, 0xa4, 0xbb, 0x5d, 0x3f,
  0x20, 0xbf, 0x5d, 0x3f, 0x9b, 0xc2, 0x5d, 0x3f, 0x17, 0xc6, 0x5d, 0x3f,
  0x93, 0xc9, 0x5d, 0x3f, 0x0e, 0xcd, 0x5d, 0x3f, 0x8a, 0xd0, 0x5d, 0x3f,
  0x05, 0xd4, 0x5d, 0x3f, 0x81, 0xd7, 0x5d, 0x3f, 0xfc, 0xda, 0x5d, 0x3f,
  0x77, 0xde, 0x5d, 0x3f, 0xf2, 0xe1, 0x5d, 0x3f, 0x6d, 0xe5, 0x5d, 0x3f,
  0xe8, 0xe8, 0x5d, 0x3f, 0x63, 0xec, 0x5d, 0x3f, 0xde, 0xef, 0x5d, 0x3f,
  0x59, 0xf3, 0x5d, 0x3f, 0xd3, 0xf6, 0x5d, 0x3f, 0x4e, 0xfa, 0x5d, 0x3f,
  0xc8, 0xfd, 0x5d, 0x3f, 0x43, 0x01, 0x5e, 0x3f, 0xbd, 0x04, 0x5e, 0x3f,
  0x38, 0x08, 0x5e, 0x3f, 0xb2, 0x0b, 0x5e, 0x3f, 0x2c, 0x0f, 0x5e, 0x3f,
  0xa6, 0x12, 0x5e, 0x3f, 0x20, 0x16, 0x5e, 0x3f, 0x9a, 0x19, 0x5e, 0x3f,
  0x14, 0x1d, 0x5e, 0x3f, 0x8e, 0x20, 0x5e, 0x3f, 0x07, 0x24, 0x5e, 0x3f,
  0x81, 0x27, 0x5e, 0x3f, 0xfb, 0x2a, 0x5e, 0x3f, 0x74, 0x2e, 0x5e, 0x3f,
  0xee, 0x31, 0x5e, 0x3f, 0x67, 0x35, 0x5e, 0x3f, 0xe0, 0x38, 0x5e, 0x3f,
  0x5a, 0x3c, 0x5e, 0x3f, 0xd3, 0x3f, 0x5e, 0x3f, 0x4c, 0x43, 0x5e, 0x3f,
  0xc5, 0x46, 0x5e, 0x3f, 0x3e, 0x4a, 0x5e, 0x3f, 0xb7, 0x4d, 0x5e, 0x3f,
  0x30, 0x51, 0x5e, 0x3f, 0xa9, 0x54, 0x5e, 0x3f, 0x21, 0x58, 0x5e, 0x3f,
  0x9a, 0x5b, 0x5e, 0x3f, 0x12, 0x5f, 0x5e, 0x3f, 0x8b, 0x62, 0x5e, 0x3f,
  0x03, 0x66, 0x5e, 0x3f, 0x7b, 0x69, 0x5e, 0x3f, 0xf4, 0x6c, 0x5e, 0x3f,
  0x6c, 0x70, 0x5e, 0x3f, 0xe4, 0x73, 0x5e, 0x3f, 0x5c, 0x77, 0x5e, 0x3f,
  0xd4, 0x7a, 0x5e, 0x3f, 0x4c, 0x7e, 0x5e, 0x3f, 0xc4, 0x81, 0x5e, 0x3f,
  0x3b, 0x85, 0x5e, 0x3f, 0xb3, 0x88, 0x5e, 0x3f, 0x2b, 0x8c, 0x5e, 0x3f,
  0xa2, 0x8f, 0x5e, 0x3f, 0x1a, 0x93, 0x5e, 0x3f, 0x91, 0x96, 0x5e, 0x3f,
  0x08, 0x9a, 0x5e, 0x3f, 0x80, 0x9d, 0x5e, 0x3f, 0xf7, 0xa0, 0x5e, 0x3f,
  0x6e, 0xa4, 0x5e, 0x3f, 0xe5, 0xa7, 0x5e, 0x3f, 0x5c, 0xab, 0x5e, 0x3f,
  0xd3, 0xae, 0x5e, 0x3f, 0x4a, 0xb2, 0x5e, 0x3f, 0xc0, 0xb5, 0x5e, 0x3f,
  0x37, 0xb9, 0x5e, 0x3f, 0xae, 0xbc, 0x5e, 0x3f, 0x24, 0xc0, 0x5e, 0x3f,
  0x9b, 0xc3, 0x5e, 0x3f, 0x11, 0xc7, 0x5e, 0x3f, 0x88, 0xca, 0x5e, 0x3f,
  0xfe, 0xcd, 0x5e, 0x3f, 0x74, 0xd1, 0x5e, 0x3f, 0xea, 0xd4, 0x5e, 0x3f,
  0x60, 0xd8, 0x5e, 0x3f, 0xd6, 0xdb, 0x5e, 0x3f, 0x4c, 0xdf, 0x5e, 0x3f,
  0xc2, 0xe2, 0x5e, 0x3f, 0x38, 0xe6, 0x5e, 0x3f, 0xad, 0xe9, 0x5e, 0x3f,
  0x23, 0xed, 0x5e, 0x3f, 0x99, 0xf0, 0x5e, 0x3f, 0x0e, 0xf4, 0x5e, 0x3f,
  0x83, 0xf7, 0x5e, 0x3f, 0xf8, 0xfa, 0x5e, 0x3f, 0x6e, 0xfe, 0x5e, 0x3f,
  0xe3, 0x01, 0x5f, 0x3f, 0x58, 0x05, 0x5f, 0x3f, 0xcd, 0x08, 0x5f, 0x3f,
  0x42, 0x0c, 0x5f, 0x3f, 0xb7, 0x0f, 0x5f, 0x3f, 0x2c, 0x13, 0x5f, 0x3f,
  0xa1, 0x16, 0x5f, 0x3f, 0x15, 0x1a, 0x5f, 0x3f, 0x8a, 0x1d, 0x5f, 0x3f,
  0xff, 0x20, 0x5f, 0x3f, 0x73, 0x24, 0x5f, 0x3f, 0xe8, 0x27, 0x5f, 0x3f,
  0x5c, 0x2b, 0x5f, 0x3f, 0xd0, 0x2e, 0x5f, 0x3f, 0x44, 0x32, 0x5f, 0x3f,
  0xb8, 0x35, 0x5f, 0x3f, 0x2c, 0x39, 0x5f, 0x3f, 0xa1, 0x3c, 0x5f, 0x3f,
  0x14, 0x40, 0x5f, 0x3f, 0x88, 0x43, 0x5f, 0x3f, 0xfc, 0x46, 0x5f, 0x3f,
  0x70, 0x4a, 0x5f, 0x3f, 0xe4, 0x4d, 0x5f, 0x3f, 0x57, 0x51, 0x5f, 0x3f,
  0xca, 0x54, 0x5f, 0x3f, 0x3e, 0x58, 0x5f, 0x3f, 0xb1, 0x5b, 0x5f, 0x3f,
  0x25, 0x5f, 0x5f, 0x3f, 0x98, 0x62, 0x5f, 0x3f, 0x0b, 0x66, 0x5f, 0x3f,
  0x7e, 0x69, 0x5f, 0x3f, 0xf1, 0x6c, 0x5f, 0x3f, 0x64, 0x70, 0x5f, 0x3f,
  0xd7, 0x73, 0x5f, 0x3f, 0x4a, 0x77, 0x5f, 0x3f, 0xbc, 0x7a, 0x5f, 0x3f,
  0x2f, 0x7e, 0x5f, 0x3f, 0xa2, 0x81, 0x5f, 0x3f, 0x14, 0x85, 0x5f, 0x3f,
  0x87, 0x88, 0x5f, 0x3f, 0xf9, 0x8b, 0x5f, 0x3f, 0x6b, 0x8f, 0x5f, 0x3f,
  0xde, 0x92, 0x5f, 0x3f, 0x50, 0x96, 0x5f, 0x3f, 0xc2, 0x99, 0x5f, 0x3f,
  0x34, 0x9d, 0x5f, 0x3f, 0xa6, 0xa0, 0x5f, 0x3f, 0x18, 0xa4, 0x5f, 0x3f,
  0x8a, 0xa7, 0x5f, 0x3f, 0xfc, 0xaa, 0x5f, 0x3f, 0x6d, 0xae, 0x5f, 0x3f,
  0xdf, 0xb1, 0x5f, 0x3f, 0x50, 0xb5, 0x5f, 0x3f, 0xc2, 0xb8, 0x5f, 0x3f,
  0x33, 0xbc, 0x5f, 0x3f, 0xa5, 0xbf, 0x5f, 0x3f, 0x16, 0xc3, 0x5f, 0x3f,
  0x87, 0xc6, 0x5f, 0x3f, 0xf8, 0xc9, 0x5f, 0x3f, 0x69, 0xcd, 0x5f, 0x3f,
  0xda, 0xd0, 0x5f, 0x3f, 0x4b, 0xd4, 0x5f, 0x3f, 0xbc, 0xd7, 0x5f, 0x3f,
  0x2d, 0xdb, 0x5f, 0x3f, 0x9d, 0xde, 0x5f, 0x3f, 0x0e, 0xe2, 0x5f, 0x3f,
  0x7f, 0xe5, 0x5f, 0x3f, 0xef, 0xe8, 0x5f, 0x3f, 0x5f, 0xec, 0x5f, 0x3f,
  0xd0, 0xef, 0x5f, 0x3f, 0x40, 0xf3, 0x5f, 0x3f, 0xb0, 0xf6, 0x5f, 0x3f,
  0x21, 0xfa, 0x5f, 0x3f, 0x91, 0xfd, 0x5f, 0x3f, 0x01, 0x01, 0x60, 0x3f,
  0x71, 0x04, 0x60, 0x3f, 0xe1, 0x07, 0x60, 0x3f, 0x50, 0x0b, 0x60, 0x3f,
  0xc0, 0x0e, 0x60, 0x3f, 0x30, 0x12, 0x60, 0x3f, 0x9f, 0x15, 0x60, 0x3f,
  0x0f, 0x19, 0x60, 0x3f, 0x7e, 0x1c, 0x60, 0x3f, 0xee, 0x1f, 0x60, 0x3f,
  0x5d, 0x23, 0x60, 0x3f, 0xcc, 0x26, 0x60, 0x3f, 0x3b, 0x2a, 0x60, 0x3f,
  0xaa, 0x2d, 0x60, 0x3f, 0x19, 0x31, 0x60, 0x3f, 0x88, 0x34, 0x60, 0x3f,
  0xf7, 0x37, 0x60, 0x3f, 0x66, 0x3b, 0x60, 0x3f, 0xd5, 0x3e, 0x60, 0x3f,
  0x44, 0x42, 0x60, 0x3f, 0xb3, 0x45, 0x60, 0x3f, 0x21, 0x49, 0x60, 0x3f,
  0x8f, 0x4c, 0x60, 0x3f, 0xfe, 0x4f, 0x60, 0x3f, 0x6c, 0x53, 0x60, 0x3f,
  0xda, 0x56, 0x60, 0x3f, 0x49, 0x5a, 0x60, 0x3f, 0xb7, 0x5d, 0x60, 0x3f,
  0x25, 0x61, 0x60, 0x3f, 0x93, 0x64, 0x60, 0x3f, 0x01, 0x68, 0x60, 0x3f,
  0x6e, 0x6b, 0x60, 0x3f, 0xdc, 0x6e, 0x60, 0x3f, 0x4a, 0x72, 0x60, 0x3f,
  0xb8, 0x75, 0x60, 0x3f, 0x25, 0x79, 0x60, 0x3f, 0x93, 0x7c, 0x60, 0x3f,
  0x01, 0x80, 0x60, 0x3f, 0x6e, 0x83, 0x60, 0x3f, 0xdb, 0x86, 0x60, 0x3f,
  0x48, 0x8a, 0x60, 0x3f, 0xb5, 0x8d, 0x60, 0x3f, 0x23, 0x91, 0x60, 0x3f,
  0x90, 0x94, 0x60, 0x3f, 0xfd, 0x97, 0x60, 0x3f, 0x6a, 0x9b, 0x60, 0x3f,
  0xd7, 0x9e, 0x60, 0x3f, 0x43, 0xa2, 0x60, 0x3f, 0xb0, 0xa5, 0x60, 0x3f,
  0x1c, 0xa9, 0x60, 0x3f, 0x89, 0xac, 0x60, 0x3f, 0xf5, 0xaf, 0x60, 0x3f,
  0x62, 0xb3, 0x60, 0x3f, 0xce, 0xb6, 0x60, 0x3f, 0x3b, 0xba, 0x60, 0x3f,
  0xa7, 0xbd, 0x60, 0x3f, 0x13, 0xc1, 0x60, 0x3f, 0x7f, 0xc4, 0x60, 0x3f,
  0xeb, 0xc7, 0x60, 0x3f, 0x57, 0xcb, 0x60, 0x3f, 0xc3, 0xce, 0x60, 0x3f,
  0x2f, 0xd2, 0x60, 0x3f, 0x9a, 0xd5, 0x60, 0x3f, 0x06, 0xd9, 0x60, 0x3f,
  0x72, 0xdc, 0x60, 0x3f, 0xdd, 0xdf, 0x60, 0x3f, 0x49, 0xe3, 0x60, 0x3f,
  0xb4, 0xe6, 0x60, 0x3f, 0x1f, 0xea, 0x60, 0x3f, 0x8a, 0xed, 0x60, 0x3f,
  0xf6, 0xf0, 0x60, 0x3f, 0x61, 0xf4, 0x60, 0x3f, 0xcc, 0xf7, 0x60, 0x3f,
  0x37, 0xfb, 0x60, 0x3f, 0xa2, 0xfe, 0x60, 0x3f, 0x0d, 0x02, 0x61, 0x3f,
  0x77, 0x05, 0x61, 0x3f, 0xe2, 0x08, 0x61, 0x3f, 0x4d, 0x0c, 0x61, 0x3f,
  0xb7, 0x0f, 0x61, 0x3f, 0x22, 0x13, 0x61, 0x3f, 0x8c, 0x16, 0x61, 0x3f,
  0xf7, 0x19, 0x61, 0x3f, 0x61, 0x1d, 0x61, 0x3f, 0xcb, 0x20, 0x61, 0x3f,
  0x35, 0x24, 0x61, 0x3f, 0x9f, 0x27, 0x61, 0x3f, 0x09, 0x2b, 0x61, 0x3f,
  0x73, 0x2e, 0x61, 0x3f, 0xdd, 0x31, 0x61, 0x3f, 0x47, 0x35, 0x61, 0x3f,
  0xb1, 0x38, 0x61, 0x3f, 0x1b, 0x3c, 0x61, 0x3f, 0x84, 0x3f, 0x61, 0x3f,
  0xed, 0x42, 0x61, 0x3f, 0x57, 0x46, 0x61, 0x3f, 0xc0, 0x49, 0x61, 0x3f,
  0x2a, 0x4d, 0x61, 0x3f, 0x93, 0x50, 0x61, 0x3f, 0xfc, 0x53, 0x61, 0x3f,
  0x66, 0x57, 0x61, 0x3f, 0xcf, 0x5a, 0x61, 0x3f, 0x38, 0x5e, 0x61, 0x3f,
  0xa0, 0x61, 0x61, 0x3f, 0x09, 0x65, 0x61, 0x3f, 0x72, 0x68, 0x61, 0x3f,
  0xdb, 0x6b, 0x61, 0x3f, 0x44, 0x6f, 0x61, 0x3f, 0xac, 0x72, 0x61, 0x3f,
  0x15, 0x76, 0x61, 0x3f, 0x7d, 0x79, 0x61, 0x3f, 0xe6, 0x7c, 0x61, 0x3f,
  0x4e, 0x80, 0x61, 0x3f, 0xb6, 0x83, 0x61, 0x3f, 0x1e, 0x87, 0x61, 0x3f,
  0x86, 0x8a, 0x61, 0x3f, 0xee, 0x8d, 0x61, 0x3f, 0x57, 0x91, 0x61, 0x3f,
  0xbf, 0x94, 0x61, 0x3f, 0x26, 0x98, 0x61, 0x3f, 0x8e, 0x9b, 0x61, 0x3f,
  0xf6, 0x9e, 0x61, 0x3f, 0x5d, 0xa2, 0x61, 0x3f, 0xc5, 0xa5, 0x61, 0x3f,
  0x2c, 0xa9, 0x61, 0x3f, 0x94, 0xac, 0x61, 0x3f, 0xfb, 0xaf, 0x61, 0x3f,
  0x63, 0xb3, 0x61, 0x3f, 0xca, 0xb6, 0x61, 0x3f, 0x31, 0xba, 0x61, 0x3f,
  0x98, 0xbd, 0x61, 0x3f, 0xff, 0xc0, 0x61, 0x3f, 0x66, 0xc4, 0x61, 0x3f,
  0xcd, 0xc7, 0x61, 0x3f, 0x34, 0xcb, 0x61, 0x3f, 0x9b, 0xce, 0x61, 0x3f,
  0x01, 0xd2, 0x61, 0x3f, 0x68, 0xd5, 0x61, 0x3f, 0xcf, 0xd8, 0x61, 0x3f,
  0x35, 0xdc, 0x61, 0x3f, 0x9b, 0xdf, 0x61, 0x3f, 0x02, 0xe3, 0x61, 0x3f,
  0x68, 0xe6, 0x61, 0x3f, 0xce, 0xe9, 0x61, 0x3f, 0x35, 0xed, 0x61, 0x3f,
  0x9b, 0xf0, 0x61, 0x3f, 0x01, 0xf4, 0x61, 0x3f, 0x67, 0xf7, 0x61, 0x3f,
  0xcc, 0xfa, 0x61, 0x3f, 0x32, 0xfe, 0x61, 0x3f, 0x98, 0x01, 0x62, 0x3f,
  0xfe, 0x04, 0x62, 0x3f, 0x63, 0x08, 0x62, 0x3f, 0xc9, 0x0b, 0x62, 0x3f,
  0x2e, 0x0f, 0x62, 0x3f, 0x94, 0x12, 0x62, 0x3f, 0xf9, 0x15, 0x62, 0x3f,
  0x5e, 0x19, 0x62, 0x3f, 0xc3, 0x1c, 0x62, 0x3f, 0x29, 0x20, 0x62, 0x3f,
  0x8e, 0x23, 0x62, 0x3f, 0xf3, 0x26, 0x62, 0x3f, 0x58, 0x2a, 0x62, 0x3f,
  0xbd, 0x2d, 0x62, 0x3f, 0x22, 0x31, 0x62, 0x3f, 0x86, 0x34, 0x62, 0x3f,
  0xeb, 0x37, 0x62, 0x3f, 0x4f, 0x3b, 0x62, 0x3f, 0xb4, 0x3e, 0x62, 0x3f,
  0x18, 0x42, 0x62, 0x3f, 0x7d, 0x45, 0x62, 0x3f, 0xe1, 0x48, 0x62, 0x3f,
  0x46, 0x4c, 0x62, 0x3f, 0xaa, 0x4f, 0x62, 0x3f, 0x0e, 0x53, 0x62, 0x3f,
  0x72, 0x56, 0x62, 0x3f, 0xd6, 0x59, 0x62, 0x3f, 0x3a, 0x5d, 0x62, 0x3f,
  0x9e, 0x60, 0x62, 0x3f, 0x02, 0x64, 0x62, 0x3f, 0x65, 0x67, 0x62, 0x3f,
  0xc9, 0x6a, 0x62, 0x3f, 0x2d, 0x6e, 0x62, 0x3f, 0x90, 0x71, 0x62, 0x3f,
  0xf3, 0x74, 0x62, 0x3f, 0x57, 0x78, 0x62, 0x3f, 0xba, 0x7b, 0x62, 0x3f,
  0x1e, 0x7f, 0x62, 0x3f, 0x81, 0x82, 0x62, 0x3f, 0xe4, 0x85, 0x62, 0x3f,
  0x47, 0x89, 0x62, 0x3f, 0xaa, 0x8c, 0x62, 0x3f, 0x0d, 0x90, 0x62, 0x3f,
  0x70, 0x93, 0x62, 0x3f, 0xd3, 0x96, 0x62, 0x3f, 0x35, 0x9a, 0x62, 0x3f,
  0x98, 0x9d, 0x62, 0x3f, 0xfb, 0xa0, 0x62, 0x3f, 0x5d, 0xa4, 0x62, 0x3f,
  0xc0, 0xa7, 0x62, 0x3f, 0x22, 0xab, 0x62, 0x3f, 0x85, 0xae, 0x62, 0x3f,
  0xe7, 0xb1, 0x62, 0x3f, 0x49, 0xb5, 0x62, 0x3f, 0xab, 0xb8, 0x62, 0x3f,
  0x0d, 0xbc, 0x62, 0x3f, 0x6f, 0xbf, 0x62, 0x3f, 0xd1, 0xc2, 0x62, 0x3f,
  0x33, 0xc6, 0x62, 0x3f, 0x95, 0xc9, 0x62, 0x3f, 0xf7, 0xcc, 0x62, 0x3f,
  0x58, 0xd0, 0x62, 0x3f, 0xba, 0xd3, 0x62, 0x3f, 0x1b, 0xd7, 0x62, 0x3f,
  0x7d, 0xda, 0x62, 0x3f, 0xde, 0xdd, 0x62, 0x3f, 0x40, 0xe1, 0x62, 0x3f,
  0xa1, 0xe4, 0x62, 0x3f, 0x02, 0xe8, 0x62, 0x3f, 0x63, 0xeb, 0x62, 0x3f,
  0xc4, 0xee, 0x62, 0x3f, 0x25, 0xf2, 0x62, 0x3f, 0x86, 0xf5, 0x62, 0x3f,
  0xe7, 0xf8, 0x62, 0x3f, 0x48, 0xfc, 0x62, 0x3f, 0xa9, 0xff, 0x62, 0x3f,
  0x0a, 0x03, 0x63, 0x3f, 0x6a, 0x06, 0x63, 0x3f, 0xcb, 0x09, 0x63, 0x3f,
  0x2b, 0x0d, 0x63, 0x3f, 0x8b, 0x10, 0x63, 0x3f, 0xec, 0x13, 0x63, 0x3f,
  0x4c, 0x17, 0x63, 0x3f, 0xac, 0x1a, 0x63, 0x3f, 0x0c, 0x1e, 0x63, 0x3f,
  0x6d, 0x21, 0x63, 0x3f, 0xcd, 0x24, 0x63, 0x3f, 0x2d, 0x28, 0x63, 0x3f,
  0x8c, 0x2b, 0x63, 0x3f, 0xec, 0x2e, 0x63, 0x3f, 0x4c, 0x32, 0x63, 0x3f,
  0xac, 0x35, 0x63, 0x3f, 0x0b, 0x39, 0x63, 0x3f, 0x6b, 0x3c, 0x63, 0x3f,
  0xca, 0x3f, 0x63, 0x3f, 0x2a, 0x43, 0x63, 0x3f, 0x89, 0x46, 0x63, 0x3f,
  0xe8, 0x49, 0x63, 0x3f, 0x47, 0x4d, 0x63, 0x3f, 0xa7, 0x50, 0x63, 0x3f,
  0x06, 0x54, 0x63, 0x3f, 0x65, 0x57, 0x63, 0x3f, 0xc4, 0x5a, 0x63, 0x3f,
  0x23, 0x5e, 0x63, 0x3f, 0x82, 0x61, 0x63, 0x3f, 0xe1, 0x64, 0x63, 0x3f,
  0x3f, 0x68, 0x63, 0x3f, 0x9d, 0x6b, 0x63, 0x3f, 0xfc, 0x6e, 0x63, 0x3f,
  0x5b, 0x72, 0x63, 0x3f, 0xb9, 0x75, 0x63, 0x3f, 0x18, 0x79, 0x63, 0x3f,
  0x76, 0x7c, 0x63, 0x3f, 0xd4, 0x7f, 0x63, 0x3f, 0x32, 0x83, 0x63, 0x3f,
  0x90, 0x86, 0x63, 0x3f, 0xee, 0x89, 0x63, 0x3f, 0x4c, 0x8d, 0x63, 0x3f,
  0xaa, 0x90, 0x63, 0x3f, 0x08, 0x94, 0x63, 0x3f, 0x66, 0x97, 0x63, 0x3f,
  0xc4, 0x9a, 0x63, 0x3f, 0x21, 0x9e, 0x63, 0x3f, 0x7f, 0xa1, 0x63, 0x3f,
  0xdc, 0xa4, 0x63, 0x3f, 0x3a, 0xa8, 0x63, 0x3f, 0x97, 0xab, 0x63, 0x3f,
  0xf4, 0xae, 0x63, 0x3f, 0x52, 0xb2, 0x63, 0x3f, 0xaf, 0xb5, 0x63, 0x3f,
  0x0c, 0xb9, 0x63, 0x3f, 0x69, 0xbc, 0x63, 0x3f, 0xc6, 0xbf, 0x63, 0x3f,
  0x23, 0xc3, 0x63, 0x3f, 0x80, 0xc6, 0x63, 0x3f, 0xdd, 0xc9, 0x63, 0x3f,
  0x39, 0xcd, 0x63, 0x3f, 0x96, 0xd0, 0x63, 0x3f, 0xf3, 0xd3, 0x63, 0x3f,
  0x4f, 0xd7, 0x63, 0x3f, 0xac, 0xda, 0x63, 0x3f, 0x08, 0xde, 0x63, 0x3f,
  0x65, 0xe1, 0x63, 0x3f, 0xc0, 0xe4, 0x63, 0x3f, 0x1d, 0xe8, 0x63, 0x3f,
  0x79, 0xeb, 0x63, 0x3f, 0xd5, 0xee, 0x63, 0x3f, 0x31, 0xf2, 0x63, 0x3f,
  0x8d, 0xf5, 0x63, 0x3f, 0xe9, 0xf8, 0x63, 0x3f, 0x45, 0xfc, 0x63, 0x3f,
  0xa1, 0xff, 0x63, 0x3f, 0xfc, 0x02, 0x64, 0x3f, 0x58, 0x06, 0x64, 0x3f,
  0xb3, 0x09, 0x64, 0x3f, 0x0f, 0x0d, 0x64, 0x3f, 0x6a, 0x10, 0x64, 0x3f,
  0xc6, 0x13, 0x64, 0x3f, 0x21, 0x17, 0x64, 0x3f, 0x7c, 0x1a, 0x64, 0x3f,
  0xd8, 0x1d, 0x64, 0x3f, 0x32, 0x21, 0x64, 0x3f, 0x8d, 0x24, 0x64, 0x3f,
  0xe8, 0x27, 0x64, 0x3f, 0x43, 0x2b, 0x64, 0x3f, 0x9e, 0x2e, 0x64, 0x3f,
  0xf9, 0x31, 0x64, 0x3f, 0x54, 0x35, 0x64, 0x3f, 0xae, 0x38, 0x64, 0x3f,
  0x09, 0x3c, 0x64, 0x3f, 0x63, 0x3f, 0x64, 0x3f, 0xbe, 0x42, 0x64, 0x3f,
  0x18, 0x46, 0x64, 0x3f, 0x72, 0x49, 0x64, 0x3f, 0xcd, 0x4c, 0x64, 0x3f,
  0x27, 0x50, 0x64, 0x3f, 0x81, 0x53, 0x64, 0x3f, 0xdb, 0x56, 0x64, 0x3f,
  0x35, 0x5a, 0x64, 0x3f, 0x8f, 0x5d, 0x64, 0x3f, 0xe9, 0x60, 0x64, 0x3f,
  0x43, 0x64, 0x64, 0x3f, 0x9c, 0x67, 0x64, 0x3f, 0xf6, 0x6a, 0x64, 0x3f,
  0x50, 0x6e, 0x64, 0x3f, 0xa9, 0x71, 0x64, 0x3f, 0x03, 0x75, 0x64, 0x3f,
  0x5c, 0x78, 0x64, 0x3f, 0xb5, 0x7b, 0x64, 0x3f, 0x0f, 0x7f, 0x64, 0x3f,
  0x68, 0x82, 0x64, 0x3f, 0xc1, 0x85, 0x64, 0x3f, 0x1a, 0x89, 0x64, 0x3f,
  0x73, 0x8c, 0x64, 0x3f, 0xcc, 0x8f, 0x64, 0x3f, 0x25, 0x93, 0x64, 0x3f,
  0x7e, 0x96, 0x64, 0x3f, 0xd6, 0x99, 0x64, 0x3f, 0x2f, 0x9d, 0x64, 0x3f,
  0x88, 0xa0, 0x64, 0x3f, 0xe1, 0xa3, 0x64, 0x3f, 0x39, 0xa7, 0x64, 0x3f,
  0x92, 0xaa, 0x64, 0x3f, 0xea, 0xad, 0x64, 0x3f, 0x42, 0xb1, 0x64, 0x3f,
  0x9b, 0xb4, 0x64, 0x3f, 0xf2, 0xb7, 0x64, 0x3f, 0x4b, 0xbb, 0x64, 0x3f,
  0xa3, 0xbe, 0x64, 0x3f, 0xfb, 0xc1, 0x64, 0x3f, 0x53, 0xc5, 0x64, 0x3f,
  0xab, 0xc8, 0x64, 0x3f, 0x02, 0xcc, 0x64, 0x3f, 0x5a, 0xcf, 0x64, 0x3f,
  0xb2, 0xd2, 0x64, 0x3f, 0x09, 0xd6, 0x64, 0x3f, 0x61, 0xd9, 0x64, 0x3f,
  0xb8, 0xdc, 0x64, 0x3f, 0x10, 0xe0, 0x64, 0x3f, 0x67, 0xe3, 0x64, 0x3f,
  0xbe, 0xe6, 0x64, 0x3f, 0x16, 0xea, 0x64, 0x3f, 0x6d, 0xed, 0x64, 0x3f,
  0xc4, 0xf0, 0x64, 0x3f, 0x1b, 0xf4, 0x64, 0x3f, 0x72, 0xf7, 0x64, 0x3f,
  0xc9, 0xfa, 0x64, 0x3f, 0x20, 0xfe, 0x64, 0x3f, 0x76, 0x01, 0x65, 0x3f,
  0xcd, 0x04, 0x65, 0x3f, 0x24, 0x08, 0x65, 0x3f, 0x7a, 0x0b, 0x65, 0x3f,
  0xd1, 0x0e, 0x65, 0x3f, 0x27, 0x12, 0x65, 0x3f, 0x7d, 0x15, 0x65, 0x3f,
  0xd4, 0x18, 0x65, 0x3f, 0x2a, 0x1c, 0x65, 0x3f, 0x80, 0x1f, 0x65, 0x3f,
  0xd7, 0x22, 0x65, 0x3f, 0x2d, 0x26, 0x65, 0x3f, 0x83, 0x29, 0x65, 0x3f,
  0xd9, 0x2c, 0x65, 0x3f, 0x2e, 0x30, 0x65, 0x3f, 0x84, 0x33, 0x65, 0x3f,
  0xda, 0x36, 0x65, 0x3f, 0x2f, 0x3a, 0x65, 0x3f, 0x85, 0x3d, 0x65, 0x3f,
  0xdb, 0x40, 0x65, 0x3f, 0x30, 0x44, 0x65, 0x3f, 0x86, 0x47, 0x65, 0x3f,
  0xdb, 0x4a, 0x65, 0x3f, 0x30, 0x4e, 0x65, 0x3f, 0x85, 0x51, 0x65, 0x3f,
  0xdb, 0x54, 0x65, 0x3f, 0x30, 0x58, 0x65, 0x3f, 0x85, 0x5b, 0x65, 0x3f,
  0xda, 0x5e, 0x65, 0x3f, 0x2f, 0x62, 0x65, 0x3f, 0x84, 0x65, 0x65, 0x3f,
  0xd9, 0x68, 0x65, 0x3f, 0x2d, 0x6c, 0x65, 0x3f, 0x81, 0x6f, 0x65, 0x3f,
  0xd6, 0x72, 0x65, 0x3f, 0x2b, 0x76, 0x65, 0x3f, 0x7f, 0x79, 0x65, 0x3f,
  0xd4, 0x7c, 0x65, 0x3f, 0x28, 0x80, 0x65, 0x3f, 0x7c, 0x83, 0x65, 0x3f,
  0xd1, 0x86, 0x65, 0x3f, 0x24, 0x8a, 0x65, 0x3f, 0x78, 0x8d, 0x65, 0x3f,
  0xcd, 0x90, 0x65, 0x3f, 0x21, 0x94, 0x65, 0x3f, 0x75, 0x97, 0x65, 0x3f,
  0xc8, 0x9a, 0x65, 0x3f, 0x1c, 0x9e, 0x65, 0x3f, 0x70, 0xa1, 0x65, 0x3f,
  0xc4, 0xa4, 0x65, 0x3f, 0x17, 0xa8, 0x65, 0x3f, 0x6a, 0xab, 0x65, 0x3f,
  0xbe, 0xae, 0x65, 0x3f, 0x11, 0xb2, 0x65, 0x3f, 0x65, 0xb5, 0x65, 0x3f,
  0xb8, 0xb8, 0x65, 0x3f, 0x0b, 0xbc, 0x65, 0x3f, 0x5e, 0xbf, 0x65, 0x3f,
  0xb2, 0xc2, 0x65, 0x3f, 0x04, 0xc6, 0x65, 0x3f, 0x57, 0xc9, 0x65, 0x3f,
  0xaa, 0xcc, 0x65, 0x3f, 0xfd, 0xcf, 0x65, 0x3f, 0x50, 0xd3, 0x65, 0x3f,
  0xa2, 0xd6, 0x65, 0x3f, 0xf5, 0xd9, 0x65, 0x3f, 0x48, 0xdd, 0x65, 0x3f,
  0x9a, 0xe0, 0x65, 0x3f, 0xec, 0xe3, 0x65, 0x3f, 0x3f, 0xe7, 0x65, 0x3f,
  0x91, 0xea, 0x65, 0x3f, 0xe3, 0xed, 0x65, 0x3f, 0x36, 0xf1, 0x65, 0x3f,
  0x88, 0xf4, 0x65, 0x3f, 0xda, 0xf7, 0x65, 0x3f, 0x2c, 0xfb, 0x65, 0x3f,
  0x7e, 0xfe, 0x65, 0x3f, 0xcf, 0x01, 0x66, 0x3f, 0x21, 0x05, 0x66, 0x3f,
  0x73, 0x08, 0x66, 0x3f, 0xc5, 0x0b, 0x66, 0x3f, 0x16, 0x0f, 0x66, 0x3f,
  0x68, 0x12, 0x66, 0x3f, 0xb9, 0x15, 0x66, 0x3f, 0x0b, 0x19, 0x66, 0x3f,
  0x5c, 0x1c, 0x66, 0x3f, 0xad, 0x1f, 0x66, 0x3f, 0xfe, 0x22, 0x66, 0x3f,
  0x50, 0x26, 0x66, 0x3f, 0xa1, 0x29, 0x66, 0x3f, 0xf2, 0x2c, 0x66, 0x3f,
  0x43, 0x30, 0x66, 0x3f, 0x94, 0x33, 0x66, 0x3f, 0xe5, 0x36, 0x66, 0x3f,
  0x36, 0x3a, 0x66, 0x3f, 0x86, 0x3d, 0x66, 0x3f, 0xd7, 0x40, 0x66, 0x3f,
  0x27, 0x44, 0x66, 0x3f, 0x78, 0x47, 0x66, 0x3f, 0xc8, 0x4a, 0x66, 0x3f,
  0x19, 0x4e, 0x66, 0x3f, 0x69, 0x51, 0x66, 0x3f, 0xba, 0x54, 0x66, 0x3f,
  0x0a, 0x58, 0x66, 0x3f, 0x5a, 0x5b, 0x66, 0x3f, 0xaa, 0x5e, 0x66, 0x3f,
  0xfa, 0x61, 0x66, 0x3f, 0x4a, 0x65, 0x66, 0x3f, 0x9a, 0x68, 0x66, 0x3f,
  0xea, 0x6b, 0x66, 0x3f, 0x3a, 0x6f, 0x66, 0x3f, 0x89, 0x72, 0x66, 0x3f,
  0xd9, 0x75, 0x66, 0x3f, 0x28, 0x79, 0x66, 0x3f, 0x78, 0x7c, 0x66, 0x3f,
  0xc7, 0x7f, 0x66, 0x3f, 0x17, 0x83, 0x66, 0x3f, 0x66, 0x86, 0x66, 0x3f,
  0xb5, 0x89, 0x66, 0x3f, 0x05, 0x8d, 0x66, 0x3f, 0x54, 0x90, 0x66, 0x3f,
  0xa3, 0x93, 0x66, 0x3f, 0xf2, 0x96, 0x66, 0x3f, 0x41, 0x9a, 0x66, 0x3f,
  0x90, 0x9d, 0x66, 0x3f, 0xdf, 0xa0, 0x66, 0x3f, 0x2d, 0xa4, 0x66, 0x3f,
  0x7c, 0xa7, 0x66, 0x3f, 0xcb, 0xaa, 0x66, 0x3f, 0x1a, 0xae, 0x66, 0x3f,
  0x68, 0xb1, 0x66, 0x3f, 0xb7, 0xb4, 0x66, 0x3f, 0x05, 0xb8, 0x66, 0x3f,
  0x53, 0xbb, 0x66, 0x3f, 0xa1, 0xbe, 0x66, 0x3f, 0xf0, 0xc1, 0x66, 0x3f,
  0x3e, 0xc5, 0x66, 0x3f, 0x8c, 0xc8, 0x66, 0x3f, 0xda, 0xcb, 0x66, 0x3f,
  0x28, 0xcf, 0x66, 0x3f, 0x76, 0xd2, 0x66, 0x3f, 0xc3, 0xd5, 0x66, 0x3f,
  0x11, 0xd9, 0x66, 0x3f, 0x5f, 0xdc, 0x66, 0x3f, 0xad, 0xdf, 0x66, 0x3f,
  0xfa, 0xe2, 0x66, 0x3f, 0x48, 0xe6, 0x66, 0x3f, 0x95, 0xe9, 0x66, 0x3f,
  0xe3, 0xec, 0x66, 0x3f, 0x30, 0xf0, 0x66, 0x3f, 0x7d, 0xf3, 0x66, 0x3f,
  0xca, 0xf6, 0x66, 0x3f, 0x18, 0xfa, 0x66, 0x3f, 0x65, 0xfd, 0x66, 0x3f,
  0xb2, 0x00, 0x67, 0x3f, 0xff, 0x03, 0x67, 0x3f, 0x4c, 0x07, 0x67, 0x3f,
  0x99, 0x0a, 0x67, 0x3f, 0xe6, 0x0d, 0x67, 0x3f, 0x32, 0x11, 0x67, 0x3f,
  0x7f, 0x14, 0x67, 0x3f, 0xcb, 0x17, 0x67, 0x3f, 0x18, 0x1b, 0x67, 0x3f,
  0x64, 0x1e, 0x67, 0x3f, 0xb1, 0x21, 0x67, 0x3f, 0xfd, 0x24, 0x67, 0x3f,
  0x4a, 0x28, 0x67, 0x3f, 0x96, 0x2b, 0x67, 0x3f, 0xe2, 0x2e, 0x67, 0x3f,
  0x2e, 0x32, 0x67, 0x3f, 0x7a, 0x35, 0x67, 0x3f, 0xc6, 0x38, 0x67, 0x3f,
  0x12, 0x3c, 0x67, 0x3f, 0x5e, 0x3f, 0x67, 0x3f, 0xaa, 0x42, 0x67, 0x3f,
  0xf5, 0x45, 0x67, 0x3f, 0x41, 0x49, 0x67, 0x3f, 0x8c, 0x4c, 0x67, 0x3f,
  0xd8, 0x4f, 0x67, 0x3f, 0x23, 0x53, 0x67, 0x3f, 0x6f, 0x56, 0x67, 0x3f,
  0xba, 0x59, 0x67, 0x3f, 0x06, 0x5d, 0x67, 0x3f, 0x51, 0x60, 0x67, 0x3f,
  0x9c, 0x63, 0x67, 0x3f, 0xe7, 0x66, 0x67, 0x3f, 0x32, 0x6a, 0x67, 0x3f,
  0x7d, 0x6d, 0x67, 0x3f, 0xc8, 0x70, 0x67, 0x3f, 0x13, 0x74, 0x67, 0x3f,
  0x5e, 0x77, 0x67, 0x3f, 0xa8, 0x7a, 0x67, 0x3f, 0xf3, 0x7d, 0x67, 0x3f,
  0x3e, 0x81, 0x67, 0x3f, 0x88, 0x84, 0x67, 0x3f, 0xd2, 0x87, 0x67, 0x3f,
  0x1d, 0x8b, 0x67, 0x3f, 0x67, 0x8e, 0x67, 0x3f, 0xb2, 0x91, 0x67, 0x3f,
  0xfc, 0x94, 0x67, 0x3f, 0x46, 0x98, 0x67, 0x3f, 0x90, 0x9b, 0x67, 0x3f,
  0xdb, 0x9e, 0x67, 0x3f, 0x25, 0xa2, 0x67, 0x3f, 0x6e, 0xa5, 0x67, 0x3f,
  0xb8, 0xa8, 0x67, 0x3f, 0x02, 0xac, 0x67, 0x3f, 0x4c, 0xaf, 0x67, 0x3f,
  0x95, 0xb2, 0x67, 0x3f, 0xdf, 0xb5, 0x67, 0x3f, 0x29, 0xb9, 0x67, 0x3f,
  0x72, 0xbc, 0x67, 0x3f, 0xbc, 0xbf, 0x67, 0x3f, 0x05, 0xc3, 0x67, 0x3f,
  0x4e, 0xc6, 0x67, 0x3f, 0x97, 0xc9, 0x67, 0x3f, 0xe1, 0xcc, 0x67, 0x3f,
  0x2a, 0xd0, 0x67, 0x3f, 0x73, 0xd3, 0x67, 0x3f, 0xbc, 0xd6, 0x67, 0x3f,
  0x05, 0xda, 0x67, 0x3f, 0x4e, 0xdd, 0x67, 0x3f, 0x96, 0xe0, 0x67, 0x3f,
  0xdf, 0xe3, 0x67, 0x3f, 0x28, 0xe7, 0x67, 0x3f, 0x71, 0xea, 0x67, 0x3f,
  0xb9, 0xed, 0x67, 0x3f, 0x02, 0xf1, 0x67, 0x3f, 0x4a, 0xf4, 0x67, 0x3f,
  0x93, 0xf7, 0x67, 0x3f, 0xdb, 0xfa, 0x67, 0x3f, 0x23, 0xfe, 0x67, 0x3f,
  0x6b, 0x01, 0x68, 0x3f, 0xb3, 0x04, 0x68, 0x3f, 0xfc, 0x07, 0x68, 0x3f,
  0x44, 0x0b, 0x68, 0x3f, 0x8c, 0x0e, 0x68, 0x3f, 0xd4, 0x11, 0x68, 0x3f,
  0x1c, 0x15, 0x68, 0x3f, 0x63, 0x18, 0x68, 0x3f, 0xab, 0x1b, 0x68, 0x3f,
  0xf2, 0x1e, 0x68, 0x3f, 0x3a, 0x22, 0x68, 0x3f, 0x82, 0x25, 0x68, 0x3f,
  0xc9, 0x28, 0x68, 0x3f, 0x11, 0x2c, 0x68, 0x3f, 0x58, 0x2f, 0x68, 0x3f,
  0x9f, 0x32, 0x68, 0x3f, 0xe7, 0x35, 0x68, 0x3f, 0x2d, 0x39, 0x68, 0x3f,
  0x75, 0x3c, 0x68, 0x3f, 0xbc, 0x3f, 0x68, 0x3f, 0x03, 0x43, 0x68, 0x3f,
  0x4a, 0x46, 0x68, 0x3f, 0x91, 0x49, 0x68, 0x3f, 0xd8, 0x4c, 0x68, 0x3f,
  0x1e, 0x50, 0x68, 0x3f, 0x65, 0x53, 0x68, 0x3f, 0xab, 0x56, 0x68, 0x3f,
  0xf2, 0x59, 0x68, 0x3f, 0x38, 0x5d, 0x68, 0x3f, 0x7f, 0x60, 0x68, 0x3f,
  0xc5, 0x63, 0x68, 0x3f, 0x0c, 0x67, 0x68, 0x3f, 0x52, 0x6a, 0x68, 0x3f,
  0x98, 0x6d, 0x68, 0x3f, 0xde, 0x70, 0x68, 0x3f, 0x24, 0x74, 0x68, 0x3f,
  0x6a, 0x77, 0x68, 0x3f, 0xb0, 0x7a, 0x68, 0x3f, 0xf6, 0x7d, 0x68, 0x3f,
  0x3c, 0x81, 0x68, 0x3f, 0x82, 0x84, 0x68, 0x3f, 0xc8, 0x87, 0x68, 0x3f,
  0x0d, 0x8b, 0x68, 0x3f, 0x53, 0x8e, 0x68, 0x3f, 0x98, 0x91, 0x68, 0x3f,
  0xde, 0x94, 0x68, 0x3f, 0x23, 0x98, 0x68, 0x3f, 0x68, 0x9b, 0x68, 0x3f,
  0xae, 0x9e, 0x68, 0x3f, 0xf3, 0xa1, 0x68, 0x3f, 0x38, 0xa5, 0x68, 0x3f,
  0x7d, 0xa8, 0x68, 0x3f, 0xc3, 0xab, 0x68, 0x3f, 0x07, 0xaf, 0x68, 0x3f,
  0x4c, 0xb2, 0x68, 0x3f, 0x91, 0xb5, 0x68, 0x3f, 0xd6, 0xb8, 0x68, 0x3f,
  0x1b, 0xbc, 0x68, 0x3f, 0x5f, 0xbf, 0x68, 0x3f, 0xa4, 0xc2, 0x68, 0x3f,
  0xe9, 0xc5, 0x68, 0x3f, 0x2d, 0xc9, 0x68, 0x3f, 0x71, 0xcc, 0x68, 0x3f,
  0xb6, 0xcf, 0x68, 0x3f, 0xfa, 0xd2, 0x68, 0x3f, 0x3e, 0xd6, 0x68, 0x3f,
  0x83, 0xd9, 0x68, 0x3f, 0xc7, 0xdc, 0x68, 0x3f, 0x0b, 0xe0, 0x68, 0x3f,
  0x4f, 0xe3, 0x68, 0x3f, 0x93, 0xe6, 0x68, 0x3f, 0xd6, 0xe9, 0x68, 0x3f,
  0x1a, 0xed, 0x68, 0x3f, 0x5e, 0xf0, 0x68, 0x3f, 0xa2, 0xf3, 0x68, 0x3f,
  0xe6, 0xf6, 0x68, 0x3f, 0x29, 0xfa, 0x68, 0x3f, 0x6d, 0xfd, 0x68, 0x3f,
  0xb0, 0x00, 0x69, 0x3f, 0xf4, 0x03, 0x69, 0x3f, 0x37, 0x07, 0x69, 0x3f,
  0x7a, 0x0a, 0x69, 0x3f, 0xbd, 0x0d, 0x69, 0x3f, 0x01, 0x11, 0x69, 0x3f,
  0x44, 0x14, 0x69, 0x3f, 0x87, 0x17, 0x69, 0x3f, 0xca, 0x1a, 0x69, 0x3f,
  0x0d, 0x1e, 0x69, 0x3f, 0x50, 0x21, 0x69, 0x3f, 0x92, 0x24, 0x69, 0x3f,
  0xd5, 0x27, 0x69, 0x3f, 0x18, 0x2b, 0x69, 0x3f, 0x5a, 0x2e, 0x69, 0x3f,
  0x9d, 0x31, 0x69, 0x3f, 0xe0, 0x34, 0x69, 0x3f, 0x22, 0x38, 0x69, 0x3f,
  0x64, 0x3b, 0x69, 0x3f, 0xa7, 0x3e, 0x69, 0x3f, 0xe9, 0x41, 0x69, 0x3f,
  0x2b, 0x45, 0x69, 0x3f, 0x6d, 0x48, 0x69, 0x3f, 0xaf, 0x4b, 0x69, 0x3f,
  0xf1, 0x4e, 0x69, 0x3f, 0x33, 0x52, 0x69, 0x3f, 0x75, 0x55, 0x69, 0x3f,
  0xb7, 0x58, 0x69, 0x3f, 0xf9, 0x5b, 0x69, 0x3f, 0x3a, 0x5f, 0x69, 0x3f,
  0x7c, 0x62, 0x69, 0x3f, 0xbe, 0x65, 0x69, 0x3f, 0xff, 0x68, 0x69, 0x3f,
  0x41, 0x6c, 0x69, 0x3f, 0x82, 0x6f, 0x69, 0x3f, 0xc4, 0x72, 0x69, 0x3f,
  0x05, 0x76, 0x69, 0x3f, 0x46, 0x79, 0x69, 0x3f, 0x88, 0x7c, 0x69, 0x3f,
  0xc8, 0x7f, 0x69, 0x3f, 0x09, 0x83, 0x69, 0x3f, 0x4a, 0x86, 0x69, 0x3f,
  0x8b, 0x89, 0x69, 0x3f, 0xcc, 0x8c, 0x69, 0x3f, 0x0d, 0x90, 0x69, 0x3f,
  0x4e, 0x93, 0x69, 0x3f, 0x8f, 0x96, 0x69, 0x3f, 0xd0, 0x99, 0x69, 0x3f,
  0x10, 0x9d, 0x69, 0x3f, 0x50, 0xa0, 0x69, 0x3f, 0x91, 0xa3, 0x69, 0x3f,
  0xd1, 0xa6, 0x69, 0x3f, 0x12, 0xaa, 0x69, 0x3f, 0x52, 0xad, 0x69, 0x3f,
  0x92, 0xb0, 0x69, 0x3f, 0xd3, 0xb3, 0x69, 0x3f, 0x13, 0xb7, 0x69, 0x3f,
  0x52, 0xba, 0x69, 0x3f, 0x92, 0xbd, 0x69, 0x3f, 0xd2, 0xc0, 0x69, 0x3f,
  0x12, 0xc4, 0x69, 0x3f, 0x52, 0xc7, 0x69, 0x3f, 0x92, 0xca, 0x69, 0x3f,
  0xd2, 0xcd, 0x69, 0x3f, 0x11, 0xd1, 0x69, 0x3f, 0x51, 0xd4, 0x69, 0x3f,
  0x90, 0xd7, 0x69, 0x3f, 0xd0, 0xda, 0x69, 0x3f, 0x0f, 0xde, 0x69, 0x3f,
  0x4e, 0xe1, 0x69, 0x3f, 0x8e, 0xe4, 0x69, 0x3f, 0xcd, 0xe7, 0x69, 0x3f,
  0x0c, 0xeb, 0x69, 0x3f, 0x4b, 0xee, 0x69, 0x3f, 0x8a, 0xf1, 0x69, 0x3f,
  0xc9, 0xf4, 0x69, 0x3f, 0x08, 0xf8, 0x69, 0x3f, 0x47, 0xfb, 0x69, 0x3f,
  0x86, 0xfe, 0x69, 0x3f, 0xc5, 0x01, 0x6a, 0x3f, 0x03, 0x05, 0x6a, 0x3f,
  0x42, 0x08, 0x6a, 0x3f, 0x81, 0x0b, 0x6a, 0x3f, 0xbf, 0x0e, 0x6a, 0x3f,
  0xfd, 0x11, 0x6a, 0x3f, 0x3c, 0x15, 0x6a, 0x3f, 0x7a, 0x18, 0x6a, 0x3f,
  0xb8, 0x1b, 0x6a, 0x3f, 0xf6, 0x1e, 0x6a, 0x3f, 0x35, 0x22, 0x6a, 0x3f,
  0x73, 0x25, 0x6a, 0x3f, 0xb1, 0x28, 0x6a, 0x3f, 0xef, 0x2b, 0x6a, 0x3f,
  0x2c, 0x2f, 0x6a, 0x3f, 0x6a, 0x32, 0x6a, 0x3f, 0xa8, 0x35, 0x6a, 0x3f,
  0xe6, 0x38, 0x6a, 0x3f, 0x24, 0x3c, 0x6a, 0x3f, 0x61, 0x3f, 0x6a, 0x3f,
  0x9f, 0x42, 0x6a, 0x3f, 0xdc, 0x45, 0x6a, 0x3f, 0x1a, 0x49, 0x6a, 0x3f,
  0x57, 0x4c, 0x6a, 0x3f, 0x94, 0x4f, 0x6a, 0x3f, 0xd2, 0x52, 0x6a, 0x3f,
  0x0f, 0x56, 0x6a, 0x3f, 0x4c, 0x59, 0x6a, 0x3f, 0x89, 0x5c, 0x6a, 0x3f,
  0xc6, 0x5f, 0x6a, 0x3f, 0x03, 0x63, 0x6a, 0x3f, 0x40, 0x66, 0x6a, 0x3f,
  0x7d, 0x69, 0x6a, 0x3f, 0xb9, 0x6c, 0x6a, 0x3f, 0xf6, 0x6f, 0x6a, 0x3f,
  0x33, 0x73, 0x6a, 0x3f, 0x70, 0x76, 0x6a, 0x3f, 0xac, 0x79, 0x6a, 0x3f,
  0xe9, 0x7c, 0x6a, 0x3f, 0x25, 0x80, 0x6a, 0x3f, 0x62, 0x83, 0x6a, 0x3f,
  0x9e, 0x86, 0x6a, 0x3f, 0xda, 0x89, 0x6a, 0x3f, 0x16, 0x8d, 0x6a, 0x3f,
  0x52, 0x90, 0x6a, 0x3f, 0x8e, 0x93, 0x6a, 0x3f, 0xca, 0x96, 0x6a, 0x3f,
  0x06, 0x9a, 0x6a, 0x3f, 0x42, 0x9d, 0x6a, 0x3f, 0x7e, 0xa0, 0x6a, 0x3f,
  0xba, 0xa3, 0x6a, 0x3f, 0xf5, 0xa6, 0x6a, 0x3f, 0x31, 0xaa, 0x6a, 0x3f,
  0x6d, 0xad, 0x6a, 0x3f, 0xa8, 0xb0, 0x6a, 0x3f, 0xe4, 0xb3, 0x6a, 0x3f,
  0x1f, 0xb7, 0x6a, 0x3f, 0x5b, 0xba, 0x6a, 0x3f, 0x96, 0xbd, 0x6a, 0x3f,
  0xd1, 0xc0, 0x6a, 0x3f, 0x0c, 0xc4, 0x6a, 0x3f, 0x47, 0xc7, 0x6a, 0x3f,
  0x83, 0xca, 0x6a, 0x3f, 0xbe, 0xcd, 0x6a, 0x3f, 0xf9, 0xd0, 0x6a, 0x3f,
  0x34, 0xd4, 0x6a, 0x3f, 0x6f, 0xd7, 0x6a, 0x3f, 0xa9, 0xda, 0x6a, 0x3f,
  0xe4, 0xdd, 0x6a, 0x3f, 0x1e, 0xe1, 0x6a, 0x3f, 0x59, 0xe4, 0x6a, 0x3f,
  0x94, 0xe7, 0x6a, 0x3f, 0xce, 0xea, 0x6a, 0x3f, 0x09, 0xee, 0x6a, 0x3f,
  0x43, 0xf1, 0x6a, 0x3f, 0x7d, 0xf4, 0x6a, 0x3f, 0xb8, 0xf7, 0x6a, 0x3f,
  0xf2, 0xfa, 0x6a, 0x3f, 0x2c, 0xfe, 0x6a, 0x3f, 0x66, 0x01, 0x6b, 0x3f,
  0xa0, 0x04, 0x6b, 0x3f, 0xda, 0x07, 0x6b, 0x3f, 0x14, 0x0b, 0x6b, 0x3f,
  0x4e, 0x0e, 0x6b, 0x3f, 0x88, 0x11, 0x6b, 0x3f, 0xc1, 0x14, 0x6b, 0x3f,
  0xfb, 0x17, 0x6b, 0x3f, 0x34, 0x1b, 0x6b, 0x3f, 0x6e, 0x1e, 0x6b, 0x3f,
  0xa7, 0x21, 0x6b, 0x3f, 0xe1, 0x24, 0x6b, 0x3f, 0x1a, 0x28, 0x6b, 0x3f,
  0x54, 0x2b, 0x6b, 0x3f, 0x8d, 0x2e, 0x6b, 0x3f, 0xc6, 0x31, 0x6b, 0x3f,
  0xff, 0x34, 0x6b, 0x3f, 0x38, 0x38, 0x6b, 0x3f, 0x71, 0x3b, 0x6b, 0x3f,
  0xaa, 0x3e, 0x6b, 0x3f, 0xe3, 0x41, 0x6b, 0x3f, 0x1c, 0x45, 0x6b, 0x3f,
  0x55, 0x48, 0x6b, 0x3f, 0x8e, 0x4b, 0x6b, 0x3f, 0xc7, 0x4e, 0x6b, 0x3f,
  0xff, 0x51, 0x6b, 0x3f, 0x37, 0x55, 0x6b, 0x3f, 0x70, 0x58, 0x6b, 0x3f,
  0xa8, 0x5b, 0x6b, 0x3f, 0xe1, 0x5e, 0x6b, 0x3f, 0x19, 0x62, 0x6b, 0x3f,
  0x52, 0x65, 0x6b, 0x3f, 0x8a, 0x68, 0x6b, 0x3f, 0xc2, 0x6b, 0x6b, 0x3f,
  0xfa, 0x6e, 0x6b, 0x3f, 0x32, 0x72, 0x6b, 0x3f, 0x6a, 0x75, 0x6b, 0x3f,
  0xa2, 0x78, 0x6b, 0x3f, 0xda, 0x7b, 0x6b, 0x3f, 0x12, 0x7f, 0x6b, 0x3f,
  0x49, 0x82, 0x6b, 0x3f, 0x81, 0x85, 0x6b, 0x3f, 0xb9, 0x88, 0x6b, 0x3f,
  0xf0, 0x8b, 0x6b, 0x3f, 0x27, 0x8f, 0x6b, 0x3f, 0x5f, 0x92, 0x6b, 0x3f,
  0x96, 0x95, 0x6b, 0x3f, 0xce, 0x98, 0x6b, 0x3f, 0x05, 0x9c, 0x6b, 0x3f,
  0x3c, 0x9f, 0x6b, 0x3f, 0x74, 0xa2, 0x6b, 0x3f, 0xab, 0xa5, 0x6b, 0x3f,
  0xe1, 0xa8, 0x6b, 0x3f, 0x19, 0xac, 0x6b, 0x3f, 0x50, 0xaf, 0x6b, 0x3f,
  0x86, 0xb2, 0x6b, 0x3f, 0xbd, 0xb5, 0x6b, 0x3f, 0xf4, 0xb8, 0x6b, 0x3f,
  0x2b, 0xbc, 0x6b, 0x3f, 0x62, 0xbf, 0x6b, 0x3f, 0x98, 0xc2, 0x6b, 0x3f,
  0xce, 0xc5, 0x6b, 0x3f, 0x05, 0xc9, 0x6b, 0x3f, 0x3b, 0xcc, 0x6b, 0x3f,
  0x72, 0xcf, 0x6b, 0x3f, 0xa8, 0xd2, 0x6b, 0x3f, 0xde, 0xd5, 0x6b, 0x3f,
  0x15, 0xd9, 0x6b, 0x3f, 0x4b, 0xdc, 0x6b, 0x3f, 0x81, 0xdf, 0x6b, 0x3f,
  0xb6, 0xe2, 0x6b, 0x3f, 0xec, 0xe5, 0x6b, 0x3f, 0x22, 0xe9, 0x6b, 0x3f,
  0x58, 0xec, 0x6b, 0x3f, 0x8e, 0xef, 0x6b, 0x3f, 0xc4, 0xf2, 0x6b, 0x3f,
  0xfa, 0xf5, 0x6b, 0x3f, 0x2f, 0xf9, 0x6b, 0x3f, 0x65, 0xfc, 0x6b, 0x3f,
  0x9a, 0xff, 0x6b, 0x3f, 0xcf, 0x02, 0x6c, 0x3f, 0x05, 0x06, 0x6c, 0x3f,
  0x3a, 0x09, 0x6c, 0x3f, 0x70, 0x0c, 0x6c, 0x3f, 0xa5, 0x0f, 0x6c, 0x3f,
  0xda, 0x12, 0x6c, 0x3f, 0x0f, 0x16, 0x6c, 0x3f, 0x44, 0x19, 0x6c, 0x3f,
  0x79, 0x1c, 0x6c, 0x3f, 0xae, 0x1f, 0x6c, 0x3f, 0xe3, 0x22, 0x6c, 0x3f,
  0x18, 0x26, 0x6c, 0x3f, 0x4c, 0x29, 0x6c, 0x3f, 0x81, 0x2c, 0x6c, 0x3f,
  0xb6, 0x2f, 0x6c, 0x3f, 0xea, 0x32, 0x6c, 0x3f, 0x1f, 0x36, 0x6c, 0x3f,
  0x53, 0x39, 0x6c, 0x3f, 0x87, 0x3c, 0x6c, 0x3f, 0xbc, 0x3f, 0x6c, 0x3f,
  0xf0, 0x42, 0x6c, 0x3f, 0x24, 0x46, 0x6c, 0x3f, 0x59, 0x49, 0x6c, 0x3f,
  0x8d, 0x4c, 0x6c, 0x3f, 0xc1, 0x4f, 0x6c, 0x3f, 0xf5, 0x52, 0x6c, 0x3f,
  0x29, 0x56, 0x6c, 0x3f, 0x5c, 0x59, 0x6c, 0x3f, 0x90, 0x5c, 0x6c, 0x3f,
  0xc4, 0x5f, 0x6c, 0x3f, 0xf8, 0x62, 0x6c, 0x3f, 0x2c, 0x66, 0x6c, 0x3f,
  0x5f, 0x69, 0x6c, 0x3f, 0x93, 0x6c, 0x6c, 0x3f, 0xc6, 0x6f, 0x6c, 0x3f,
  0xfa, 0x72, 0x6c, 0x3f, 0x2d, 0x76, 0x6c, 0x3f, 0x60, 0x79, 0x6c, 0x3f,
  0x93, 0x7c, 0x6c, 0x3f, 0xc7, 0x7f, 0x6c, 0x3f, 0xfa, 0x82, 0x6c, 0x3f,
  0x2d, 0x86, 0x6c, 0x3f, 0x60, 0x89, 0x6c, 0x3f, 0x93, 0x8c, 0x6c, 0x3f,
  0xc6, 0x8f, 0x6c, 0x3f, 0xf8, 0x92, 0x6c, 0x3f, 0x2b, 0x96, 0x6c, 0x3f,
  0x5e, 0x99, 0x6c, 0x3f, 0x91, 0x9c, 0x6c, 0x3f, 0xc3, 0x9f, 0x6c, 0x3f,
  0xf6, 0xa2, 0x6c, 0x3f, 0x29, 0xa6, 0x6c, 0x3f, 0x5b, 0xa9, 0x6c, 0x3f,
  0x8e, 0xac, 0x6c, 0x3f, 0xc0, 0xaf, 0x6c, 0x3f, 0xf2, 0xb2, 0x6c, 0x3f,
  0x24, 0xb6, 0x6c, 0x3f, 0x56, 0xb9, 0x6c, 0x3f, 0x88, 0xbc, 0x6c, 0x3f,
  0xbb, 0xbf, 0x6c, 0x3f, 0xed, 0xc2, 0x6c, 0x3f, 0x1f, 0xc6, 0x6c, 0x3f,
  0x51, 0xc9, 0x6c, 0x3f, 0x82, 0xcc, 0x6c, 0x3f, 0xb4, 0xcf, 0x6c, 0x3f,
  0xe6, 0xd2, 0x6c, 0x3f, 0x17, 0xd6, 0x6c, 0x3f, 0x49, 0xd9, 0x6c, 0x3f,
  0x7a, 0xdc, 0x6c, 0x3f, 0xac, 0xdf, 0x6c, 0x3f, 0xde, 0xe2, 0x6c, 0x3f,
  0x0f, 0xe6, 0x6c, 0x3f, 0x40, 0xe9, 0x6c, 0x3f, 0x71, 0xec, 0x6c, 0x3f,
  0xa2, 0xef, 0x6c, 0x3f, 0xd4, 0xf2, 0x6c, 0x3f, 0x05, 0xf6, 0x6c, 0x3f,
  0x36, 0xf9, 0x6c, 0x3f, 0x67, 0xfc, 0x6c, 0x3f, 0x98, 0xff, 0x6c, 0x3f,
  0xc9, 0x02, 0x6d, 0x3f, 0xf9, 0x05, 0x6d, 0x3f, 0x2a, 0x09, 0x6d, 0x3f,
  0x5b, 0x0c, 0x6d, 0x3f, 0x8b, 0x0f, 0x6d, 0x3f, 0xbc, 0x12, 0x6d, 0x3f,
  0xec, 0x15, 0x6d, 0x3f, 0x1d, 0x19, 0x6d, 0x3f, 0x4d, 0x1c, 0x6d, 0x3f,
  0x7e, 0x1f, 0x6d, 0x3f, 0xae, 0x22, 0x6d, 0x3f, 0xde, 0x25, 0x6d, 0x3f,
  0x0e, 0x29, 0x6d, 0x3f, 0x3e, 0x2c, 0x6d, 0x3f, 0x6e, 0x2f, 0x6d, 0x3f,
  0x9f, 0x32, 0x6d, 0x3f, 0xcf, 0x35, 0x6d, 0x3f, 0xff, 0x38, 0x6d, 0x3f,
  0x2e, 0x3c, 0x6d, 0x3f, 0x5e, 0x3f, 0x6d, 0x3f, 0x8e, 0x42, 0x6d, 0x3f,
  0xbd, 0x45, 0x6d, 0x3f, 0xed, 0x48, 0x6d, 0x3f, 0x1d, 0x4c, 0x6d, 0x3f,
  0x4c, 0x4f, 0x6d, 0x3f, 0x7c, 0x52, 0x6d, 0x3f, 0xab, 0x55, 0x6d, 0x3f,
  0xda, 0x58, 0x6d, 0x3f, 0x09, 0x5c, 0x6d, 0x3f, 0x38, 0x5f, 0x6d, 0x3f,
  0x68, 0x62, 0x6d, 0x3f, 0x97, 0x65, 0x6d, 0x3f, 0xc6, 0x68, 0x6d, 0x3f,
  0xf5, 0x6b, 0x6d, 0x3f, 0x24, 0x6f, 0x6d, 0x3f, 0x53, 0x72, 0x6d, 0x3f,
  0x82, 0x75, 0x6d, 0x3f, 0xb0, 0x78, 0x6d, 0x3f, 0xdf, 0x7b, 0x6d, 0x3f,
  0x0e, 0x7f, 0x6d, 0x3f, 0x3c, 0x82, 0x6d, 0x3f, 0x6b, 0x85, 0x6d, 0x3f,
  0x99, 0x88, 0x6d, 0x3f, 0xc8, 0x8b, 0x6d, 0x3f, 0xf6, 0x8e, 0x6d, 0x3f,
  0x25, 0x92, 0x6d, 0x3f, 0x52, 0x95, 0x6d, 0x3f, 0x81, 0x98, 0x6d, 0x3f,
  0xaf, 0x9b, 0x6d, 0x3f, 0xdd, 0x9e, 0x6d, 0x3f, 0x0b, 0xa2, 0x6d, 0x3f,
  0x39, 0xa5, 0x6d, 0x3f, 0x67, 0xa8, 0x6d, 0x3f, 0x95, 0xab, 0x6d, 0x3f,
  0xc3, 0xae, 0x6d, 0x3f, 0xf0, 0xb1, 0x6d, 0x3f, 0x1e, 0xb5, 0x6d, 0x3f,
  0x4c, 0xb8, 0x6d, 0x3f, 0x79, 0xbb, 0x6d, 0x3f, 0xa7, 0xbe, 0x6d, 0x3f,
  0xd4, 0xc1, 0x6d, 0x3f, 0x02, 0xc5, 0x6d, 0x3f, 0x2f, 0xc8, 0x6d, 0x3f,
  0x5d, 0xcb, 0x6d, 0x3f, 0x89, 0xce, 0x6d, 0x3f, 0xb7, 0xd1, 0x6d, 0x3f,
  0xe4, 0xd4, 0x6d, 0x3f, 0x11, 0xd8, 0x6d, 0x3f, 0x3e, 0xdb, 0x6d, 0x3f,
  0x6b, 0xde, 0x6d, 0x3f, 0x98, 0xe1, 0x6d, 0x3f, 0xc5, 0xe4, 0x6d, 0x3f,
  0xf2, 0xe7, 0x6d, 0x3f, 0x1e, 0xeb, 0x6d, 0x3f, 0x4b, 0xee, 0x6d, 0x3f,
  0x78, 0xf1, 0x6d, 0x3f, 0xa4, 0xf4, 0x6d, 0x3f, 0xd1, 0xf7, 0x6d, 0x3f,
  0xfd, 0xfa, 0x6d, 0x3f, 0x2a, 0xfe, 0x6d, 0x3f, 0x56, 0x01, 0x6e, 0x3f,
  0x82, 0x04, 0x6e, 0x3f, 0xae, 0x07, 0x6e, 0x3f, 0xda, 0x0a, 0x6e, 0x3f,
  0x07, 0x0e, 0x6e, 0x3f, 0x33, 0x11, 0x6e, 0x3f, 0x5f, 0x14, 0x6e, 0x3f,
  0x8b, 0x17, 0x6e, 0x3f, 0xb7, 0x1a, 0x6e, 0x3f, 0xe3, 0x1d, 0x6e, 0x3f,
  0x0f, 0x21, 0x6e, 0x3f, 0x3a, 0x24, 0x6e, 0x3f, 0x66, 0x27, 0x6e, 0x3f,
  0x91, 0x2a, 0x6e, 0x3f, 0xbd, 0x2d, 0x6e, 0x3f, 0xe8, 0x30, 0x6e, 0x3f,
  0x14, 0x34, 0x6e, 0x3f, 0x3f, 0x37, 0x6e, 0x3f, 0x6b, 0x3a, 0x6e, 0x3f,
  0x96, 0x3d, 0x6e, 0x3f, 0xc1, 0x40, 0x6e, 0x3f, 0xec, 0x43, 0x6e, 0x3f,
  0x17, 0x47, 0x6e, 0x3f, 0x43, 0x4a, 0x6e, 0x3f, 0x6e, 0x4d, 0x6e, 0x3f,
  0x99, 0x50, 0x6e, 0x3f, 0xc4, 0x53, 0x6e, 0x3f, 0xee, 0x56, 0x6e, 0x3f,
  0x19, 0x5a, 0x6e, 0x3f, 0x44, 0x5d, 0x6e, 0x3f, 0x6e, 0x60, 0x6e, 0x3f,
  0x99, 0x63, 0x6e, 0x3f, 0xc4, 0x66, 0x6e, 0x3f, 0xee, 0x69, 0x6e, 0x3f,
  0x19, 0x6d, 0x6e, 0x3f, 0x43, 0x70, 0x6e, 0x3f, 0x6e, 0x73, 0x6e, 0x3f,
  0x98, 0x76, 0x6e, 0x3f, 0xc2, 0x79, 0x6e, 0x3f, 0xec, 0x7c, 0x6e, 0x3f,
  0x16, 0x80, 0x6e, 0x3f, 0x40, 0x83, 0x6e, 0x3f, 0x6a, 0x86, 0x6e, 0x3f,
  0x94, 0x89, 0x6e, 0x3f, 0xbe, 0x8c, 0x6e, 0x3f, 0xe8, 0x8f, 0x6e, 0x3f,
  0x12, 0x93, 0x6e, 0x3f, 0x3b, 0x96, 0x6e, 0x3f, 0x65, 0x99, 0x6e, 0x3f,
  0x8f, 0x9c, 0x6e, 0x3f, 0xb8, 0x9f, 0x6e, 0x3f, 0xe2, 0xa2, 0x6e, 0x3f,
  0x0b, 0xa6, 0x6e, 0x3f, 0x35, 0xa9, 0x6e, 0x3f, 0x5e, 0xac, 0x6e, 0x3f,
  0x88, 0xaf, 0x6e, 0x3f, 0xb0, 0xb2, 0x6e, 0x3f, 0xda, 0xb5, 0x6e, 0x3f,
  0x03, 0xb9, 0x6e, 0x3f, 0x2c, 0xbc, 0x6e, 0x3f, 0x55, 0xbf, 0x6e, 0x3f,
  0x7e, 0xc2, 0x6e, 0x3f, 0xa7, 0xc5, 0x6e, 0x3f, 0xd0, 0xc8, 0x6e, 0x3f,
  0xf9, 0xcb, 0x6e, 0x3f, 0x21, 0xcf, 0x6e, 0x3f, 0x4a, 0xd2, 0x6e, 0x3f,
  0x72, 0xd5, 0x6e, 0x3f, 0x9b, 0xd8, 0x6e, 0x3f, 0xc4, 0xdb, 0x6e, 0x3f,
  0xec, 0xde, 0x6e, 0x3f, 0x14, 0xe2, 0x6e, 0x3f, 0x3d, 0xe5, 0x6e, 0x3f,
  0x65, 0xe8, 0x6e, 0x3f, 0x8d, 0xeb, 0x6e, 0x3f, 0xb5, 0xee, 0x6e, 0x3f,
  0xdd, 0xf1, 0x6e, 0x3f, 0x06, 0xf5, 0x6e, 0x3f, 0x2e, 0xf8, 0x6e, 0x3f,
  0x56, 0xfb, 0x6e, 0x3f, 0x7e, 0xfe, 0x6e, 0x3f, 0xa6, 0x01, 0x6f, 0x3f,
  0xcd, 0x04, 0x6f, 0x3f, 0xf5, 0x07, 0x6f, 0x3f, 0x1c, 0x0b, 0x6f, 0x3f,
  0x44, 0x0e, 0x6f, 0x3f, 0x6c, 0x11, 0x6f, 0x3f, 0x93, 0x14, 0x6f, 0x3f,
  0xbb, 0x17, 0x6f, 0x3f, 0xe2, 0x1a, 0x6f, 0x3f, 0x0a, 0x1e, 0x6f, 0x3f,
  0x31, 0x21, 0x6f, 0x3f, 0x58, 0x24, 0x6f, 0x3f, 0x7f, 0x27, 0x6f, 0x3f,
  0xa6, 0x2a, 0x6f, 0x3f, 0xce, 0x2d, 0x6f, 0x3f, 0xf5, 0x30, 0x6f, 0x3f,
  0x1c, 0x34, 0x6f, 0x3f, 0x43, 0x37, 0x6f, 0x3f, 0x6a, 0x3a, 0x6f, 0x3f,
  0x90, 0x3d, 0x6f, 0x3f, 0xb7, 0x40, 0x6f, 0x3f, 0xdd, 0x43, 0x6f, 0x3f,
  0x04, 0x47, 0x6f, 0x3f, 0x2b, 0x4a, 0x6f, 0x3f, 0x51, 0x4d, 0x6f, 0x3f,
  0x78, 0x50, 0x6f, 0x3f, 0x9e, 0x53, 0x6f, 0x3f, 0xc5, 0x56, 0x6f, 0x3f,
  0xeb, 0x59, 0x6f, 0x3f, 0x11, 0x5d, 0x6f, 0x3f, 0x37, 0x60, 0x6f, 0x3f,
  0x5d, 0x63, 0x6f, 0x3f, 0x84, 0x66, 0x6f, 0x3f, 0xaa, 0x69, 0x6f, 0x3f,
  0xd0, 0x6c, 0x6f, 0x3f, 0xf6, 0x6f, 0x6f, 0x3f, 0x1c, 0x73, 0x6f, 0x3f,
  0x42, 0x76, 0x6f, 0x3f, 0x67, 0x79, 0x6f, 0x3f, 0x8d, 0x7c, 0x6f, 0x3f,
  0xb2, 0x7f, 0x6f, 0x3f, 0xd8, 0x82, 0x6f, 0x3f, 0xfe, 0x85, 0x6f, 0x3f,
  0x23, 0x89, 0x6f, 0x3f, 0x49, 0x8c, 0x6f, 0x3f, 0x6e, 0x8f, 0x6f, 0x3f,
  0x93, 0x92, 0x6f, 0x3f, 0xb9, 0x95, 0x6f, 0x3f, 0xde, 0x98, 0x6f, 0x3f,
  0x03, 0x9c, 0x6f, 0x3f, 0x28, 0x9f, 0x6f, 0x3f, 0x4d, 0xa2, 0x6f, 0x3f,
  0x72, 0xa5, 0x6f, 0x3f, 0x97, 0xa8, 0x6f, 0x3f, 0xbc, 0xab, 0x6f, 0x3f,
  0xe1, 0xae, 0x6f, 0x3f, 0x06, 0xb2, 0x6f, 0x3f, 0x2a, 0xb5, 0x6f, 0x3f,
  0x4f, 0xb8, 0x6f, 0x3f, 0x74, 0xbb, 0x6f, 0x3f, 0x98, 0xbe, 0x6f, 0x3f,
  0xbd, 0xc1, 0x6f, 0x3f, 0xe1, 0xc4, 0x6f, 0x3f, 0x06, 0xc8, 0x6f, 0x3f,
  0x2a, 0xcb, 0x6f, 0x3f, 0x4e, 0xce, 0x6f, 0x3f, 0x72, 0xd1, 0x6f, 0x3f,
  0x96, 0xd4, 0x6f, 0x3f, 0xbb, 0xd7, 0x6f, 0x3f, 0xdf, 0xda, 0x6f, 0x3f,
  0x03, 0xde, 0x6f, 0x3f, 0x27, 0xe1, 0x6f, 0x3f, 0x4b, 0xe4, 0x6f, 0x3f,
  0x6f, 0xe7, 0x6f, 0x3f, 0x93, 0xea, 0x6f, 0x3f, 0xb6, 0xed, 0x6f, 0x3f,
  0xda, 0xf0, 0x6f, 0x3f, 0xfd, 0xf3, 0x6f, 0x3f, 0x21, 0xf7, 0x6f, 0x3f,
  0x45, 0xfa, 0x6f, 0x3f, 0x68, 0xfd, 0x6f, 0x3f, 0x8c, 0x00, 0x70, 0x3f,
  0xaf, 0x03, 0x70, 0x3f, 0xd2, 0x06, 0x70, 0x3f, 0xf5, 0x09, 0x70, 0x3f,
  0x18, 0x0d, 0x70, 0x3f, 0x3c, 0x10, 0x70, 0x3f, 0x5f, 0x13, 0x70, 0x3f,
  0x82, 0x16, 0x70, 0x3f, 0xa5, 0x19, 0x70, 0x3f, 0xc8, 0x1c, 0x70, 0x3f,
  0xeb, 0x1f, 0x70, 0x3f, 0x0e, 0x23, 0x70, 0x3f, 0x30, 0x26, 0x70, 0x3f,
  0x53, 0x29, 0x70, 0x3f, 0x76, 0x2c, 0x70, 0x3f, 0x98, 0x2f, 0x70, 0x3f,
  0xbb, 0x32, 0x70, 0x3f, 0xdd, 0x35, 0x70, 0x3f, 0x00, 0x39, 0x70, 0x3f,
  0x22, 0x3c, 0x70, 0x3f, 0x45, 0x3f, 0x70, 0x3f, 0x67, 0x42, 0x70, 0x3f,
  0x89, 0x45, 0x70, 0x3f, 0xab, 0x48, 0x70, 0x3f, 0xcd, 0x4b, 0x70, 0x3f,
  0xef, 0x4e, 0x70, 0x3f, 0x12, 0x52, 0x70, 0x3f, 0x34, 0x55, 0x70, 0x3f,
  0x56, 0x58, 0x70, 0x3f, 0x77, 0x5b, 0x70, 0x3f, 0x99, 0x5e, 0x70, 0x3f,
  0xbb, 0x61, 0x70, 0x3f, 0xdc, 0x64, 0x70, 0x3f, 0xfe, 0x67, 0x70, 0x3f,
  0x20, 0x6b, 0x70, 0x3f, 0x41, 0x6e, 0x70, 0x3f, 0x63, 0x71, 0x70, 0x3f,
  0x84, 0x74, 0x70, 0x3f, 0xa6, 0x77, 0x70, 0x3f, 0xc7, 0x7a, 0x70, 0x3f,
  0xe8, 0x7d, 0x70, 0x3f, 0x09, 0x81, 0x70, 0x3f, 0x2a, 0x84, 0x70, 0x3f,
  0x4c, 0x87, 0x70, 0x3f, 0x6d, 0x8a, 0x70, 0x3f, 0x8e, 0x8d, 0x70, 0x3f,
  0xaf, 0x90, 0x70, 0x3f, 0xd0, 0x93, 0x70, 0x3f, 0xf0, 0x96, 0x70, 0x3f,
  0x11, 0x9a, 0x70, 0x3f, 0x32, 0x9d, 0x70, 0x3f, 0x52, 0xa0, 0x70, 0x3f,
  0x73, 0xa3, 0x70, 0x3f, 0x94, 0xa6, 0x70, 0x3f, 0xb4, 0xa9, 0x70, 0x3f,
  0xd5, 0xac, 0x70, 0x3f, 0xf5, 0xaf, 0x70, 0x3f, 0x15, 0xb3, 0x70, 0x3f,
  0x35, 0xb6, 0x70, 0x3f, 0x56, 0xb9, 0x70, 0x3f, 0x76, 0xbc, 0x70, 0x3f,
  0x96, 0xbf, 0x70, 0x3f, 0xb6, 0xc2, 0x70, 0x3f, 0xd6, 0xc5, 0x70, 0x3f,
  0xf6, 0xc8, 0x70, 0x3f, 0x16, 0xcc, 0x70, 0x3f, 0x36, 0xcf, 0x70, 0x3f,
  0x56, 0xd2, 0x70, 0x3f, 0x75, 0xd5, 0x70, 0x3f, 0x95, 0xd8, 0x70, 0x3f,
  0xb5, 0xdb, 0x70, 0x3f, 0xd5, 0xde, 0x70, 0x3f, 0xf4, 0xe1, 0x70, 0x3f,
  0x14, 0xe5, 0x70, 0x3f, 0x33, 0xe8, 0x70, 0x3f, 0x52, 0xeb, 0x70, 0x3f,
  0x71, 0xee, 0x70, 0x3f, 0x91, 0xf1, 0x70, 0x3f, 0xb0, 0xf4, 0x70, 0x3f,
  0xcf, 0xf7, 0x70, 0x3f, 0xee, 0xfa, 0x70, 0x3f, 0x0e, 0xfe, 0x70, 0x3f,
  0x2d, 0x01, 0x71, 0x3f, 0x4c, 0x04, 0x71, 0x3f, 0x6a, 0x07, 0x71, 0x3f,
  0x89, 0x0a, 0x71, 0x3f, 0xa8, 0x0d, 0x71, 0x3f, 0xc7, 0x10, 0x71, 0x3f,
  0xe5, 0x13, 0x71, 0x3f, 0x04, 0x17, 0x71, 0x3f, 0x23, 0x1a, 0x71, 0x3f,
  0x41, 0x1d, 0x71, 0x3f, 0x60, 0x20, 0x71, 0x3f, 0x7e, 0x23, 0x71, 0x3f,
  0x9c, 0x26, 0x71, 0x3f, 0xbb, 0x29, 0x71, 0x3f, 0xd9, 0x2c, 0x71, 0x3f,
  0xf7, 0x2f, 0x71, 0x3f, 0x15, 0x33, 0x71, 0x3f, 0x34, 0x36, 0x71, 0x3f,
  0x52, 0x39, 0x71, 0x3f, 0x70, 0x3c, 0x71, 0x3f, 0x8d, 0x3f, 0x71, 0x3f,
  0xab, 0x42, 0x71, 0x3f, 0xc9, 0x45, 0x71, 0x3f, 0xe7, 0x48, 0x71, 0x3f,
  0x05, 0x4c, 0x71, 0x3f, 0x22, 0x4f, 0x71, 0x3f, 0x40, 0x52, 0x71, 0x3f,
  0x5e, 0x55, 0x71, 0x3f, 0x7b, 0x58, 0x71, 0x3f, 0x98, 0x5b, 0x71, 0x3f,
  0xb6, 0x5e, 0x71, 0x3f, 0xd3, 0x61, 0x71, 0x3f, 0xf0, 0x64, 0x71, 0x3f,
  0x0e, 0x68, 0x71, 0x3f, 0x2b, 0x6b, 0x71, 0x3f, 0x48, 0x6e, 0x71, 0x3f,
  0x65, 0x71, 0x71, 0x3f, 0x82, 0x74, 0x71, 0x3f, 0x9f, 0x77, 0x71, 0x3f,
  0xbc, 0x7a, 0x71, 0x3f, 0xd9, 0x7d, 0x71, 0x3f, 0xf6, 0x80, 0x71, 0x3f,
  0x13, 0x84, 0x71, 0x3f, 0x2f, 0x87, 0x71, 0x3f, 0x4c, 0x8a, 0x71, 0x3f,
  0x69, 0x8d, 0x71, 0x3f, 0x85, 0x90, 0x71, 0x3f, 0xa1, 0x93, 0x71, 0x3f,
  0xbe, 0x96, 0x71, 0x3f, 0xda, 0x99, 0x71, 0x3f, 0xf7, 0x9c, 0x71, 0x3f,
  0x13, 0xa0, 0x71, 0x3f, 0x2f, 0xa3, 0x71, 0x3f, 0x4c, 0xa6, 0x71, 0x3f,
  0x68, 0xa9, 0x71, 0x3f, 0x84, 0xac, 0x71, 0x3f, 0xa0, 0xaf, 0x71, 0x3f,
  0xbc, 0xb2, 0x71, 0x3f, 0xd8, 0xb5, 0x71, 0x3f, 0xf4, 0xb8, 0x71, 0x3f,
  0x0f, 0xbc, 0x71, 0x3f, 0x2b, 0xbf, 0x71, 0x3f, 0x47, 0xc2, 0x71, 0x3f,
  0x63, 0xc5, 0x71, 0x3f, 0x7e, 0xc8, 0x71, 0x3f, 0x9a, 0xcb, 0x71, 0x3f,
  0xb5, 0xce, 0x71, 0x3f, 0xd1, 0xd1, 0x71, 0x3f, 0xec, 0xd4, 0x71, 0x3f,
  0x07, 0xd8, 0x71, 0x3f, 0x23, 0xdb, 0x71, 0x3f, 0x3e, 0xde, 0x71, 0x3f,
  0x59, 0xe1, 0x71, 0x3f, 0x74, 0xe4, 0x71, 0x3f, 0x90, 0xe7, 0x71, 0x3f,
  0xaa, 0xea, 0x71, 0x3f, 0xc5, 0xed, 0x71, 0x3f, 0xe0, 0xf0, 0x71, 0x3f,
  0xfb, 0xf3, 0x71, 0x3f, 0x16, 0xf7, 0x71, 0x3f, 0x31, 0xfa, 0x71, 0x3f,
  0x4c, 0xfd, 0x71, 0x3f, 0x66, 0x00, 0x72, 0x3f, 0x81, 0x03, 0x72, 0x3f,
  0x9b, 0x06, 0x72, 0x3f, 0xb6, 0x09, 0x72, 0x3f, 0xd0, 0x0c, 0x72, 0x3f,
  0xea, 0x0f, 0x72, 0x3f, 0x05, 0x13, 0x72, 0x3f, 0x1f, 0x16, 0x72, 0x3f,
  0x3a, 0x19, 0x72, 0x3f, 0x54, 0x1c, 0x72, 0x3f, 0x6e, 0x1f, 0x72, 0x3f,
  0x88, 0x22, 0x72, 0x3f, 0xa2, 0x25, 0x72, 0x3f, 0xbc, 0x28, 0x72, 0x3f,
  0xd6, 0x2b, 0x72, 0x3f, 0xf0, 0x2e, 0x72, 0x3f, 0x09, 0x32, 0x72, 0x3f,
  0x23, 0x35, 0x72, 0x3f, 0x3d, 0x38, 0x72, 0x3f, 0x57, 0x3b, 0x72, 0x3f,
  0x70, 0x3e, 0x72, 0x3f, 0x89, 0x41, 0x72, 0x3f, 0xa3, 0x44, 0x72, 0x3f,
  0xbd, 0x47, 0x72, 0x3f, 0xd6, 0x4a, 0x72, 0x3f, 0xef, 0x4d, 0x72, 0x3f,
  0x09, 0x51, 0x72, 0x3f, 0x22, 0x54, 0x72, 0x3f, 0x3b, 0x57, 0x72, 0x3f,
  0x54, 0x5a, 0x72, 0x3f, 0x6d, 0x5d, 0x72, 0x3f, 0x86, 0x60, 0x72, 0x3f,
  0x9f, 0x63, 0x72, 0x3f, 0xb8, 0x66, 0x72, 0x3f, 0xd1, 0x69, 0x72, 0x3f,
  0xea, 0x6c, 0x72, 0x3f, 0x03, 0x70, 0x72, 0x3f, 0x1c, 0x73, 0x72, 0x3f,
  0x34, 0x76, 0x72, 0x3f, 0x4c, 0x79, 0x72, 0x3f, 0x65, 0x7c, 0x72, 0x3f,
  0x7e, 0x7f, 0x72, 0x3f, 0x96, 0x82, 0x72, 0x3f, 0xaf, 0x85, 0x72, 0x3f,
  0xc7, 0x88, 0x72, 0x3f, 0xdf, 0x8b, 0x72, 0x3f, 0xf8, 0x8e, 0x72, 0x3f,
  0x0f, 0x92, 0x72, 0x3f, 0x28, 0x95, 0x72, 0x3f, 0x40, 0x98, 0x72, 0x3f,
  0x58, 0x9b, 0x72, 0x3f, 0x70, 0x9e, 0x72, 0x3f, 0x88, 0xa1, 0x72, 0x3f,
  0xa0, 0xa4, 0x72, 0x3f, 0xb8, 0xa7, 0x72, 0x3f, 0xcf, 0xaa, 0x72, 0x3f,
  0xe7, 0xad, 0x72, 0x3f, 0xfe, 0xb0, 0x72, 0x3f, 0x16, 0xb4, 0x72, 0x3f,
  0x2e, 0xb7, 0x72, 0x3f, 0x45, 0xba, 0x72, 0x3f, 0x5d, 0xbd, 0x72, 0x3f,
  0x74, 0xc0, 0x72, 0x3f, 0x8c, 0xc3, 0x72, 0x3f, 0xa3, 0xc6, 0x72, 0x3f,
  0xba, 0xc9, 0x72, 0x3f, 0xd1, 0xcc, 0x72, 0x3f, 0xe8, 0xcf, 0x72, 0x3f,
  0xff, 0xd2, 0x72, 0x3f, 0x17, 0xd6, 0x72, 0x3f, 0x2e, 0xd9, 0x72, 0x3f,
  0x45, 0xdc, 0x72, 0x3f, 0x5c, 0xdf, 0x72, 0x3f, 0x72, 0xe2, 0x72, 0x3f,
  0x89, 0xe5, 0x72, 0x3f, 0xa0, 0xe8, 0x72, 0x3f, 0xb6, 0xeb, 0x72, 0x3f,
  0xcd, 0xee, 0x72, 0x3f, 0xe4, 0xf1, 0x72, 0x3f, 0xfa, 0xf4, 0x72, 0x3f,
  0x11, 0xf8, 0x72, 0x3f, 0x27, 0xfb, 0x72, 0x3f, 0x3e, 0xfe, 0x72, 0x3f,
  0x53, 0x01, 0x73, 0x3f, 0x6a, 0x04, 0x73, 0x3f, 0x80, 0x07, 0x73, 0x3f,
  0x96, 0x0a, 0x73, 0x3f, 0xac, 0x0d, 0x73, 0x3f, 0xc3, 0x10, 0x73, 0x3f,
  0xd9, 0x13, 0x73, 0x3f, 0xef, 0x16, 0x73, 0x3f, 0x05, 0x1a, 0x73, 0x3f,
  0x1a, 0x1d, 0x73, 0x3f, 0x30, 0x20, 0x73, 0x3f, 0x46, 0x23, 0x73, 0x3f,
  0x5b, 0x26, 0x73, 0x3f, 0x71, 0x29, 0x73, 0x3f, 0x87, 0x2c, 0x73, 0x3f,
  0x9c, 0x2f, 0x73, 0x3f, 0xb2, 0x32, 0x73, 0x3f, 0xc7, 0x35, 0x73, 0x3f,
  0xdc, 0x38, 0x73, 0x3f, 0xf2, 0x3b, 0x73, 0x3f, 0x07, 0x3f, 0x73, 0x3f,
  0x1c, 0x42, 0x73, 0x3f, 0x32, 0x45, 0x73, 0x3f, 0x47, 0x48, 0x73, 0x3f,
  0x5c, 0x4b, 0x73, 0x3f, 0x71, 0x4e, 0x73, 0x3f, 0x86, 0x51, 0x73, 0x3f,
  0x9a, 0x54, 0x73, 0x3f, 0xaf, 0x57, 0x73, 0x3f, 0xc4, 0x5a, 0x73, 0x3f,
  0xd9, 0x5d, 0x73, 0x3f, 0xee, 0x60, 0x73, 0x3f, 0x02, 0x64, 0x73, 0x3f,
  0x17, 0x67, 0x73, 0x3f, 0x2c, 0x6a, 0x73, 0x3f, 0x40, 0x6d, 0x73, 0x3f,
  0x54, 0x70, 0x73, 0x3f, 0x69, 0x73, 0x73, 0x3f, 0x7d, 0x76, 0x73, 0x3f,
  0x92, 0x79, 0x73, 0x3f, 0xa6, 0x7c, 0x73, 0x3f, 0xba, 0x7f, 0x73, 0x3f,
  0xce, 0x82, 0x73, 0x3f, 0xe2, 0x85, 0x73, 0x3f, 0xf7, 0x88, 0x73, 0x3f,
  0x0a, 0x8c, 0x73, 0x3f, 0x1e, 0x8f, 0x73, 0x3f, 0x32, 0x92, 0x73, 0x3f,
  0x46, 0x95, 0x73, 0x3f, 0x5a, 0x98, 0x73, 0x3f, 0x6e, 0x9b, 0x73, 0x3f,
  0x81, 0x9e, 0x73, 0x3f, 0x95, 0xa1, 0x73, 0x3f, 0xa9, 0xa4, 0x73, 0x3f,
  0xbc, 0xa7, 0x73, 0x3f, 0xcf, 0xaa, 0x73, 0x3f, 0xe3, 0xad, 0x73, 0x3f,
  0xf6, 0xb0, 0x73, 0x3f, 0x09, 0xb4, 0x73, 0x3f, 0x1d, 0xb7, 0x73, 0x3f,
  0x30, 0xba, 0x73, 0x3f, 0x43, 0xbd, 0x73, 0x3f, 0x56, 0xc0, 0x73, 0x3f,
  0x69, 0xc3, 0x73, 0x3f, 0x7c, 0xc6, 0x73, 0x3f, 0x8f, 0xc9, 0x73, 0x3f,
  0xa2, 0xcc, 0x73, 0x3f, 0xb5, 0xcf, 0x73, 0x3f, 0xc8, 0xd2, 0x73, 0x3f,
  0xdb, 0xd5, 0x73, 0x3f, 0xed, 0xd8, 0x73, 0x3f, 0x00, 0xdc, 0x73, 0x3f,
  0x12, 0xdf, 0x73, 0x3f, 0x25, 0xe2, 0x73, 0x3f, 0x37, 0xe5, 0x73, 0x3f,
  0x4a, 0xe8, 0x73, 0x3f, 0x5c, 0xeb, 0x73, 0x3f, 0x6f, 0xee, 0x73, 0x3f,
  0x81, 0xf1, 0x73, 0x3f, 0x93, 0xf4, 0x73, 0x3f, 0xa6, 0xf7, 0x73, 0x3f,
  0xb7, 0xfa, 0x73, 0x3f, 0xca, 0xfd, 0x73, 0x3f, 0xdc, 0x00, 0x74, 0x3f,
  0xee, 0x03, 0x74, 0x3f, 0x00, 0x07, 0x74, 0x3f, 0x12, 0x0a, 0x74, 0x3f,
  0x24, 0x0d, 0x74, 0x3f, 0x35, 0x10, 0x74, 0x3f, 0x47, 0x13, 0x74, 0x3f,
  0x58, 0x16, 0x74, 0x3f, 0x6a, 0x19, 0x74, 0x3f, 0x7c, 0x1c, 0x74, 0x3f,
  0x8d, 0x1f, 0x74, 0x3f, 0x9f, 0x22, 0x74, 0x3f, 0xb0, 0x25, 0x74, 0x3f,
  0xc2, 0x28, 0x74, 0x3f, 0xd3, 0x2b, 0x74, 0x3f, 0xe4, 0x2e, 0x74, 0x3f,
  0xf5, 0x31, 0x74, 0x3f, 0x06, 0x35, 0x74, 0x3f, 0x18, 0x38, 0x74, 0x3f,
  0x29, 0x3b, 0x74, 0x3f, 0x3a, 0x3e, 0x74, 0x3f, 0x4b, 0x41, 0x74, 0x3f,
  0x5c, 0x44, 0x74, 0x3f, 0x6d, 0x47, 0x74, 0x3f, 0x7e, 0x4a, 0x74, 0x3f,
  0x8e, 0x4d, 0x74, 0x3f, 0x9f, 0x50, 0x74, 0x3f, 0xaf, 0x53, 0x74, 0x3f,
  0xc0, 0x56, 0x74, 0x3f, 0xd1, 0x59, 0x74, 0x3f, 0xe1, 0x5c, 0x74, 0x3f,
  0xf2, 0x5f, 0x74, 0x3f, 0x02, 0x63, 0x74, 0x3f, 0x13, 0x66, 0x74, 0x3f,
  0x23, 0x69, 0x74, 0x3f, 0x33, 0x6c, 0x74, 0x3f, 0x43, 0x6f, 0x74, 0x3f,
  0x53, 0x72, 0x74, 0x3f, 0x63, 0x75, 0x74, 0x3f, 0x74, 0x78, 0x74, 0x3f,
  0x84, 0x7b, 0x74, 0x3f, 0x94, 0x7e, 0x74, 0x3f, 0xa4, 0x81, 0x74, 0x3f,
  0xb3, 0x84, 0x74, 0x3f, 0xc3, 0x87, 0x74, 0x3f, 0xd3, 0x8a, 0x74, 0x3f,
  0xe2, 0x8d, 0x74, 0x3f, 0xf2, 0x90, 0x74, 0x3f, 0x02, 0x94, 0x74, 0x3f,
  0x11, 0x97, 0x74, 0x3f, 0x21, 0x9a, 0x74, 0x3f, 0x30, 0x9d, 0x74, 0x3f,
  0x40, 0xa0, 0x74, 0x3f, 0x4f, 0xa3, 0x74, 0x3f, 0x5e, 0xa6, 0x74, 0x3f,
  0x6d, 0xa9, 0x74, 0x3f, 0x7d, 0xac, 0x74, 0x3f, 0x8c, 0xaf, 0x74, 0x3f,
  0x9b, 0xb2, 0x74, 0x3f, 0xaa, 0xb5, 0x74, 0x3f, 0xb9, 0xb8, 0x74, 0x3f,
  0xc8, 0xbb, 0x74, 0x3f, 0xd7, 0xbe, 0x74, 0x3f, 0xe5, 0xc1, 0x74, 0x3f,
  0xf4, 0xc4, 0x74, 0x3f, 0x03, 0xc8, 0x74, 0x3f, 0x12, 0xcb, 0x74, 0x3f,
  0x20, 0xce, 0x74, 0x3f, 0x2f, 0xd1, 0x74, 0x3f, 0x3e, 0xd4, 0x74, 0x3f,
  0x4c, 0xd7, 0x74, 0x3f, 0x5a, 0xda, 0x74, 0x3f, 0x69, 0xdd, 0x74, 0x3f,
  0x77, 0xe0, 0x74, 0x3f, 0x85, 0xe3, 0x74, 0x3f, 0x94, 0xe6, 0x74, 0x3f,
  0xa2, 0xe9, 0x74, 0x3f, 0xb0, 0xec, 0x74, 0x3f, 0xbe, 0xef, 0x74, 0x3f,
  0xcc, 0xf2, 0x74, 0x3f, 0xda, 0xf5, 0x74, 0x3f, 0xe8, 0xf8, 0x74, 0x3f,
  0xf6, 0xfb, 0x74, 0x3f, 0x04, 0xff, 0x74, 0x3f, 0x11, 0x02, 0x75, 0x3f,
  0x1f, 0x05, 0x75, 0x3f, 0x2d, 0x08, 0x75, 0x3f, 0x3b, 0x0b, 0x75, 0x3f,
  0x48, 0x0e, 0x75, 0x3f, 0x55, 0x11, 0x75, 0x3f, 0x63, 0x14, 0x75, 0x3f,
  0x70, 0x17, 0x75, 0x3f, 0x7e, 0x1a, 0x75, 0x3f, 0x8b, 0x1d, 0x75, 0x3f,
  0x98, 0x20, 0x75, 0x3f, 0xa6, 0x23, 0x75, 0x3f, 0xb3, 0x26, 0x75, 0x3f,
  0xc0, 0x29, 0x75, 0x3f, 0xcd, 0x2c, 0x75, 0x3f, 0xda, 0x2f, 0x75, 0x3f,
  0xe7, 0x32, 0x75, 0x3f, 0xf4, 0x35, 0x75, 0x3f, 0x01, 0x39, 0x75, 0x3f,
  0x0e, 0x3c, 0x75, 0x3f, 0x1a, 0x3f, 0x75, 0x3f, 0x27, 0x42, 0x75, 0x3f,
  0x34, 0x45, 0x75, 0x3f, 0x40, 0x48, 0x75, 0x3f, 0x4d, 0x4b, 0x75, 0x3f,
  0x59, 0x4e, 0x75, 0x3f, 0x66, 0x51, 0x75, 0x3f, 0x72, 0x54, 0x75, 0x3f,
  0x7f, 0x57, 0x75, 0x3f, 0x8b, 0x5a, 0x75, 0x3f, 0x97, 0x5d, 0x75, 0x3f,
  0xa4, 0x60, 0x75, 0x3f, 0xaf, 0x63, 0x75, 0x3f, 0xbc, 0x66, 0x75, 0x3f,
  0xc8, 0x69, 0x75, 0x3f, 0xd4, 0x6c, 0x75, 0x3f, 0xe0, 0x6f, 0x75, 0x3f,
  0xec, 0x72, 0x75, 0x3f, 0xf8, 0x75, 0x75, 0x3f, 0x04, 0x79, 0x75, 0x3f,
  0x0f, 0x7c, 0x75, 0x3f, 0x1b, 0x7f, 0x75, 0x3f, 0x26, 0x82, 0x75, 0x3f,
  0x32, 0x85, 0x75, 0x3f, 0x3e, 0x88, 0x75, 0x3f, 0x49, 0x8b, 0x75, 0x3f,
  0x55, 0x8e, 0x75, 0x3f, 0x60, 0x91, 0x75, 0x3f, 0x6c, 0x94, 0x75, 0x3f,
  0x77, 0x97, 0x75, 0x3f, 0x82, 0x9a, 0x75, 0x3f, 0x8d, 0x9d, 0x75, 0x3f,
  0x98, 0xa0, 0x75, 0x3f, 0xa4, 0xa3, 0x75, 0x3f, 0xaf, 0xa6, 0x75, 0x3f,
  0xba, 0xa9, 0x75, 0x3f, 0xc5, 0xac, 0x75, 0x3f, 0xd0, 0xaf, 0x75, 0x3f,
  0xdb, 0xb2, 0x75, 0x3f, 0xe5, 0xb5, 0x75, 0x3f, 0xf0, 0xb8, 0x75, 0x3f,
  0xfb, 0xbb, 0x75, 0x3f, 0x05, 0xbf, 0x75, 0x3f, 0x10, 0xc2, 0x75, 0x3f,
  0x1b, 0xc5, 0x75, 0x3f, 0x25, 0xc8, 0x75, 0x3f, 0x30, 0xcb, 0x75, 0x3f,
  0x3a, 0xce, 0x75, 0x3f, 0x44, 0xd1, 0x75, 0x3f, 0x4e, 0xd4, 0x75, 0x3f,
  0x59, 0xd7, 0x75, 0x3f, 0x63, 0xda, 0x75, 0x3f, 0x6d, 0xdd, 0x75, 0x3f,
  0x77, 0xe0, 0x75, 0x3f, 0x82, 0xe3, 0x75, 0x3f, 0x8c, 0xe6, 0x75, 0x3f,
  0x96, 0xe9, 0x75, 0x3f, 0x9f, 0xec, 0x75, 0x3f, 0xa9, 0xef, 0x75, 0x3f,
  0xb3, 0xf2, 0x75, 0x3f, 0xbd, 0xf5, 0x75, 0x3f, 0xc7, 0xf8, 0x75, 0x3f,
  0xd0, 0xfb, 0x75, 0x3f, 0xda, 0xfe, 0x75, 0x3f, 0xe4, 0x01, 0x76, 0x3f,
  0xed, 0x04, 0x76, 0x3f, 0xf6, 0x07, 0x76, 0x3f, 0x00, 0x0b, 0x76, 0x3f,
  0x09, 0x0e, 0x76, 0x3f, 0x13, 0x11, 0x76, 0x3f, 0x1c, 0x14, 0x76, 0x3f,
  0x25, 0x17, 0x76, 0x3f, 0x2e, 0x1a, 0x76, 0x3f, 0x38, 0x1d, 0x76, 0x3f,
  0x41, 0x20, 0x76, 0x3f, 0x49, 0x23, 0x76, 0x3f, 0x52, 0x26, 0x76, 0x3f,
  0x5b, 0x29, 0x76, 0x3f, 0x64, 0x2c, 0x76, 0x3f, 0x6d, 0x2f, 0x76, 0x3f,
  0x76, 0x32, 0x76, 0x3f, 0x7f, 0x35, 0x76, 0x3f, 0x87, 0x38, 0x76, 0x3f,
  0x90, 0x3b, 0x76, 0x3f, 0x98, 0x3e, 0x76, 0x3f, 0xa1, 0x41, 0x76, 0x3f,
  0xa9, 0x44, 0x76, 0x3f, 0xb2, 0x47, 0x76, 0x3f, 0xba, 0x4a, 0x76, 0x3f,
  0xc3, 0x4d, 0x76, 0x3f, 0xcb, 0x50, 0x76, 0x3f, 0xd3, 0x53, 0x76, 0x3f,
  0xdc, 0x56, 0x76, 0x3f, 0xe3, 0x59, 0x76, 0x3f, 0xeb, 0x5c, 0x76, 0x3f,
  0xf3, 0x5f, 0x76, 0x3f, 0xfc, 0x62, 0x76, 0x3f, 0x04, 0x66, 0x76, 0x3f,
  0x0b, 0x69, 0x76, 0x3f, 0x13, 0x6c, 0x76, 0x3f, 0x1b, 0x6f, 0x76, 0x3f,
  0x23, 0x72, 0x76, 0x3f, 0x2a, 0x75, 0x76, 0x3f, 0x32, 0x78, 0x76, 0x3f,
  0x3a, 0x7b, 0x76, 0x3f, 0x41, 0x7e, 0x76, 0x3f, 0x49, 0x81, 0x76, 0x3f,
  0x50, 0x84, 0x76, 0x3f, 0x58, 0x87, 0x76, 0x3f, 0x5f, 0x8a, 0x76, 0x3f,
  0x66, 0x8d, 0x76, 0x3f, 0x6d, 0x90, 0x76, 0x3f, 0x75, 0x93, 0x76, 0x3f,
  0x7c, 0x96, 0x76, 0x3f, 0x83, 0x99, 0x76, 0x3f, 0x8a, 0x9c, 0x76, 0x3f,
  0x91, 0x9f, 0x76, 0x3f, 0x98, 0xa2, 0x76, 0x3f, 0x9f, 0xa5, 0x76, 0x3f,
  0xa6, 0xa8, 0x76, 0x3f, 0xac, 0xab, 0x76, 0x3f, 0xb3, 0xae, 0x76, 0x3f,
  0xba, 0xb1, 0x76, 0x3f, 0xc1, 0xb4, 0x76, 0x3f, 0xc7, 0xb7, 0x76, 0x3f,
  0xce, 0xba, 0x76, 0x3f, 0xd4, 0xbd, 0x76, 0x3f, 0xdb, 0xc0, 0x76, 0x3f,
  0xe1, 0xc3, 0x76, 0x3f, 0xe7, 0xc6, 0x76, 0x3f, 0xee, 0xc9, 0x76, 0x3f,
  0xf4, 0xcc, 0x76, 0x3f, 0xfa, 0xcf, 0x76, 0x3f, 0x00, 0xd3, 0x76, 0x3f,
  0x07, 0xd6, 0x76, 0x3f, 0x0d, 0xd9, 0x76, 0x3f, 0x13, 0xdc, 0x76, 0x3f,
  0x19, 0xdf, 0x76, 0x3f, 0x1e, 0xe2, 0x76, 0x3f, 0x24, 0xe5, 0x76, 0x3f,
  0x2a, 0xe8, 0x76, 0x3f, 0x30, 0xeb, 0x76, 0x3f, 0x36, 0xee, 0x76, 0x3f,
  0x3b, 0xf1, 0x76, 0x3f, 0x41, 0xf4, 0x76, 0x3f, 0x47, 0xf7, 0x76, 0x3f,
  0x4c, 0xfa, 0x76, 0x3f, 0x51, 0xfd, 0x76, 0x3f, 0x57, 0x00, 0x77, 0x3f,
  0x5c, 0x03, 0x77, 0x3f, 0x62, 0x06, 0x77, 0x3f, 0x67, 0x09, 0x77, 0x3f,
  0x6c, 0x0c, 0x77, 0x3f, 0x72, 0x0f, 0x77, 0x3f, 0x77, 0x12, 0x77, 0x3f,
  0x7c, 0x15, 0x77, 0x3f, 0x81, 0x18, 0x77, 0x3f, 0x86, 0x1b, 0x77, 0x3f,
  0x8b, 0x1e, 0x77, 0x3f, 0x90, 0x21, 0x77, 0x3f, 0x94, 0x24, 0x77, 0x3f,
  0x99, 0x27, 0x77, 0x3f, 0x9e, 0x2a, 0x77, 0x3f, 0xa3, 0x2d, 0x77, 0x3f,
  0xa8, 0x30, 0x77, 0x3f, 0xac, 0x33, 0x77, 0x3f, 0xb0, 0x36, 0x77, 0x3f,
  0xb5, 0x39, 0x77, 0x3f, 0xb9, 0x3c, 0x77, 0x3f, 0xbe, 0x3f, 0x77, 0x3f,
  0xc2, 0x42, 0x77, 0x3f, 0xc7, 0x45, 0x77, 0x3f, 0xcb, 0x48, 0x77, 0x3f,
  0xcf, 0x4b, 0x77, 0x3f, 0xd3, 0x4e, 0x77, 0x3f, 0xd7, 0x51, 0x77, 0x3f,
  0xdb, 0x54, 0x77, 0x3f, 0xdf, 0x57, 0x77, 0x3f, 0xe3, 0x5a, 0x77, 0x3f,
  0xe7, 0x5d, 0x77, 0x3f, 0xeb, 0x60, 0x77, 0x3f, 0xef, 0x63, 0x77, 0x3f,
  0xf3, 0x66, 0x77, 0x3f, 0xf7, 0x69, 0x77, 0x3f, 0xfa, 0x6c, 0x77, 0x3f,
  0xfe, 0x6f, 0x77, 0x3f, 0x01, 0x73, 0x77, 0x3f, 0x05, 0x76, 0x77, 0x3f,
  0x08, 0x79, 0x77, 0x3f, 0x0c, 0x7c, 0x77, 0x3f, 0x0f, 0x7f, 0x77, 0x3f,
  0x13, 0x82, 0x77, 0x3f, 0x16, 0x85, 0x77, 0x3f, 0x19, 0x88, 0x77, 0x3f,
  0x1c, 0x8b, 0x77, 0x3f, 0x1f, 0x8e, 0x77, 0x3f, 0x22, 0x91, 0x77, 0x3f,
  0x25, 0x94, 0x77, 0x3f, 0x28, 0x97, 0x77, 0x3f, 0x2b, 0x9a, 0x77, 0x3f,
  0x2e, 0x9d, 0x77, 0x3f, 0x31, 0xa0, 0x77, 0x3f, 0x34, 0xa3, 0x77, 0x3f,
  0x37, 0xa6, 0x77, 0x3f, 0x39, 0xa9, 0x77, 0x3f, 0x3c, 0xac, 0x77, 0x3f,
  0x3f, 0xaf, 0x77, 0x3f, 0x41, 0xb2, 0x77, 0x3f, 0x44, 0xb5, 0x77, 0x3f,
  0x46, 0xb8, 0x77, 0x3f, 0x49, 0xbb, 0x77, 0x3f, 0x4b, 0xbe, 0x77, 0x3f,
  0x4d, 0xc1, 0x77, 0x3f, 0x4f, 0xc4, 0x77, 0x3f, 0x52, 0xc7, 0x77, 0x3f,
  0x54, 0xca, 0x77, 0x3f, 0x56, 0xcd, 0x77, 0x3f, 0x58, 0xd0, 0x77, 0x3f,
  0x5a, 0xd3, 0x77, 0x3f, 0x5c, 0xd6, 0x77, 0x3f, 0x5e, 0xd9, 0x77, 0x3f,
  0x60, 0xdc, 0x77, 0x3f, 0x62, 0xdf, 0x77, 0x3f, 0x63, 0xe2, 0x77, 0x3f,
  0x65, 0xe5, 0x77, 0x3f, 0x67, 0xe8, 0x77, 0x3f, 0x69, 0xeb, 0x77, 0x3f,
  0x6a, 0xee, 0x77, 0x3f, 0x6c, 0xf1, 0x77, 0x3f, 0x6d, 0xf4, 0x77, 0x3f,
  0x6f, 0xf7, 0x77, 0x3f, 0x70, 0xfa, 0x77, 0x3f, 0x71, 0xfd, 0x77, 0x3f,
  0x73, 0x00, 0x78, 0x3f, 0x74, 0x03, 0x78, 0x3f, 0x75, 0x06, 0x78, 0x3f,
  0x76, 0x09, 0x78, 0x3f, 0x78, 0x0c, 0x78, 0x3f, 0x78, 0x0f, 0x78, 0x3f,
  0x79, 0x12, 0x78, 0x3f, 0x7a, 0x15, 0x78, 0x3f, 0x7b, 0x18, 0x78, 0x3f,
  0x7c, 0x1b, 0x78, 0x3f, 0x7d, 0x1e, 0x78, 0x3f, 0x7e, 0x21, 0x78, 0x3f,
  0x7f, 0x24, 0x78, 0x3f, 0x7f, 0x27, 0x78, 0x3f, 0x80, 0x2a, 0x78, 0x3f,
  0x80, 0x2d, 0x78, 0x3f, 0x81, 0x30, 0x78, 0x3f, 0x81, 0x33, 0x78, 0x3f,
  0x82, 0x36, 0x78, 0x3f, 0x82, 0x39, 0x78, 0x3f, 0x83, 0x3c, 0x78, 0x3f,
  0x83, 0x3f, 0x78, 0x3f, 0x83, 0x42, 0x78, 0x3f, 0x83, 0x45, 0x78, 0x3f,
  0x83, 0x48, 0x78, 0x3f, 0x83, 0x4b, 0x78, 0x3f, 0x84, 0x4e, 0x78, 0x3f,
  0x84, 0x51, 0x78, 0x3f, 0x84, 0x54, 0x78, 0x3f, 0x84, 0x57, 0x78, 0x3f,
  0x83, 0x5a, 0x78, 0x3f, 0x83, 0x5d, 0x78, 0x3f, 0x83, 0x60, 0x78, 0x3f,
  0x82, 0x63, 0x78, 0x3f, 0x82, 0x66, 0x78, 0x3f, 0x82, 0x69, 0x78, 0x3f,
  0x81, 0x6c, 0x78, 0x3f, 0x81, 0x6f, 0x78, 0x3f, 0x81, 0x72, 0x78, 0x3f,
  0x80, 0x75, 0x78, 0x3f, 0x7f, 0x78, 0x78, 0x3f, 0x7e, 0x7b, 0x78, 0x3f,
  0x7e, 0x7e, 0x78, 0x3f, 0x7d, 0x81, 0x78, 0x3f, 0x7c, 0x84, 0x78, 0x3f,
  0x7b, 0x87, 0x78, 0x3f, 0x7b, 0x8a, 0x78, 0x3f, 0x7a, 0x8d, 0x78, 0x3f,
  0x79, 0x90, 0x78, 0x3f, 0x78, 0x93, 0x78, 0x3f, 0x76, 0x96, 0x78, 0x3f,
  0x75, 0x99, 0x78, 0x3f, 0x74, 0x9c, 0x78, 0x3f, 0x73, 0x9f, 0x78, 0x3f,
  0x72, 0xa2, 0x78, 0x3f, 0x70, 0xa5, 0x78, 0x3f, 0x6f, 0xa8, 0x78, 0x3f,
  0x6d, 0xab, 0x78, 0x3f, 0x6c, 0xae, 0x78, 0x3f, 0x6a, 0xb1, 0x78, 0x3f,
  0x69, 0xb4, 0x78, 0x3f, 0x67, 0xb7, 0x78, 0x3f, 0x65, 0xba, 0x78, 0x3f,
  0x64, 0xbd, 0x78, 0x3f, 0x62, 0xc0, 0x78, 0x3f, 0x60, 0xc3, 0x78, 0x3f,
  0x5e, 0xc6, 0x78, 0x3f, 0x5d, 0xc9, 0x78, 0x3f, 0x5a, 0xcc, 0x78, 0x3f,
  0x58, 0xcf, 0x78, 0x3f, 0x56, 0xd2, 0x78, 0x3f, 0x54, 0xd5, 0x78, 0x3f,
  0x52, 0xd8, 0x78, 0x3f, 0x50, 0xdb, 0x78, 0x3f, 0x4e, 0xde, 0x78, 0x3f,
  0x4b, 0xe1, 0x78, 0x3f, 0x49, 0xe4, 0x78, 0x3f, 0x46, 0xe7, 0x78, 0x3f,
  0x44, 0xea, 0x78, 0x3f, 0x42, 0xed, 0x78, 0x3f, 0x3f, 0xf0, 0x78, 0x3f,
  0x3d, 0xf3, 0x78, 0x3f, 0x3a, 0xf6, 0x78, 0x3f, 0x37, 0xf9, 0x78, 0x3f,
  0x35, 0xfc, 0x78, 0x3f, 0x32, 0xff, 0x78, 0x3f, 0x2f, 0x02, 0x79, 0x3f,
  0x2c, 0x05, 0x79, 0x3f, 0x29, 0x08, 0x79, 0x3f, 0x26, 0x0b, 0x79, 0x3f,
  0x23, 0x0e, 0x79, 0x3f, 0x20, 0x11, 0x79, 0x3f, 0x1d, 0x14, 0x79, 0x3f,
  0x1a, 0x17, 0x79, 0x3f, 0x17, 0x1a, 0x79, 0x3f, 0x13, 0x1d, 0x79, 0x3f,
  0x10, 0x20, 0x79, 0x3f, 0x0d, 0x23, 0x79, 0x3f, 0x09, 0x26, 0x79, 0x3f,
  0x06, 0x29, 0x79, 0x3f, 0x03, 0x2c, 0x79, 0x3f, 0xff, 0x2e, 0x79, 0x3f,
  0xfc, 0x31, 0x79, 0x3f, 0xf8, 0x34, 0x79, 0x3f, 0xf4, 0x37, 0x79, 0x3f,
  0xf0, 0x3a, 0x79, 0x3f, 0xed, 0x3d, 0x79, 0x3f, 0xe9, 0x40, 0x79, 0x3f,
  0xe5, 0x43, 0x79, 0x3f, 0xe1, 0x46, 0x79, 0x3f, 0xdd, 0x49, 0x79, 0x3f,
  0xd9, 0x4c, 0x79, 0x3f, 0xd5, 0x4f, 0x79, 0x3f, 0xd1, 0x52, 0x79, 0x3f,
  0xcd, 0x55, 0x79, 0x3f, 0xc8, 0x58, 0x79, 0x3f, 0xc4, 0x5b, 0x79, 0x3f,
  0xc0, 0x5e, 0x79, 0x3f, 0xbc, 0x61, 0x79, 0x3f, 0xb7, 0x64, 0x79, 0x3f,
  0xb3, 0x67, 0x79, 0x3f, 0xaf, 0x6a, 0x79, 0x3f, 0xaa, 0x6d, 0x79, 0x3f,
  0xa5, 0x70, 0x79, 0x3f, 0xa1, 0x73, 0x79, 0x3f, 0x9c, 0x76, 0x79, 0x3f,
  0x97, 0x79, 0x79, 0x3f, 0x93, 0x7c, 0x79, 0x3f, 0x8e, 0x7f, 0x79, 0x3f,
  0x89, 0x82, 0x79, 0x3f, 0x84, 0x85, 0x79, 0x3f, 0x7f, 0x88, 0x79, 0x3f,
  0x7a, 0x8b, 0x79, 0x3f, 0x75, 0x8e, 0x79, 0x3f, 0x70, 0x91, 0x79, 0x3f,
  0x6b, 0x94, 0x79, 0x3f, 0x66, 0x97, 0x79, 0x3f, 0x60, 0x9a, 0x79, 0x3f,
  0x5b, 0x9d, 0x79, 0x3f, 0x56, 0xa0, 0x79, 0x3f, 0x50, 0xa3, 0x79, 0x3f,
  0x4b, 0xa6, 0x79, 0x3f, 0x45, 0xa9, 0x79, 0x3f, 0x40, 0xac, 0x79, 0x3f,
  0x3a, 0xaf, 0x79, 0x3f, 0x35, 0xb2, 0x79, 0x3f, 0x2f, 0xb5, 0x79, 0x3f,
  0x2a, 0xb8, 0x79, 0x3f, 0x24, 0xbb, 0x79, 0x3f, 0x1e, 0xbe, 0x79, 0x3f,
  0x18, 0xc1, 0x79, 0x3f, 0x12, 0xc4, 0x79, 0x3f, 0x0c, 0xc7, 0x79, 0x3f,
  0x06, 0xca, 0x79, 0x3f, 0x00, 0xcd, 0x79, 0x3f, 0xfa, 0xcf, 0x79, 0x3f,
  0xf4, 0xd2, 0x79, 0x3f, 0xee, 0xd5, 0x79, 0x3f, 0xe8, 0xd8, 0x79, 0x3f,
  0xe1, 0xdb, 0x79, 0x3f, 0xdb, 0xde, 0x79, 0x3f, 0xd5, 0xe1, 0x79, 0x3f,
  0xce, 0xe4, 0x79, 0x3f, 0xc8, 0xe7, 0x79, 0x3f, 0xc1, 0xea, 0x79, 0x3f,
  0xbb, 0xed, 0x79, 0x3f, 0xb4, 0xf0, 0x79, 0x3f, 0xae, 0xf3, 0x79, 0x3f,
  0xa7, 0xf6, 0x79, 0x3f, 0xa0, 0xf9, 0x79, 0x3f, 0x99, 0xfc, 0x79, 0x3f,
  0x92, 0xff, 0x79, 0x3f, 0x8c, 0x02, 0x7a, 0x3f, 0x85, 0x05, 0x7a, 0x3f,
  0x7e, 0x08, 0x7a, 0x3f, 0x77, 0x0b, 0x7a, 0x3f, 0x70, 0x0e, 0x7a, 0x3f,
  0x68, 0x11, 0x7a, 0x3f, 0x61, 0x14, 0x7a, 0x3f, 0x5a, 0x17, 0x7a, 0x3f,
  0x53, 0x1a, 0x7a, 0x3f, 0x4c, 0x1d, 0x7a, 0x3f, 0x44, 0x20, 0x7a, 0x3f,
  0x3d, 0x23, 0x7a, 0x3f, 0x36, 0x26, 0x7a, 0x3f, 0x2e, 0x29, 0x7a, 0x3f,
  0x26, 0x2c, 0x7a, 0x3f, 0x1f, 0x2f, 0x7a, 0x3f, 0x17, 0x32, 0x7a, 0x3f,
  0x10, 0x35, 0x7a, 0x3f, 0x08, 0x38, 0x7a, 0x3f, 0x00, 0x3b, 0x7a, 0x3f,
  0xf8, 0x3d, 0x7a, 0x3f, 0xf1, 0x40, 0x7a, 0x3f, 0xe9, 0x43, 0x7a, 0x3f,
  0xe0, 0x46, 0x7a, 0x3f, 0xd8, 0x49, 0x7a, 0x3f, 0xd0, 0x4c, 0x7a, 0x3f,
  0xc8, 0x4f, 0x7a, 0x3f, 0xc0, 0x52, 0x7a, 0x3f, 0xb8, 0x55, 0x7a, 0x3f,
  0xb0, 0x58, 0x7a, 0x3f, 0xa8, 0x5b, 0x7a, 0x3f, 0x9f, 0x5e, 0x7a, 0x3f,
  0x97, 0x61, 0x7a, 0x3f, 0x8e, 0x64, 0x7a, 0x3f, 0x86, 0x67, 0x7a, 0x3f,
  0x7d, 0x6a, 0x7a, 0x3f, 0x75, 0x6d, 0x7a, 0x3f, 0x6c, 0x70, 0x7a, 0x3f,
  0x64, 0x73, 0x7a, 0x3f, 0x5b, 0x76, 0x7a, 0x3f, 0x52, 0x79, 0x7a, 0x3f,
  0x49, 0x7c, 0x7a, 0x3f, 0x40, 0x7f, 0x7a, 0x3f, 0x38, 0x82, 0x7a, 0x3f,
  0x2f, 0x85, 0x7a, 0x3f, 0x26, 0x88, 0x7a, 0x3f, 0x1d, 0x8b, 0x7a, 0x3f,
  0x14, 0x8e, 0x7a, 0x3f, 0x0b, 0x91, 0x7a, 0x3f, 0x02, 0x94, 0x7a, 0x3f,
  0xf8, 0x96, 0x7a, 0x3f, 0xef, 0x99, 0x7a, 0x3f, 0xe6, 0x9c, 0x7a, 0x3f,
  0xdc, 0x9f, 0x7a, 0x3f, 0xd3, 0xa2, 0x7a, 0x3f, 0xc9, 0xa5, 0x7a, 0x3f,
  0xc0, 0xa8, 0x7a, 0x3f, 0xb7, 0xab, 0x7a, 0x3f, 0xad, 0xae, 0x7a, 0x3f,
  0xa3, 0xb1, 0x7a, 0x3f, 0x99, 0xb4, 0x7a, 0x3f, 0x90, 0xb7, 0x7a, 0x3f,
  0x86, 0xba, 0x7a, 0x3f, 0x7c, 0xbd, 0x7a, 0x3f, 0x72, 0xc0, 0x7a, 0x3f,
  0x69, 0xc3, 0x7a, 0x3f, 0x5f, 0xc6, 0x7a, 0x3f, 0x55, 0xc9, 0x7a, 0x3f,
  0x4a, 0xcc, 0x7a, 0x3f, 0x40, 0xcf, 0x7a, 0x3f, 0x36, 0xd2, 0x7a, 0x3f,
  0x2c, 0xd5, 0x7a, 0x3f, 0x22, 0xd8, 0x7a, 0x3f, 0x18, 0xdb, 0x7a, 0x3f,
  0x0d, 0xde, 0x7a, 0x3f, 0x03, 0xe1, 0x7a, 0x3f, 0xf9, 0xe3, 0x7a, 0x3f,
  0xee, 0xe6, 0x7a, 0x3f, 0xe3, 0xe9, 0x7a, 0x3f, 0xd9, 0xec, 0x7a, 0x3f,
  0xce, 0xef, 0x7a, 0x3f, 0xc4, 0xf2, 0x7a, 0x3f, 0xb9, 0xf5, 0x7a, 0x3f,
  0xae, 0xf8, 0x7a, 0x3f, 0xa4, 0xfb, 0x7a, 0x3f, 0x99, 0xfe, 0x7a, 0x3f,
  0x8d, 0x01, 0x7b, 0x3f, 0x83, 0x04, 0x7b, 0x3f, 0x78, 0x07, 0x7b, 0x3f,
  0x6d, 0x0a, 0x7b, 0x3f, 0x62, 0x0d, 0x7b, 0x3f, 0x57, 0x10, 0x7b, 0x3f,
  0x4c, 0x13, 0x7b, 0x3f, 0x40, 0x16, 0x7b, 0x3f, 0x35, 0x19, 0x7b, 0x3f,
  0x2a, 0x1c, 0x7b, 0x3f, 0x1e, 0x1f, 0x7b, 0x3f, 0x13, 0x22, 0x7b, 0x3f,
  0x08, 0x25, 0x7b, 0x3f, 0xfc, 0x27, 0x7b, 0x3f, 0xf1, 0x2a, 0x7b, 0x3f,
  0xe5, 0x2d, 0x7b, 0x3f, 0xda, 0x30, 0x7b, 0x3f, 0xce, 0x33, 0x7b, 0x3f,
  0xc2, 0x36, 0x7b, 0x3f, 0xb6, 0x39, 0x7b, 0x3f, 0xaa, 0x3c, 0x7b, 0x3f,
  0x9f, 0x3f, 0x7b, 0x3f, 0x93, 0x42, 0x7b, 0x3f, 0x87, 0x45, 0x7b, 0x3f,
  0x7b, 0x48, 0x7b, 0x3f, 0x6f, 0x4b, 0x7b, 0x3f, 0x63, 0x4e, 0x7b, 0x3f,
  0x56, 0x51, 0x7b, 0x3f, 0x4a, 0x54, 0x7b, 0x3f, 0x3e, 0x57, 0x7b, 0x3f,
  0x32, 0x5a, 0x7b, 0x3f, 0x26, 0x5d, 0x7b, 0x3f, 0x19, 0x60, 0x7b, 0x3f,
  0x0d, 0x63, 0x7b, 0x3f, 0x01, 0x66, 0x7b, 0x3f, 0xf4, 0x68, 0x7b, 0x3f,
  0xe7, 0x6b, 0x7b, 0x3f, 0xdb, 0x6e, 0x7b, 0x3f, 0xce, 0x71, 0x7b, 0x3f,
  0xc1, 0x74, 0x7b, 0x3f, 0xb5, 0x77, 0x7b, 0x3f, 0xa8, 0x7a, 0x7b, 0x3f,
  0x9b, 0x7d, 0x7b, 0x3f, 0x8e, 0x80, 0x7b, 0x3f, 0x82, 0x83, 0x7b, 0x3f,
  0x74, 0x86, 0x7b, 0x3f, 0x67, 0x89, 0x7b, 0x3f, 0x5a, 0x8c, 0x7b, 0x3f,
  0x4d, 0x8f, 0x7b, 0x3f, 0x40, 0x92, 0x7b, 0x3f, 0x33, 0x95, 0x7b, 0x3f,
  0x26, 0x98, 0x7b, 0x3f, 0x19, 0x9b, 0x7b, 0x3f, 0x0b, 0x9e, 0x7b, 0x3f,
  0xfe, 0xa0, 0x7b, 0x3f, 0xf0, 0xa3, 0x7b, 0x3f, 0xe3, 0xa6, 0x7b, 0x3f,
  0xd5, 0xa9, 0x7b, 0x3f, 0xc8, 0xac, 0x7b, 0x3f, 0xba, 0xaf, 0x7b, 0x3f,
  0xad, 0xb2, 0x7b, 0x3f, 0x9f, 0xb5, 0x7b, 0x3f, 0x92, 0xb8, 0x7b, 0x3f,
  0x83, 0xbb, 0x7b, 0x3f, 0x76, 0xbe, 0x7b, 0x3f, 0x68, 0xc1, 0x7b, 0x3f,
  0x5a, 0xc4, 0x7b, 0x3f, 0x4c, 0xc7, 0x7b, 0x3f, 0x3e, 0xca, 0x7b, 0x3f,
  0x30, 0xcd, 0x7b, 0x3f, 0x22, 0xd0, 0x7b, 0x3f, 0x14, 0xd3, 0x7b, 0x3f,
  0x05, 0xd6, 0x7b, 0x3f, 0xf7, 0xd8, 0x7b, 0x3f, 0xe9, 0xdb, 0x7b, 0x3f,
  0xdb, 0xde, 0x7b, 0x3f, 0xcc, 0xe1, 0x7b, 0x3f, 0xbe, 0xe4, 0x7b, 0x3f,
  0xb0, 0xe7, 0x7b, 0x3f, 0xa1, 0xea, 0x7b, 0x3f, 0x93, 0xed, 0x7b, 0x3f,
  0x84, 0xf0, 0x7b, 0x3f, 0x75, 0xf3, 0x7b, 0x3f, 0x66, 0xf6, 0x7b, 0x3f,
  0x58, 0xf9, 0x7b, 0x3f, 0x49, 0xfc, 0x7b, 0x3f, 0x3a, 0xff, 0x7b, 0x3f,
  0x2b, 0x02, 0x7c, 0x3f, 0x1c, 0x05, 0x7c, 0x3f, 0x0e, 0x08, 0x7c, 0x3f,
  0xfe, 0x0a, 0x7c, 0x3f, 0xef, 0x0d, 0x7c, 0x3f, 0xe0, 0x10, 0x7c, 0x3f,
  0xd1, 0x13, 0x7c, 0x3f, 0xc2, 0x16, 0x7c, 0x3f, 0xb3, 0x19, 0x7c, 0x3f,
  0xa3, 0x1c, 0x7c, 0x3f, 0x94, 0x1f, 0x7c, 0x3f, 0x85, 0x22, 0x7c, 0x3f,
  0x75, 0x25, 0x7c, 0x3f, 0x66, 0x28, 0x7c, 0x3f, 0x56, 0x2b, 0x7c, 0x3f,
  0x47, 0x2e, 0x7c, 0x3f, 0x37, 0x31, 0x7c, 0x3f, 0x28, 0x34, 0x7c, 0x3f,
  0x18, 0x37, 0x7c, 0x3f, 0x08, 0x3a, 0x7c, 0x3f, 0xf9, 0x3c, 0x7c, 0x3f,
  0xe9, 0x3f, 0x7c, 0x3f, 0xd8, 0x42, 0x7c, 0x3f, 0xc9, 0x45, 0x7c, 0x3f,
  0xb9, 0x48, 0x7c, 0x3f, 0xa9, 0x4b, 0x7c, 0x3f, 0x99, 0x4e, 0x7c, 0x3f,
  0x89, 0x51, 0x7c, 0x3f, 0x79, 0x54, 0x7c, 0x3f, 0x68, 0x57, 0x7c, 0x3f,
  0x58, 0x5a, 0x7c, 0x3f, 0x48, 0x5d, 0x7c, 0x3f, 0x37, 0x60, 0x7c, 0x3f,
  0x27, 0x63, 0x7c, 0x3f, 0x17, 0x66, 0x7c, 0x3f, 0x06, 0x69, 0x7c, 0x3f,
  0xf6, 0x6b, 0x7c, 0x3f, 0xe5, 0x6e, 0x7c, 0x3f, 0xd5, 0x71, 0x7c, 0x3f,
  0xc4, 0x74, 0x7c, 0x3f, 0xb3, 0x77, 0x7c, 0x3f, 0xa2, 0x7a, 0x7c, 0x3f,
  0x92, 0x7d, 0x7c, 0x3f, 0x81, 0x80, 0x7c, 0x3f, 0x70, 0x83, 0x7c, 0x3f,
  0x5f, 0x86, 0x7c, 0x3f, 0x4e, 0x89, 0x7c, 0x3f, 0x3d, 0x8c, 0x7c, 0x3f,
  0x2c, 0x8f, 0x7c, 0x3f, 0x1b, 0x92, 0x7c, 0x3f, 0x0a, 0x95, 0x7c, 0x3f,
  0xf9, 0x97, 0x7c, 0x3f, 0xe7, 0x9a, 0x7c, 0x3f, 0xd6, 0x9d, 0x7c, 0x3f,
  0xc5, 0xa0, 0x7c, 0x3f, 0xb4, 0xa3, 0x7c, 0x3f, 0xa2, 0xa6, 0x7c, 0x3f,
  0x91, 0xa9, 0x7c, 0x3f, 0x7f, 0xac, 0x7c, 0x3f, 0x6e, 0xaf, 0x7c, 0x3f,
  0x5c, 0xb2, 0x7c, 0x3f, 0x4a, 0xb5, 0x7c, 0x3f, 0x39, 0xb8, 0x7c, 0x3f,
  0x27, 0xbb, 0x7c, 0x3f, 0x15, 0xbe, 0x7c, 0x3f, 0x04, 0xc1, 0x7c, 0x3f,
  0xf2, 0xc3, 0x7c, 0x3f, 0xe0, 0xc6, 0x7c, 0x3f, 0xce, 0xc9, 0x7c, 0x3f,
  0xbc, 0xcc, 0x7c, 0x3f, 0xaa, 0xcf, 0x7c, 0x3f, 0x98, 0xd2, 0x7c, 0x3f,
  0x86, 0xd5, 0x7c, 0x3f, 0x73, 0xd8, 0x7c, 0x3f, 0x61, 0xdb, 0x7c, 0x3f,
  0x4f, 0xde, 0x7c, 0x3f, 0x3c, 0xe1, 0x7c, 0x3f, 0x2a, 0xe4, 0x7c, 0x3f,
  0x18, 0xe7, 0x7c, 0x3f, 0x05, 0xea, 0x7c, 0x3f, 0xf3, 0xec, 0x7c, 0x3f,
  0xe0, 0xef, 0x7c, 0x3f, 0xce, 0xf2, 0x7c, 0x3f, 0xbb, 0xf5, 0x7c, 0x3f,
  0xa9, 0xf8, 0x7c, 0x3f, 0x96, 0xfb, 0x7c, 0x3f, 0x83, 0xfe, 0x7c, 0x3f,
  0x70, 0x01, 0x7d, 0x3f, 0x5d, 0x04, 0x7d, 0x3f, 0x4a, 0x07, 0x7d, 0x3f,
  0x38, 0x0a, 0x7d, 0x3f, 0x25, 0x0d, 0x7d, 0x3f, 0x12, 0x10, 0x7d, 0x3f,
  0xff, 0x12, 0x7d, 0x3f, 0xeb, 0x15, 0x7d, 0x3f, 0xd8, 0x18, 0x7d, 0x3f,
  0xc5, 0x1b, 0x7d, 0x3f, 0xb2, 0x1e, 0x7d, 0x3f, 0x9e, 0x21, 0x7d, 0x3f,
  0x8b, 0x24, 0x7d, 0x3f, 0x78, 0x27, 0x7d, 0x3f, 0x64, 0x2a, 0x7d, 0x3f,
  0x51, 0x2d, 0x7d, 0x3f, 0x3d, 0x30, 0x7d, 0x3f, 0x2a, 0x33, 0x7d, 0x3f,
  0x16, 0x36, 0x7d, 0x3f, 0x02, 0x39, 0x7d, 0x3f, 0xef, 0x3b, 0x7d, 0x3f,
  0xdb, 0x3e, 0x7d, 0x3f, 0xc7, 0x41, 0x7d, 0x3f, 0xb4, 0x44, 0x7d, 0x3f,
  0xa0, 0x47, 0x7d, 0x3f, 0x8b, 0x4a, 0x7d, 0x3f, 0x77, 0x4d, 0x7d, 0x3f,
  0x63, 0x50, 0x7d, 0x3f, 0x4f, 0x53, 0x7d, 0x3f, 0x3b, 0x56, 0x7d, 0x3f,
  0x27, 0x59, 0x7d, 0x3f, 0x13, 0x5c, 0x7d, 0x3f, 0xff, 0x5e, 0x7d, 0x3f,
  0xeb, 0x61, 0x7d, 0x3f, 0xd6, 0x64, 0x7d, 0x3f, 0xc2, 0x67, 0x7d, 0x3f,
  0xad, 0x6a, 0x7d, 0x3f, 0x99, 0x6d, 0x7d, 0x3f, 0x84, 0x70, 0x7d, 0x3f,
  0x70, 0x73, 0x7d, 0x3f, 0x5b, 0x76, 0x7d, 0x3f, 0x47, 0x79, 0x7d, 0x3f,
  0x32, 0x7c, 0x7d, 0x3f, 0x1d, 0x7f, 0x7d, 0x3f, 0x08, 0x82, 0x7d, 0x3f,
  0xf4, 0x84, 0x7d, 0x3f, 0xdf, 0x87, 0x7d, 0x3f, 0xca, 0x8a, 0x7d, 0x3f,
  0xb5, 0x8d, 0x7d, 0x3f, 0xa0, 0x90, 0x7d, 0x3f, 0x8b, 0x93, 0x7d, 0x3f,
  0x76, 0x96, 0x7d, 0x3f, 0x61, 0x99, 0x7d, 0x3f, 0x4b, 0x9c, 0x7d, 0x3f,
  0x36, 0x9f, 0x7d, 0x3f, 0x21, 0xa2, 0x7d, 0x3f, 0x0c, 0xa5, 0x7d, 0x3f,
  0xf7, 0xa7, 0x7d, 0x3f, 0xe1, 0xaa, 0x7d, 0x3f, 0xcc, 0xad, 0x7d, 0x3f,
  0xb6, 0xb0, 0x7d, 0x3f, 0xa0, 0xb3, 0x7d, 0x3f, 0x8b, 0xb6, 0x7d, 0x3f,
  0x75, 0xb9, 0x7d, 0x3f, 0x60, 0xbc, 0x7d, 0x3f, 0x4a, 0xbf, 0x7d, 0x3f,
  0x34, 0xc2, 0x7d, 0x3f, 0x1f, 0xc5, 0x7d, 0x3f, 0x09, 0xc8, 0x7d, 0x3f,
  0xf3, 0xca, 0x7d, 0x3f, 0xdd, 0xcd, 0x7d, 0x3f, 0xc7, 0xd0, 0x7d, 0x3f,
  0xb1, 0xd3, 0x7d, 0x3f, 0x9b, 0xd6, 0x7d, 0x3f, 0x85, 0xd9, 0x7d, 0x3f,
  0x6f, 0xdc, 0x7d, 0x3f, 0x58, 0xdf, 0x7d, 0x3f, 0x42, 0xe2, 0x7d, 0x3f,
  0x2c, 0xe5, 0x7d, 0x3f, 0x15, 0xe8, 0x7d, 0x3f, 0xff, 0xea, 0x7d, 0x3f,
  0xe9, 0xed, 0x7d, 0x3f, 0xd2, 0xf0, 0x7d, 0x3f, 0xbc, 0xf3, 0x7d, 0x3f,
  0xa5, 0xf6, 0x7d, 0x3f, 0x8f, 0xf9, 0x7d, 0x3f, 0x78, 0xfc, 0x7d, 0x3f,
  0x62, 0xff, 0x7d, 0x3f, 0x4a, 0x02, 0x7e, 0x3f, 0x34, 0x05, 0x7e, 0x3f,
  0x1d, 0x08, 0x7e, 0x3f, 0x06, 0x0b, 0x7e, 0x3f, 0xef, 0x0d, 0x7e, 0x3f,
  0xd8, 0x10, 0x7e, 0x3f, 0xc1, 0x13, 0x7e, 0x3f, 0xaa, 0x16, 0x7e, 0x3f,
  0x93, 0x19, 0x7e, 0x3f, 0x7c, 0x1c, 0x7e, 0x3f, 0x65, 0x1f, 0x7e, 0x3f,
  0x4e, 0x22, 0x7e, 0x3f, 0x36, 0x25, 0x7e, 0x3f, 0x1f, 0x28, 0x7e, 0x3f,
  0x08, 0x2b, 0x7e, 0x3f, 0xf0, 0x2d, 0x7e, 0x3f, 0xd9, 0x30, 0x7e, 0x3f,
  0xc2, 0x33, 0x7e, 0x3f, 0xaa, 0x36, 0x7e, 0x3f, 0x92, 0x39, 0x7e, 0x3f,
  0x7b, 0x3c, 0x7e, 0x3f, 0x63, 0x3f, 0x7e, 0x3f, 0x4b, 0x42, 0x7e, 0x3f,
  0x34, 0x45, 0x7e, 0x3f, 0x1c, 0x48, 0x7e, 0x3f, 0x04, 0x4b, 0x7e, 0x3f,
  0xec, 0x4d, 0x7e, 0x3f, 0xd4, 0x50, 0x7e, 0x3f, 0xbc, 0x53, 0x7e, 0x3f,
  0xa4, 0x56, 0x7e, 0x3f, 0x8c, 0x59, 0x7e, 0x3f, 0x74, 0x5c, 0x7e, 0x3f,
  0x5c, 0x5f, 0x7e, 0x3f, 0x44, 0x62, 0x7e, 0x3f, 0x2c, 0x65, 0x7e, 0x3f,
  0x14, 0x68, 0x7e, 0x3f, 0xfb, 0x6a, 0x7e, 0x3f, 0xe3, 0x6d, 0x7e, 0x3f,
  0xca, 0x70, 0x7e, 0x3f, 0xb2, 0x73, 0x7e, 0x3f, 0x99, 0x76, 0x7e, 0x3f,
  0x81, 0x79, 0x7e, 0x3f, 0x68, 0x7c, 0x7e, 0x3f, 0x50, 0x7f, 0x7e, 0x3f,
  0x37, 0x82, 0x7e, 0x3f, 0x1e, 0x85, 0x7e, 0x3f, 0x05, 0x88, 0x7e, 0x3f,
  0xed, 0x8a, 0x7e, 0x3f, 0xd4, 0x8d, 0x7e, 0x3f, 0xbb, 0x90, 0x7e, 0x3f,
  0xa2, 0x93, 0x7e, 0x3f, 0x89, 0x96, 0x7e, 0x3f, 0x70, 0x99, 0x7e, 0x3f,
  0x57, 0x9c, 0x7e, 0x3f, 0x3e, 0x9f, 0x7e, 0x3f, 0x25, 0xa2, 0x7e, 0x3f,
  0x0b, 0xa5, 0x7e, 0x3f, 0xf2, 0xa7, 0x7e, 0x3f, 0xd9, 0xaa, 0x7e, 0x3f,
  0xc0, 0xad, 0x7e, 0x3f, 0xa6, 0xb0, 0x7e, 0x3f, 0x8d, 0xb3, 0x7e, 0x3f,
  0x74, 0xb6, 0x7e, 0x3f, 0x5a, 0xb9, 0x7e, 0x3f, 0x40, 0xbc, 0x7e, 0x3f,
  0x27, 0xbf, 0x7e, 0x3f, 0x0d, 0xc2, 0x7e, 0x3f, 0xf4, 0xc4, 0x7e, 0x3f,
  0xda, 0xc7, 0x7e, 0x3f, 0xc0, 0xca, 0x7e, 0x3f, 0xa6, 0xcd, 0x7e, 0x3f,
  0x8d, 0xd0, 0x7e, 0x3f, 0x73, 0xd3, 0x7e, 0x3f, 0x58, 0xd6, 0x7e, 0x3f,
  0x3e, 0xd9, 0x7e, 0x3f, 0x24, 0xdc, 0x7e, 0x3f, 0x0a, 0xdf, 0x7e, 0x3f,
  0xf0, 0xe1, 0x7e, 0x3f, 0xd6, 0xe4, 0x7e, 0x3f, 0xbc, 0xe7, 0x7e, 0x3f,
  0xa2, 0xea, 0x7e, 0x3f, 0x88, 0xed, 0x7e, 0x3f, 0x6d, 0xf0, 0x7e, 0x3f,
  0x53, 0xf3, 0x7e, 0x3f, 0x38, 0xf6, 0x7e, 0x3f, 0x1e, 0xf9, 0x7e, 0x3f,
  0x03, 0xfc, 0x7e, 0x3f, 0xe9, 0xfe, 0x7e, 0x3f, 0xce, 0x01, 0x7f, 0x3f,
  0xb4, 0x04, 0x7f, 0x3f, 0x99, 0x07, 0x7f, 0x3f, 0x7e, 0x0a, 0x7f, 0x3f,
  0x63, 0x0d, 0x7f, 0x3f, 0x49, 0x10, 0x7f, 0x3f, 0x2e, 0x13, 0x7f, 0x3f,
  0x13, 0x16, 0x7f, 0x3f, 0xf8, 0x18, 0x7f, 0x3f, 0xdd, 0x1b, 0x7f, 0x3f,
  0xc2, 0x1e, 0x7f, 0x3f, 0xa7, 0x21, 0x7f, 0x3f, 0x8c, 0x24, 0x7f, 0x3f,
  0x70, 0x27, 0x7f, 0x3f, 0x55, 0x2a, 0x7f, 0x3f, 0x3a, 0x2d, 0x7f, 0x3f,
  0x1f, 0x30, 0x7f, 0x3f, 0x04, 0x33, 0x7f, 0x3f, 0xe8, 0x35, 0x7f, 0x3f,
  0xcd, 0x38, 0x7f, 0x3f, 0xb1, 0x3b, 0x7f, 0x3f, 0x96, 0x3e, 0x7f, 0x3f,
  0x7a, 0x41, 0x7f, 0x3f, 0x5f, 0x44, 0x7f, 0x3f, 0x43, 0x47, 0x7f, 0x3f,
  0x27, 0x4a, 0x7f, 0x3f, 0x0c, 0x4d, 0x7f, 0x3f, 0xf0, 0x4f, 0x7f, 0x3f,
  0xd4, 0x52, 0x7f, 0x3f, 0xb8, 0x55, 0x7f, 0x3f, 0x9c, 0x58, 0x7f, 0x3f,
  0x80, 0x5b, 0x7f, 0x3f, 0x64, 0x5e, 0x7f, 0x3f, 0x48, 0x61, 0x7f, 0x3f,
  0x2c, 0x64, 0x7f, 0x3f, 0x10, 0x67, 0x7f, 0x3f, 0xf4, 0x69, 0x7f, 0x3f,
  0xd8, 0x6c, 0x7f, 0x3f, 0xbc, 0x6f, 0x7f, 0x3f, 0x9f, 0x72, 0x7f, 0x3f,
  0x83, 0x75, 0x7f, 0x3f, 0x66, 0x78, 0x7f, 0x3f, 0x4a, 0x7b, 0x7f, 0x3f,
  0x2e, 0x7e, 0x7f, 0x3f, 0x11, 0x81, 0x7f, 0x3f, 0xf5, 0x83, 0x7f, 0x3f,
  0xd8, 0x86, 0x7f, 0x3f, 0xbb, 0x89, 0x7f, 0x3f, 0x9e, 0x8c, 0x7f, 0x3f,
  0x82, 0x8f, 0x7f, 0x3f, 0x65, 0x92, 0x7f, 0x3f, 0x48, 0x95, 0x7f, 0x3f,
  0x2b, 0x98, 0x7f, 0x3f, 0x0f, 0x9b, 0x7f, 0x3f, 0xf2, 0x9d, 0x7f, 0x3f,
  0xd5, 0xa0, 0x7f, 0x3f, 0xb8, 0xa3, 0x7f, 0x3f, 0x9a, 0xa6, 0x7f, 0x3f,
  0x7d, 0xa9, 0x7f, 0x3f, 0x60, 0xac, 0x7f, 0x3f, 0x43, 0xaf, 0x7f, 0x3f,
  0x26, 0xb2, 0x7f, 0x3f, 0x09, 0xb5, 0x7f, 0x3f, 0xeb, 0xb7, 0x7f, 0x3f,
  0xce, 0xba, 0x7f, 0x3f, 0xb1, 0xbd, 0x7f, 0x3f, 0x93, 0xc0, 0x7f, 0x3f,
  0x75, 0xc3, 0x7f, 0x3f, 0x58, 0xc6, 0x7f, 0x3f, 0x3a, 0xc9, 0x7f, 0x3f,
  0x1d, 0xcc, 0x7f, 0x3f, 0xff, 0xce, 0x7f, 0x3f, 0xe1, 0xd1, 0x7f, 0x3f,
  0xc4, 0xd4, 0x7f, 0x3f, 0xa6, 0xd7, 0x7f, 0x3f, 0x88, 0xda, 0x7f, 0x3f,
  0x6a, 0xdd, 0x7f, 0x3f, 0x4c, 0xe0, 0x7f, 0x3f, 0x2e, 0xe3, 0x7f, 0x3f,
  0x10, 0xe6, 0x7f, 0x3f, 0xf2, 0xe8, 0x7f, 0x3f, 0xd4, 0xeb, 0x7f, 0x3f,
  0xb6, 0xee, 0x7f, 0x3f, 0x98, 0xf1, 0x7f, 0x3f, 0x79, 0xf4, 0x7f, 0x3f,
  0x5b, 0xf7, 0x7f, 0x3f, 0x3d, 0xfa, 0x7f, 0x3f, 0x1e, 0xfd, 0x7f, 0x3f,
  0x00, 0x00, 0x80, 0x3f
};
static const unsigned int _tmp_smoother2_inverse_lut_10000_bin_len = 40000;
